{"type":"FeatureCollection","source":"Wikidata (CC0), https://www.wikidata.org","fetched":"2026-09-24","minPopulation":15000,"features":[
{"type":"Feature","properties":{"NAME":"Berlin","NAME_DE":"Berlin","NAME_EN":"Berlin","NAME_IT":"Berlino","POP_MAX":3913644,"POP_YEAR":"2025","POP1950":null,"ADM0CAP":1,"ADM0NAME":"Germany","ADM1NAME":"Berlin","WIKIDATA":"Q64"},"geometry":{"type":"Point","coordinates":[13.38333,52.51667]}},
{"type":"Feature","properties":{"NAME":"Hamburg","NAME_DE":"Hamburg","NAME_EN":"Hamburg","NAME_IT":"Amburgo","POP_MAX":1869473,"POP_YEAR":"2025","POP1950":null,"ADM0CAP":0,"ADM0NAME":"Germany","ADM1NAME":"Hamburg","WIKIDATA":"Q1055"},"geometry":{"type":"Point","coordinates":[10,53.55]}},
{"type":"Feature","properties":{"NAME":"München","NAME_DE":"München","NAME_EN":"Munich","NAME_IT":"Monaco di Baviera","POP_MAX":1505036,"POP_YEAR":"2025","POP1950":null,"ADM0CAP":0,"ADM0NAME":"Germany","ADM1NAME":"Bayern","WIKIDATA":"Q1726"},"geometry":{"type":"Point","coordinates":[11.575,48.1375]}},
{"type":"Feature","properties":{"NAME":"Köln","NAME_DE":"Köln","NAME_EN":"Cologne","NAME_IT":"Colonia","POP_MAX":1025523,"POP_YEAR":"2025","POP1950":null,"ADM0CAP":0,"ADM0NAME":"Germany","ADM1NAME":"Nordrhein-Westfalen","WIKIDATA":"Q365"},"geometry":{"type":"Point","coordinates":[6.95778,50.94222]}},
{"type":"Feature","properties":{"NAME":"Frankfurt am Main","NAME_DE":"Frankfurt am Main","NAME_EN":"Frankfurt","NAME_IT":"Francoforte sul Meno","POP_MAX":760656,"POP_YEAR":"2025","POP1950":null,"ADM0CAP":0,"ADM0NAME":"Germany","ADM1NAME":"Hessen","WIKIDATA":"Q1794"},"geometry":{"type":"Point","coordinates":[8.68222,50.11056]}},
{"type":"Feature","properties":{"NAME":"Leipzig","NAME_DE":"Leipzig","NAME_EN":"Leipzig","NAME_IT":"Lipsia","POP_MAX":633592,"POP_YEAR":"2025","POP1950":null,"ADM0CAP":0,"ADM0NAME":"Germany","ADM1NAME":"Sachsen","WIKIDATA":"Q2079"},"geometry":{"type":"Point","coordinates":[12.37473,51.34063]}},
{"type":"Feature","properties":{"NAME":"Düsseldorf","NAME_DE":"Düsseldorf","NAME_EN":"Düsseldorf","NAME_IT":"Düsseldorf","POP_MAX":619444,"POP_YEAR":"2025","POP1950":null,"ADM0CAP":0,"ADM0NAME":"Germany","ADM1NAME":"Nordrhein-Westfalen","WIKIDATA":"Q1718"},"geometry":{"type":"Point","coordinates":[6.77667,51.22556]}},
{"type":"Feature","properties":{"NAME":"Stuttgart","NAME_DE":"Stuttgart","NAME_EN":"Stuttgart","NAME_IT":"Stoccarda","POP_MAX":609365,"POP_YEAR":"2025","POP1950":null,"ADM0CAP":0,"ADM0NAME":"Germany","ADM1NAME":"Baden-Württemberg","WIKIDATA":"Q1022"},"geometry":{"type":"Point","coordinates":[9.18,48.7775]}},
{"type":"Feature","properties":{"NAME":"Dortmund","NAME_DE":"Dortmund","NAME_EN":"Dortmund","NAME_IT":"Dortmund","POP_MAX":600880,"POP_YEAR":"2025","POP1950":null,"ADM0CAP":0,"ADM0NAME":"Germany","ADM1NAME":"Nordrhein-Westfalen","WIKIDATA":"Q1295"},"geometry":{"type":"Point","coordinates":[7.46528,51.51389]}},
{"type":"Feature","properties":{"NAME":"Bremen","NAME_DE":"Bremen","NAME_EN":"Bremen","NAME_IT":"Brema","POP_MAX":588413,"POP_YEAR":"2025","POP1950":null,"ADM0CAP":0,"ADM0NAME":"Germany","ADM1NAME":"Bremen","WIKIDATA":"Q24879"},"geometry":{"type":"Point","coordinates":[8.80722,53.07583]}},
{"type":"Feature","properties":{"NAME":"Essen","NAME_DE":"Essen","NAME_EN":"Essen","NAME_IT":"Essen","POP_MAX":573618,"POP_YEAR":"2025","POP1950":null,"ADM0CAP":0,"ADM0NAME":"Germany","ADM1NAME":"Nordrhein-Westfalen","WIKIDATA":"Q2066"},"geometry":{"type":"Point","coordinates":[7.01306,51.45083]}},
{"type":"Feature","properties":{"NAME":"Dresden","NAME_DE":"Dresden","NAME_EN":"Dresden","NAME_IT":"Dresda","POP_MAX":562764,"POP_YEAR":"2025","POP1950":null,"ADM0CAP":0,"ADM0NAME":"Germany","ADM1NAME":"Sachsen","WIKIDATA":"Q1731"},"geometry":{"type":"Point","coordinates":[13.73814,51.04933]}},
{"type":"Feature","properties":{"NAME":"Nürnberg","NAME_DE":"Nürnberg","NAME_EN":"Nuremberg","NAME_IT":"Norimberga","POP_MAX":531159,"POP_YEAR":"2025","POP1950":null,"ADM0CAP":0,"ADM0NAME":"Germany","ADM1NAME":"Bayern","WIKIDATA":"Q2090"},"geometry":{"type":"Point","coordinates":[11.0775,49.45389]}},
{"type":"Feature","properties":{"NAME":"Hannover","NAME_DE":"Hannover","NAME_EN":"Hanover","NAME_IT":"Hannover","POP_MAX":522803,"POP_YEAR":"2025","POP1950":null,"ADM0CAP":0,"ADM0NAME":"Germany","ADM1NAME":"Niedersachsen","WIKIDATA":"Q1715"},"geometry":{"type":"Point","coordinates":[9.73861,52.37444]}},
{"type":"Feature","properties":{"NAME":"Duisburg","NAME_DE":"Duisburg","NAME_EN":"Duisburg","NAME_IT":"Duisburg","POP_MAX":500810,"POP_YEAR":"2025","POP1950":null,"ADM0CAP":0,"ADM0NAME":"Germany","ADM1NAME":"Nordrhein-Westfalen","WIKIDATA":"Q2100"},"geometry":{"type":"Point","coordinates":[6.76111,51.43222]}},
{"type":"Feature","properties":{"NAME":"Bochum","NAME_DE":"Bochum","NAME_EN":"Bochum","NAME_IT":"Bochum","POP_MAX":358880,"POP_YEAR":"2025","POP1950":null,"ADM0CAP":0,"ADM0NAME":"Germany","ADM1NAME":"Nordrhein-Westfalen","WIKIDATA":"Q2103"},"geometry":{"type":"Point","coordinates":[7.21667,51.48333]}},
{"type":"Feature","properties":{"NAME":"Wuppertal","NAME_DE":"Wuppertal","NAME_EN":"Wuppertal","NAME_IT":"Wuppertal","POP_MAX":357243,"POP_YEAR":"2025","POP1950":null,"ADM0CAP":0,"ADM0NAME":"Germany","ADM1NAME":"Nordrhein-Westfalen","WIKIDATA":"Q2107"},"geometry":{"type":"Point","coordinates":[7.18333,51.26667]}},
{"type":"Feature","properties":{"NAME":"Bielefeld","NAME_DE":"Bielefeld","NAME_EN":"Bielefeld","NAME_IT":"Bielefeld","POP_MAX":331419,"POP_YEAR":"2025","POP1950":null,"ADM0CAP":0,"ADM0NAME":"Germany","ADM1NAME":"Nordrhein-Westfalen","WIKIDATA":"Q2112"},"geometry":{"type":"Point","coordinates":[8.53333,52.01667]}},
{"type":"Feature","properties":{"NAME":"Bonn","NAME_DE":"Bonn","NAME_EN":"Bonn","NAME_IT":"Bonn","POP_MAX":323587,"POP_YEAR":"2025","POP1950":null,"ADM0CAP":0,"ADM0NAME":"Germany","ADM1NAME":"Nordrhein-Westfalen","WIKIDATA":"Q586"},"geometry":{"type":"Point","coordinates":[7.10222,50.73528]}},
{"type":"Feature","properties":{"NAME":"Mannheim","NAME_DE":"Mannheim","NAME_EN":"Mannheim","NAME_IT":"Mannheim","POP_MAX":319536,"POP_YEAR":"2025","POP1950":null,"ADM0CAP":0,"ADM0NAME":"Germany","ADM1NAME":"Baden-Württemberg","WIKIDATA":"Q2119"},"geometry":{"type":"Point","coordinates":[8.46611,49.48778]}},
{"type":"Feature","properties":{"NAME":"Karlsruhe","NAME_DE":"Karlsruhe","NAME_EN":"Karlsruhe","NAME_IT":"Karlsruhe","POP_MAX":309247,"POP_YEAR":"2025","POP1950":null,"ADM0CAP":0,"ADM0NAME":"Germany","ADM1NAME":"Baden-Württemberg","WIKIDATA":"Q1040"},"geometry":{"type":"Point","coordinates":[8.4,49.01667]}},
{"type":"Feature","properties":{"NAME":"Münster","NAME_DE":"Münster","NAME_EN":"Münster","NAME_IT":"Münster","POP_MAX":306368,"POP_YEAR":"2025","POP1950":null,"ADM0CAP":0,"ADM0NAME":"Germany","ADM1NAME":"Nordrhein-Westfalen","WIKIDATA":"Q2742"},"geometry":{"type":"Point","coordinates":[7.62556,51.9625]}},
{"type":"Feature","properties":{"NAME":"Augsburg","NAME_DE":"Augsburg","NAME_EN":"Augsburg","NAME_IT":"Augusta","POP_MAX":301786,"POP_YEAR":"2025","POP1950":null,"ADM0CAP":0,"ADM0NAME":"Germany","ADM1NAME":"Bayern","WIKIDATA":"Q2749"},"geometry":{"type":"Point","coordinates":[10.89778,48.36889]}},
{"type":"Feature","properties":{"NAME":"Wiesbaden","NAME_DE":"Wiesbaden","NAME_EN":"Wiesbaden","NAME_IT":"Wiesbaden","POP_MAX":288584,"POP_YEAR":"2025","POP1950":null,"ADM0CAP":0,"ADM0NAME":"Germany","ADM1NAME":"Hessen","WIKIDATA":"Q1721"},"geometry":{"type":"Point","coordinates":[8.24,50.0825]}},
{"type":"Feature","properties":{"NAME":"Mönchengladbach","NAME_DE":"Mönchengladbach","NAME_EN":"Mönchengladbach","NAME_IT":"Mönchengladbach","POP_MAX":267176,"POP_YEAR":"2025","POP1950":null,"ADM0CAP":0,"ADM0NAME":"Germany","ADM1NAME":"Nordrhein-Westfalen","WIKIDATA":"Q2758"},"geometry":{"type":"Point","coordinates":[6.43333,51.2]}},
{"type":"Feature","properties":{"NAME":"Gelsenkirchen","NAME_DE":"Gelsenkirchen","NAME_EN":"Gelsenkirchen","NAME_IT":"Gelsenkirchen","POP_MAX":266199,"POP_YEAR":"2025","POP1950":null,"ADM0CAP":0,"ADM0NAME":"Germany","ADM1NAME":"Nordrhein-Westfalen","WIKIDATA":"Q2765"},"geometry":{"type":"Point","coordinates":[7.09417,51.51028]}},
{"type":"Feature","properties":{"NAME":"Aachen","NAME_DE":"Aachen","NAME_EN":"Aachen","NAME_IT":"Aquisgrana","POP_MAX":263703,"POP_YEAR":"2025","POP1950":null,"ADM0CAP":0,"ADM0NAME":"Germany","ADM1NAME":"Nordrhein-Westfalen","WIKIDATA":"Q1017"},"geometry":{"type":"Point","coordinates":[6.08379,50.77621]}},
{"type":"Feature","properties":{"NAME":"Braunschweig","NAME_DE":"Braunschweig","NAME_EN":"Brunswick","NAME_IT":"Braunschweig","POP_MAX":252811,"POP_YEAR":"2025","POP1950":null,"ADM0CAP":0,"ADM0NAME":"Germany","ADM1NAME":"Niedersachsen","WIKIDATA":"Q2773"},"geometry":{"type":"Point","coordinates":[10.52111,52.26917]}},
{"type":"Feature","properties":{"NAME":"Kiel","NAME_DE":"Kiel","NAME_EN":"Kiel","NAME_IT":"Kiel","POP_MAX":251842,"POP_YEAR":"2025","POP1950":null,"ADM0CAP":0,"ADM0NAME":"Germany","ADM1NAME":"Schleswig-Holstein","WIKIDATA":"Q1707"},"geometry":{"type":"Point","coordinates":[10.13944,54.32333]}},
{"type":"Feature","properties":{"NAME":"Chemnitz","NAME_DE":"Chemnitz","NAME_EN":"Chemnitz","NAME_IT":"Chemnitz","POP_MAX":247252,"POP_YEAR":"2025","POP1950":null,"ADM0CAP":0,"ADM0NAME":"Germany","ADM1NAME":"Sachsen","WIKIDATA":"Q2795"},"geometry":{"type":"Point","coordinates":[12.91891,50.83235]}},
{"type":"Feature","properties":{"NAME":"Magdeburg","NAME_DE":"Magdeburg","NAME_EN":"Magdeburg","NAME_IT":"Magdeburgo","POP_MAX":244494,"POP_YEAR":"2025","POP1950":null,"ADM0CAP":0,"ADM0NAME":"Germany","ADM1NAME":"Sachsen-Anhalt","WIKIDATA":"Q1733"},"geometry":{"type":"Point","coordinates":[11.63996,52.13159]}},
{"type":"Feature","properties":{"NAME":"Freiburg im Breisgau","NAME_DE":"Freiburg im Breisgau","NAME_EN":"Freiburg im Breisgau","NAME_IT":"Friburgo in Brisgovia","POP_MAX":238299,"POP_YEAR":"2025","POP1950":null,"ADM0CAP":0,"ADM0NAME":"Germany","ADM1NAME":"Baden-Württemberg","WIKIDATA":"Q2833"},"geometry":{"type":"Point","coordinates":[7.85,47.995]}},
{"type":"Feature","properties":{"NAME":"Krefeld","NAME_DE":"Krefeld","NAME_EN":"Krefeld","NAME_IT":"Krefeld","POP_MAX":230738,"POP_YEAR":"2025","POP1950":null,"ADM0CAP":0,"ADM0NAME":"Germany","ADM1NAME":"Nordrhein-Westfalen","WIKIDATA":"Q2805"},"geometry":{"type":"Point","coordinates":[6.56667,51.33333]}},
{"type":"Feature","properties":{"NAME":"Halle (Saale)","NAME_DE":"Halle (Saale)","NAME_EN":"Halle (Saale)","NAME_IT":"Halle","POP_MAX":226186,"POP_YEAR":"2025","POP1950":null,"ADM0CAP":0,"ADM0NAME":"Germany","ADM1NAME":"Sachsen-Anhalt","WIKIDATA":"Q2814"},"geometry":{"type":"Point","coordinates":[11.96972,51.48278]}},
{"type":"Feature","properties":{"NAME":"Mainz","NAME_DE":"Mainz","NAME_EN":"Mainz","NAME_IT":"Magonza","POP_MAX":223888,"POP_YEAR":"2025","POP1950":null,"ADM0CAP":0,"ADM0NAME":"Germany","ADM1NAME":"Rheinland-Pfalz","WIKIDATA":"Q1720"},"geometry":{"type":"Point","coordinates":[8.27361,49.99944]}},
{"type":"Feature","properties":{"NAME":"Erfurt","NAME_DE":"Erfurt","NAME_EN":"Erfurt","NAME_IT":"Erfurt","POP_MAX":217159,"POP_YEAR":"2025","POP1950":null,"ADM0CAP":0,"ADM0NAME":"Germany","ADM1NAME":"Thüringen","WIKIDATA":"Q1729"},"geometry":{"type":"Point","coordinates":[11.02889,50.97806]}},
{"type":"Feature","properties":{"NAME":"Lübeck","NAME_DE":"Lübeck","NAME_EN":"Lübeck","NAME_IT":"Lubecca","POP_MAX":217061,"POP_YEAR":"2025","POP1950":null,"ADM0CAP":0,"ADM0NAME":"Germany","ADM1NAME":"Schleswig-Holstein","WIKIDATA":"Q2843"},"geometry":{"type":"Point","coordinates":[10.68639,53.86972]}},
{"type":"Feature","properties":{"NAME":"Oberhausen","NAME_DE":"Oberhausen","NAME_EN":"Oberhausen","NAME_IT":"Oberhausen","POP_MAX":213178,"POP_YEAR":"2025","POP1950":null,"ADM0CAP":0,"ADM0NAME":"Germany","ADM1NAME":"Nordrhein-Westfalen","WIKIDATA":"Q2838"},"geometry":{"type":"Point","coordinates":[6.8514,51.4699]}},
{"type":"Feature","properties":{"NAME":"Rostock","NAME_DE":"Rostock","NAME_EN":"Rostock","NAME_IT":"Rostock","POP_MAX":204929,"POP_YEAR":"2025","POP1950":null,"ADM0CAP":0,"ADM0NAME":"Germany","ADM1NAME":"Mecklenburg-Vorpommern","WIKIDATA":"Q2861"},"geometry":{"type":"Point","coordinates":[12.13333,54.08333]}},
{"type":"Feature","properties":{"NAME":"Kassel","NAME_DE":"Kassel","NAME_EN":"Kassel","NAME_IT":"Kassel","POP_MAX":196799,"POP_YEAR":"2025","POP1950":null,"ADM0CAP":0,"ADM0NAME":"Germany","ADM1NAME":"Hessen","WIKIDATA":"Q2865"},"geometry":{"type":"Point","coordinates":[9.49792,51.31578]}},
{"type":"Feature","properties":{"NAME":"Hagen","NAME_DE":"Hagen","NAME_EN":"Hagen","NAME_IT":"Hagen","POP_MAX":189983,"POP_YEAR":"2025","POP1950":null,"ADM0CAP":0,"ADM0NAME":"Germany","ADM1NAME":"Nordrhein-Westfalen","WIKIDATA":"Q2871"},"geometry":{"type":"Point","coordinates":[7.475,51.35944]}},
{"type":"Feature","properties":{"NAME":"Potsdam","NAME_DE":"Potsdam","NAME_EN":"Potsdam","NAME_IT":"Potsdam","POP_MAX":185137,"POP_YEAR":"2025","POP1950":null,"ADM0CAP":0,"ADM0NAME":"Germany","ADM1NAME":"Brandenburg","WIKIDATA":"Q1711"},"geometry":{"type":"Point","coordinates":[13.05914,52.40093]}},
{"type":"Feature","properties":{"NAME":"Saarbrücken","NAME_DE":"Saarbrücken","NAME_EN":"Saarbrücken","NAME_IT":"Saarbrücken","POP_MAX":182859,"POP_YEAR":"2025","POP1950":null,"ADM0CAP":0,"ADM0NAME":"Germany","ADM1NAME":"Saarland","WIKIDATA":"Q1724"},"geometry":{"type":"Point","coordinates":[7,49.23333]}},
{"type":"Feature","properties":{"NAME":"Hamm","NAME_DE":"Hamm","NAME_EN":"Hamm","NAME_IT":"Hamm","POP_MAX":179108,"POP_YEAR":"2025","POP1950":null,"ADM0CAP":0,"ADM0NAME":"Germany","ADM1NAME":"Nordrhein-Westfalen","WIKIDATA":"Q2880"},"geometry":{"type":"Point","coordinates":[7.81917,51.68139]}},
{"type":"Feature","properties":{"NAME":"Ludwigshafen am Rhein","NAME_DE":"Ludwigshafen am Rhein","NAME_EN":"Ludwigshafen","NAME_IT":"Ludwigshafen am Rhein","POP_MAX":177355,"POP_YEAR":"2025","POP1950":null,"ADM0CAP":0,"ADM0NAME":"Germany","ADM1NAME":"Rheinland-Pfalz","WIKIDATA":"Q2910"},"geometry":{"type":"Point","coordinates":[8.43528,49.48111]}},
{"type":"Feature","properties":{"NAME":"Oldenburg","NAME_DE":"Oldenburg","NAME_EN":"Oldenburg","NAME_IT":"Oldenburg","POP_MAX":177055,"POP_YEAR":"2025","POP1950":null,"ADM0CAP":0,"ADM0NAME":"Germany","ADM1NAME":"Niedersachsen","WIKIDATA":"Q2936"},"geometry":{"type":"Point","coordinates":[8.21389,53.14389]}},
{"type":"Feature","properties":{"NAME":"Mülheim an der Ruhr","NAME_DE":"Mülheim an der Ruhr","NAME_EN":"Mülheim an der Ruhr","NAME_IT":"Mülheim an der Ruhr","POP_MAX":171674,"POP_YEAR":"2025","POP1950":null,"ADM0CAP":0,"ADM0NAME":"Germany","ADM1NAME":"Nordrhein-Westfalen","WIKIDATA":"Q2899"},"geometry":{"type":"Point","coordinates":[6.8825,51.4275]}},
{"type":"Feature","properties":{"NAME":"Leverkusen","NAME_DE":"Leverkusen","NAME_EN":"Leverkusen","NAME_IT":"Leverkusen","POP_MAX":168299,"POP_YEAR":"2025","POP1950":null,"ADM0CAP":0,"ADM0NAME":"Germany","ADM1NAME":"Nordrhein-Westfalen","WIKIDATA":"Q2938"},"geometry":{"type":"Point","coordinates":[6.98333,51.03333]}},
{"type":"Feature","properties":{"NAME":"Darmstadt","NAME_DE":"Darmstadt","NAME_EN":"Darmstadt","NAME_IT":"Darmstadt","POP_MAX":168253,"POP_YEAR":"2025","POP1950":null,"ADM0CAP":0,"ADM0NAME":"Germany","ADM1NAME":"Hessen","WIKIDATA":"Q2973"},"geometry":{"type":"Point","coordinates":[8.65,49.86667]}},
{"type":"Feature","properties":{"NAME":"Osnabrück","NAME_DE":"Osnabrück","NAME_EN":"Osnabrück","NAME_IT":"Osnabrück","POP_MAX":166257,"POP_YEAR":"2025","POP1950":null,"ADM0CAP":0,"ADM0NAME":"Germany","ADM1NAME":"Niedersachsen","WIKIDATA":"Q2916"},"geometry":{"type":"Point","coordinates":[8.04306,52.27889]}},
{"type":"Feature","properties":{"NAME":"Solingen","NAME_DE":"Solingen","NAME_EN":"Solingen","NAME_IT":"Solingen","POP_MAX":164621,"POP_YEAR":"2025","POP1950":null,"ADM0CAP":0,"ADM0NAME":"Germany","ADM1NAME":"Nordrhein-Westfalen","WIKIDATA":"Q2942"},"geometry":{"type":"Point","coordinates":[7.08472,51.17194]}},
{"type":"Feature","properties":{"NAME":"Herne","NAME_DE":"Herne","NAME_EN":"Herne","NAME_IT":"Herne","POP_MAX":156266,"POP_YEAR":"2025","POP1950":null,"ADM0CAP":0,"ADM0NAME":"Germany","ADM1NAME":"Nordrhein-Westfalen","WIKIDATA":"Q2904"},"geometry":{"type":"Point","coordinates":[7.21897,51.54258]}},
{"type":"Feature","properties":{"NAME":"Heidelberg","NAME_DE":"Heidelberg","NAME_EN":"Heidelberg","NAME_IT":"Heidelberg","POP_MAX":156092,"POP_YEAR":"2025","POP1950":null,"ADM0CAP":0,"ADM0NAME":"Germany","ADM1NAME":"Baden-Württemberg","WIKIDATA":"Q2966"},"geometry":{"type":"Point","coordinates":[8.69472,49.40936]}},
{"type":"Feature","properties":{"NAME":"Paderborn","NAME_DE":"Paderborn","NAME_EN":"Paderborn","NAME_IT":"Paderborn","POP_MAX":155906,"POP_YEAR":"2025","POP1950":null,"ADM0CAP":0,"ADM0NAME":"Germany","ADM1NAME":"Nordrhein-Westfalen","WIKIDATA":"Q2971"},"geometry":{"type":"Point","coordinates":[8.76667,51.71667]}},
{"type":"Feature","properties":{"NAME":"Neuss","NAME_DE":"Neuss","NAME_EN":"Neuss","NAME_IT":"Neuss","POP_MAX":153767,"POP_YEAR":"2025","POP1950":null,"ADM0CAP":0,"ADM0NAME":"Germany","ADM1NAME":"Nordrhein-Westfalen","WIKIDATA":"Q2948"},"geometry":{"type":"Point","coordinates":[6.69389,51.20028]}},
{"type":"Feature","properties":{"NAME":"Regensburg","NAME_DE":"Regensburg","NAME_EN":"Regensburg","NAME_IT":"Ratisbona","POP_MAX":151517,"POP_YEAR":"2025","POP1950":null,"ADM0CAP":0,"ADM0NAME":"Germany","ADM1NAME":"Bayern","WIKIDATA":"Q2978"},"geometry":{"type":"Point","coordinates":[12.08333,49.01667]}},
{"type":"Feature","properties":{"NAME":"Ingolstadt","NAME_DE":"Ingolstadt","NAME_EN":"Ingolstadt","NAME_IT":"Ingolstadt","POP_MAX":140799,"POP_YEAR":"2025","POP1950":null,"ADM0CAP":0,"ADM0NAME":"Germany","ADM1NAME":"Bayern","WIKIDATA":"Q3004"},"geometry":{"type":"Point","coordinates":[11.425,48.76306]}},
{"type":"Feature","properties":{"NAME":"Pforzheim","NAME_DE":"Pforzheim","NAME_EN":"Pforzheim","NAME_IT":"Pforzheim","POP_MAX":134422,"POP_YEAR":"2025","POP1950":null,"ADM0CAP":0,"ADM0NAME":"Germany","ADM1NAME":"Baden-Württemberg","WIKIDATA":"Q3046"},"geometry":{"type":"Point","coordinates":[8.70295,48.89088]}},
{"type":"Feature","properties":{"NAME":"Würzburg","NAME_DE":"Würzburg","NAME_EN":"Würzburg","NAME_IT":"Würzburg","POP_MAX":133753,"POP_YEAR":"2025","POP1950":null,"ADM0CAP":0,"ADM0NAME":"Germany","ADM1NAME":"Bayern","WIKIDATA":"Q2999"},"geometry":{"type":"Point","coordinates":[9.92944,49.79444]}},
{"type":"Feature","properties":{"NAME":"Offenbach am Main","NAME_DE":"Offenbach am Main","NAME_EN":"Offenbach am Main","NAME_IT":"Offenbach am Main","POP_MAX":133195,"POP_YEAR":"2025","POP1950":null,"ADM0CAP":0,"ADM0NAME":"Germany","ADM1NAME":"Hessen","WIKIDATA":"Q3042"},"geometry":{"type":"Point","coordinates":[8.76667,50.1]}},
{"type":"Feature","properties":{"NAME":"Heilbronn","NAME_DE":"Heilbronn","NAME_EN":"Heilbronn","NAME_IT":"Heilbronn","POP_MAX":132516,"POP_YEAR":"2025","POP1950":null,"ADM0CAP":0,"ADM0NAME":"Germany","ADM1NAME":"Baden-Württemberg","WIKIDATA":"Q715"},"geometry":{"type":"Point","coordinates":[9.21795,49.14043]}},
{"type":"Feature","properties":{"NAME":"Fürth","NAME_DE":"Fürth","NAME_EN":"Fürth","NAME_IT":"Fürth","POP_MAX":131344,"POP_YEAR":"2025","POP1950":null,"ADM0CAP":0,"ADM0NAME":"Germany","ADM1NAME":"Bayern","WIKIDATA":"Q3075"},"geometry":{"type":"Point","coordinates":[10.99028,49.47833]}},
{"type":"Feature","properties":{"NAME":"Göttingen","NAME_DE":"Göttingen","NAME_EN":"Göttingen","NAME_IT":"Gottinga","POP_MAX":130521,"POP_YEAR":"2025","POP1950":null,"ADM0CAP":0,"ADM0NAME":"Germany","ADM1NAME":"Niedersachsen","WIKIDATA":"Q3033"},"geometry":{"type":"Point","coordinates":[9.93556,51.53389]}},
{"type":"Feature","properties":{"NAME":"Ulm","NAME_DE":"Ulm","NAME_EN":"Ulm","NAME_IT":"Ulm","POP_MAX":130288,"POP_YEAR":"2025","POP1950":null,"ADM0CAP":0,"ADM0NAME":"Germany","ADM1NAME":"Baden-Württemberg","WIKIDATA":"Q3012"},"geometry":{"type":"Point","coordinates":[9.99111,48.39861]}},
{"type":"Feature","properties":{"NAME":"Wolfsburg","NAME_DE":"Wolfsburg","NAME_EN":"Wolfsburg","NAME_IT":"Wolfsburg","POP_MAX":129813,"POP_YEAR":"2025","POP1950":null,"ADM0CAP":0,"ADM0NAME":"Germany","ADM1NAME":"Niedersachsen","WIKIDATA":"Q3014"},"geometry":{"type":"Point","coordinates":[10.78722,52.42306]}},
{"type":"Feature","properties":{"NAME":"Reutlingen","NAME_DE":"Reutlingen","NAME_EN":"Reutlingen","NAME_IT":"Reutlingen","POP_MAX":119040,"POP_YEAR":"2025","POP1950":null,"ADM0CAP":0,"ADM0NAME":"Germany","ADM1NAME":"Baden-Württemberg","WIKIDATA":"Q3085"},"geometry":{"type":"Point","coordinates":[9.21667,48.48333]}},
{"type":"Feature","properties":{"NAME":"Bremerhaven","NAME_DE":"Bremerhaven","NAME_EN":"Bremerhaven","NAME_IT":"Bremerhaven","POP_MAX":118502,"POP_YEAR":"2025","POP1950":null,"ADM0CAP":0,"ADM0NAME":"Germany","ADM1NAME":"Bremen","WIKIDATA":"Q2706"},"geometry":{"type":"Point","coordinates":[8.58333,53.55]}},
{"type":"Feature","properties":{"NAME":"Bottrop","NAME_DE":"Bottrop","NAME_EN":"Bottrop","NAME_IT":"Bottrop","POP_MAX":118482,"POP_YEAR":"2025","POP1950":null,"ADM0CAP":0,"ADM0NAME":"Germany","ADM1NAME":"Nordrhein-Westfalen","WIKIDATA":"Q3069"},"geometry":{"type":"Point","coordinates":[6.92527,51.52325]}},
{"type":"Feature","properties":{"NAME":"Erlangen","NAME_DE":"Erlangen","NAME_EN":"Erlangen","NAME_IT":"Erlangen","POP_MAX":116450,"POP_YEAR":"2025","POP1950":null,"ADM0CAP":0,"ADM0NAME":"Germany","ADM1NAME":"Bayern","WIKIDATA":"Q3126"},"geometry":{"type":"Point","coordinates":[11.005,49.5925]}},
{"type":"Feature","properties":{"NAME":"Recklinghausen","NAME_DE":"Recklinghausen","NAME_EN":"Recklinghausen","NAME_IT":"Recklinghausen","POP_MAX":114851,"POP_YEAR":"2025","POP1950":null,"ADM0CAP":0,"ADM0NAME":"Germany","ADM1NAME":"Nordrhein-Westfalen","WIKIDATA":"Q3050"},"geometry":{"type":"Point","coordinates":[7.2,51.61667]}},
{"type":"Feature","properties":{"NAME":"Remscheid","NAME_DE":"Remscheid","NAME_EN":"Remscheid","NAME_IT":"Remscheid","POP_MAX":113333,"POP_YEAR":"2025","POP1950":null,"ADM0CAP":0,"ADM0NAME":"Germany","ADM1NAME":"Nordrhein-Westfalen","WIKIDATA":"Q3097"},"geometry":{"type":"Point","coordinates":[7.19435,51.17987]}},
{"type":"Feature","properties":{"NAME":"Koblenz","NAME_DE":"Koblenz","NAME_EN":"Koblenz","NAME_IT":"Coblenza","POP_MAX":113020,"POP_YEAR":"2025","POP1950":null,"ADM0CAP":0,"ADM0NAME":"Germany","ADM1NAME":"Rheinland-Pfalz","WIKIDATA":"Q3104"},"geometry":{"type":"Point","coordinates":[7.59778,50.35972]}},
{"type":"Feature","properties":{"NAME":"Bergisch Gladbach","NAME_DE":"Bergisch Gladbach","NAME_EN":"Bergisch Gladbach","NAME_IT":"Bergisch Gladbach","POP_MAX":111174,"POP_YEAR":"2025","POP1950":null,"ADM0CAP":0,"ADM0NAME":"Germany","ADM1NAME":"Nordrhein-Westfalen","WIKIDATA":"Q3117"},"geometry":{"type":"Point","coordinates":[7.13667,50.99167]}},
{"type":"Feature","properties":{"NAME":"Jena","NAME_DE":"Jena","NAME_EN":"Jena","NAME_IT":"Jena","POP_MAX":109353,"POP_YEAR":"2025","POP1950":null,"ADM0CAP":0,"ADM0NAME":"Germany","ADM1NAME":"Thüringen","WIKIDATA":"Q3150"},"geometry":{"type":"Point","coordinates":[11.58639,50.92722]}},
{"type":"Feature","properties":{"NAME":"Trier","NAME_DE":"Trier","NAME_EN":"Trier","NAME_IT":"Treviri","POP_MAX":105054,"POP_YEAR":"2025","POP1950":null,"ADM0CAP":0,"ADM0NAME":"Germany","ADM1NAME":"Rheinland-Pfalz","WIKIDATA":"Q3138"},"geometry":{"type":"Point","coordinates":[6.63935,49.75565]}},
{"type":"Feature","properties":{"NAME":"Salzgitter","NAME_DE":"Salzgitter","NAME_EN":"Salzgitter","NAME_IT":"Salzgitter","POP_MAX":104433,"POP_YEAR":"2025","POP1950":null,"ADM0CAP":0,"ADM0NAME":"Germany","ADM1NAME":"Niedersachsen","WIKIDATA":"Q3200"},"geometry":{"type":"Point","coordinates":[10.35931,52.15028]}},
{"type":"Feature","properties":{"NAME":"Siegen","NAME_DE":"Siegen","NAME_EN":"Siegen","NAME_IT":"Siegen","POP_MAX":102450,"POP_YEAR":"2025","POP1950":null,"ADM0CAP":0,"ADM0NAME":"Germany","ADM1NAME":"Nordrhein-Westfalen","WIKIDATA":"Q3167"},"geometry":{"type":"Point","coordinates":[8.01667,50.87556]}},
{"type":"Feature","properties":{"NAME":"Moers","NAME_DE":"Moers","NAME_EN":"Moers","NAME_IT":"Moers","POP_MAX":101298,"POP_YEAR":"2025","POP1950":null,"ADM0CAP":0,"ADM0NAME":"Germany","ADM1NAME":"Nordrhein-Westfalen","WIKIDATA":"Q3132"},"geometry":{"type":"Point","coordinates":[6.61972,51.45917]}},
{"type":"Feature","properties":{"NAME":"Kaiserslautern","NAME_DE":"Kaiserslautern","NAME_EN":"Kaiserslautern","NAME_IT":"Kaiserslautern","POP_MAX":100247,"POP_YEAR":"2025","POP1950":null,"ADM0CAP":0,"ADM0NAME":"Germany","ADM1NAME":"Rheinland-Pfalz","WIKIDATA":"Q3758"},"geometry":{"type":"Point","coordinates":[7.76889,49.44472]}},
{"type":"Feature","properties":{"NAME":"Gütersloh","NAME_DE":"Gütersloh","NAME_EN":"Gütersloh","NAME_IT":"Gütersloh","POP_MAX":99854,"POP_YEAR":"2025","POP1950":null,"ADM0CAP":0,"ADM0NAME":"Germany","ADM1NAME":"Nordrhein-Westfalen","WIKIDATA":"Q3771"},"geometry":{"type":"Point","coordinates":[8.38333,51.9]}},
{"type":"Feature","properties":{"NAME":"Hanau","NAME_DE":"Hanau","NAME_EN":"Hanau","NAME_IT":"Hanau","POP_MAX":98582,"POP_YEAR":"2025","POP1950":null,"ADM0CAP":0,"ADM0NAME":"Germany","ADM1NAME":"Hessen","WIKIDATA":"Q3802"},"geometry":{"type":"Point","coordinates":[8.91694,50.13278]}},
{"type":"Feature","properties":{"NAME":"Hildesheim","NAME_DE":"Hildesheim","NAME_EN":"Hildesheim","NAME_IT":"Hildesheim","POP_MAX":98207,"POP_YEAR":"2025","POP1950":null,"ADM0CAP":0,"ADM0NAME":"Germany","ADM1NAME":"Niedersachsen","WIKIDATA":"Q3185"},"geometry":{"type":"Point","coordinates":[9.95,52.15]}},
{"type":"Feature","properties":{"NAME":"Schwerin","NAME_DE":"Schwerin","NAME_EN":"Schwerin","NAME_IT":"Schwerin","POP_MAX":97922,"POP_YEAR":"2025","POP1950":null,"ADM0CAP":0,"ADM0NAME":"Germany","ADM1NAME":"Mecklenburg-Vorpommern","WIKIDATA":"Q1709"},"geometry":{"type":"Point","coordinates":[11.415,53.62889]}},
{"type":"Feature","properties":{"NAME":"Flensburg","NAME_DE":"Flensburg","NAME_EN":"Flensburg","NAME_IT":"Flensburg","POP_MAX":95568,"POP_YEAR":"2025","POP1950":null,"ADM0CAP":0,"ADM0NAME":"Germany","ADM1NAME":"Schleswig-Holstein","WIKIDATA":"Q3798"},"geometry":{"type":"Point","coordinates":[9.43667,54.78194]}},
{"type":"Feature","properties":{"NAME":"Esslingen am Neckar","NAME_DE":"Esslingen am Neckar","NAME_EN":"Esslingen am Neckar","NAME_IT":"Esslingen am Neckar","POP_MAX":95419,"POP_YEAR":"2025","POP1950":null,"ADM0CAP":0,"ADM0NAME":"Germany","ADM1NAME":"Baden-Württemberg","WIKIDATA":"Q3786"},"geometry":{"type":"Point","coordinates":[9.31083,48.74056]}},
{"type":"Feature","properties":{"NAME":"Gera","NAME_DE":"Gera","NAME_EN":"Gera","NAME_IT":"Gera","POP_MAX":95162,"POP_YEAR":"2025","POP1950":null,"ADM0CAP":0,"ADM0NAME":"Germany","ADM1NAME":"Thüringen","WIKIDATA":"Q3750"},"geometry":{"type":"Point","coordinates":[12.08242,50.87818]}},
{"type":"Feature","properties":{"NAME":"Cottbus","NAME_DE":"Cottbus","NAME_EN":"Cottbus","NAME_IT":"Cottbus","POP_MAX":95140,"POP_YEAR":"2025","POP1950":null,"ADM0CAP":0,"ADM0NAME":"Germany","ADM1NAME":"Brandenburg","WIKIDATA":"Q3214"},"geometry":{"type":"Point","coordinates":[14.33186,51.76081]}},
{"type":"Feature","properties":{"NAME":"Düren","NAME_DE":"Düren","NAME_EN":"Düren","NAME_IT":"Düren","POP_MAX":94539,"POP_YEAR":"2025","POP1950":null,"ADM0CAP":0,"ADM0NAME":"Germany","ADM1NAME":"Nordrhein-Westfalen","WIKIDATA":"Q1884"},"geometry":{"type":"Point","coordinates":[6.48208,50.80317]}},
{"type":"Feature","properties":{"NAME":"Ludwigsburg","NAME_DE":"Ludwigsburg","NAME_EN":"Ludwigsburg","NAME_IT":"Ludwigsburg","POP_MAX":93002,"POP_YEAR":"2025","POP1950":null,"ADM0CAP":0,"ADM0NAME":"Germany","ADM1NAME":"Baden-Württemberg","WIKIDATA":"Q622"},"geometry":{"type":"Point","coordinates":[9.19194,48.8975]}},
{"type":"Feature","properties":{"NAME":"Tübingen","NAME_DE":"Tübingen","NAME_EN":"Tübingen","NAME_IT":"Tubinga","POP_MAX":92607,"POP_YEAR":"2025","POP1950":null,"ADM0CAP":0,"ADM0NAME":"Germany","ADM1NAME":"Baden-Württemberg","WIKIDATA":"Q3806"},"geometry":{"type":"Point","coordinates":[9.05556,48.52]}},
{"type":"Feature","properties":{"NAME":"Witten","NAME_DE":"Witten","NAME_EN":"Witten","NAME_IT":"Witten","POP_MAX":91474,"POP_YEAR":"2025","POP1950":null,"ADM0CAP":0,"ADM0NAME":"Germany","ADM1NAME":"Nordrhein-Westfalen","WIKIDATA":"Q3764"},"geometry":{"type":"Point","coordinates":[7.33333,51.43333]}},
{"type":"Feature","properties":{"NAME":"Iserlohn","NAME_DE":"Iserlohn","NAME_EN":"Iserlohn","NAME_IT":"Iserlohn","POP_MAX":91317,"POP_YEAR":"2025","POP1950":null,"ADM0CAP":0,"ADM0NAME":"Germany","ADM1NAME":"Nordrhein-Westfalen","WIKIDATA":"Q1130"},"geometry":{"type":"Point","coordinates":[7.66667,51.38333]}},
{"type":"Feature","properties":{"NAME":"Villingen-Schwenningen","NAME_DE":"Villingen-Schwenningen","NAME_EN":"Villingen-Schwenningen","NAME_IT":"Villingen-Schwenningen","POP_MAX":89766,"POP_YEAR":"2025","POP1950":null,"ADM0CAP":0,"ADM0NAME":"Germany","ADM1NAME":"Baden-Württemberg","WIKIDATA":"Q3865"},"geometry":{"type":"Point","coordinates":[8.49296,48.06315]}},
{"type":"Feature","properties":{"NAME":"Ratingen","NAME_DE":"Ratingen","NAME_EN":"Ratingen","NAME_IT":"Ratingen","POP_MAX":88914,"POP_YEAR":"2025","POP1950":null,"ADM0CAP":0,"ADM0NAME":"Germany","ADM1NAME":"Nordrhein-Westfalen","WIKIDATA":"Q3791"},"geometry":{"type":"Point","coordinates":[6.85,51.3]}},
{"type":"Feature","properties":{"NAME":"Gießen","NAME_DE":"Gießen","NAME_EN":"Giessen","NAME_IT":"Gießen","POP_MAX":88544,"POP_YEAR":"2025","POP1950":null,"ADM0CAP":0,"ADM0NAME":"Germany","ADM1NAME":"Hessen","WIKIDATA":"Q3874"},"geometry":{"type":"Point","coordinates":[8.66667,50.58333]}},
{"type":"Feature","properties":{"NAME":"Worms","NAME_DE":"Worms","NAME_EN":"Worms","NAME_IT":"Worms","POP_MAX":86921,"POP_YEAR":"2025","POP1950":null,"ADM0CAP":0,"ADM0NAME":"Germany","ADM1NAME":"Rheinland-Pfalz","WIKIDATA":"Q3852"},"geometry":{"type":"Point","coordinates":[8.36209,49.63026]}},
{"type":"Feature","properties":{"NAME":"Marl","NAME_DE":"Marl","NAME_EN":"Marl","NAME_IT":"Marl","POP_MAX":86899,"POP_YEAR":"2025","POP1950":null,"ADM0CAP":0,"ADM0NAME":"Germany","ADM1NAME":"Nordrhein-Westfalen","WIKIDATA":"Q3813"},"geometry":{"type":"Point","coordinates":[7.11667,51.66667]}},
{"type":"Feature","properties":{"NAME":"Konstanz","NAME_DE":"Konstanz","NAME_EN":"Constance","NAME_IT":"Costanza","POP_MAX":86691,"POP_YEAR":"2025","POP1950":null,"ADM0CAP":0,"ADM0NAME":"Germany","ADM1NAME":"Baden-Württemberg","WIKIDATA":"Q3834"},"geometry":{"type":"Point","coordinates":[9.17528,47.66333]}},
{"type":"Feature","properties":{"NAME":"Zwickau","NAME_DE":"Zwickau","NAME_EN":"Zwickau","NAME_IT":"Zwickau","POP_MAX":86405,"POP_YEAR":"2025","POP1950":null,"ADM0CAP":0,"ADM0NAME":"Germany","ADM1NAME":"Sachsen","WIKIDATA":"Q3778"},"geometry":{"type":"Point","coordinates":[12.49611,50.71889]}},
{"type":"Feature","properties":{"NAME":"Lünen","NAME_DE":"Lünen","NAME_EN":"Lünen","NAME_IT":"Lünen","POP_MAX":85844,"POP_YEAR":"2025","POP1950":null,"ADM0CAP":0,"ADM0NAME":"Germany","ADM1NAME":"Nordrhein-Westfalen","WIKIDATA":"Q3822"},"geometry":{"type":"Point","coordinates":[7.51667,51.61667]}},
{"type":"Feature","properties":{"NAME":"Minden","NAME_DE":"Minden","NAME_EN":"Minden","NAME_IT":"Minden","POP_MAX":83598,"POP_YEAR":"2025","POP1950":null,"ADM0CAP":0,"ADM0NAME":"Germany","ADM1NAME":"Nordrhein-Westfalen","WIKIDATA":"Q3846"},"geometry":{"type":"Point","coordinates":[8.91667,52.28833]}},
{"type":"Feature","properties":{"NAME":"Norderstedt","NAME_DE":"Norderstedt","NAME_EN":"Norderstedt","NAME_IT":"Norderstedt","POP_MAX":83196,"POP_YEAR":"2025","POP1950":null,"ADM0CAP":0,"ADM0NAME":"Germany","ADM1NAME":"Schleswig-Holstein","WIKIDATA":"Q3928"},"geometry":{"type":"Point","coordinates":[10.01028,53.70639]}},
{"type":"Feature","properties":{"NAME":"Velbert","NAME_DE":"Velbert","NAME_EN":"Velbert","NAME_IT":"Velbert","POP_MAX":82166,"POP_YEAR":"2025","POP1950":null,"ADM0CAP":0,"ADM0NAME":"Germany","ADM1NAME":"Nordrhein-Westfalen","WIKIDATA":"Q3840"},"geometry":{"type":"Point","coordinates":[7.04163,51.34005]}},
{"type":"Feature","properties":{"NAME":"Delmenhorst","NAME_DE":"Delmenhorst","NAME_EN":"Delmenhorst","NAME_IT":"Delmenhorst","POP_MAX":81274,"POP_YEAR":"2025","POP1950":null,"ADM0CAP":0,"ADM0NAME":"Germany","ADM1NAME":"Niedersachsen","WIKIDATA":"Q3907"},"geometry":{"type":"Point","coordinates":[8.63167,53.05056]}},
{"type":"Feature","properties":{"NAME":"Neumünster","NAME_DE":"Neumünster","NAME_EN":"Neumünster","NAME_IT":"Neumünster","POP_MAX":80145,"POP_YEAR":"2025","POP1950":null,"ADM0CAP":0,"ADM0NAME":"Germany","ADM1NAME":"Schleswig-Holstein","WIKIDATA":"Q3879"},"geometry":{"type":"Point","coordinates":[9.99,54.07139]}},
{"type":"Feature","properties":{"NAME":"Viersen","NAME_DE":"Viersen","NAME_EN":"Viersen","NAME_IT":"Viersen","POP_MAX":78227,"POP_YEAR":"2025","POP1950":null,"ADM0CAP":0,"ADM0NAME":"Germany","ADM1NAME":"Nordrhein-Westfalen","WIKIDATA":"Q3902"},"geometry":{"type":"Point","coordinates":[6.39168,51.25557]}},
{"type":"Feature","properties":{"NAME":"Bamberg","NAME_DE":"Bamberg","NAME_EN":"Bamberg","NAME_IT":"Bamberga","POP_MAX":77218,"POP_YEAR":"2025","POP1950":null,"ADM0CAP":0,"ADM0NAME":"Germany","ADM1NAME":"Bayern","WIKIDATA":"Q3936"},"geometry":{"type":"Point","coordinates":[10.89167,49.89167]}},
{"type":"Feature","properties":{"NAME":"Rheine","NAME_DE":"Rheine","NAME_EN":"Rheine","NAME_IT":"Rheine","POP_MAX":77209,"POP_YEAR":"2026","POP1950":null,"ADM0CAP":0,"ADM0NAME":"Germany","ADM1NAME":"Nordrhein-Westfalen","WIKIDATA":"Q3890"},"geometry":{"type":"Point","coordinates":[7.43333,52.28333]}},
{"type":"Feature","properties":{"NAME":"Troisdorf","NAME_DE":"Troisdorf","NAME_EN":"Troisdorf","NAME_IT":"Troisdorf","POP_MAX":75742,"POP_YEAR":"2025","POP1950":null,"ADM0CAP":0,"ADM0NAME":"Germany","ADM1NAME":"Nordrhein-Westfalen","WIKIDATA":"Q3900"},"geometry":{"type":"Point","coordinates":[7.15556,50.81611]}},
{"type":"Feature","properties":{"NAME":"Gladbeck","NAME_DE":"Gladbeck","NAME_EN":"Gladbeck","NAME_IT":"Gladbeck","POP_MAX":75647,"POP_YEAR":"2025","POP1950":null,"ADM0CAP":0,"ADM0NAME":"Germany","ADM1NAME":"Nordrhein-Westfalen","WIKIDATA":"Q3905"},"geometry":{"type":"Point","coordinates":[6.98267,51.57134]}},
{"type":"Feature","properties":{"NAME":"Wilhelmshaven","NAME_DE":"Wilhelmshaven","NAME_EN":"Wilhelmshaven","NAME_IT":"Wilhelmshaven","POP_MAX":75324,"POP_YEAR":"2025","POP1950":null,"ADM0CAP":0,"ADM0NAME":"Germany","ADM1NAME":"Niedersachsen","WIKIDATA":"Q3857"},"geometry":{"type":"Point","coordinates":[8.10556,53.52861]}},
{"type":"Feature","properties":{"NAME":"Dessau-Roßlau","NAME_DE":"Dessau-Roßlau","NAME_EN":"Dessau-Roßlau","NAME_IT":"Dessau-Roßlau","POP_MAX":75035,"POP_YEAR":"2025","POP1950":null,"ADM0CAP":0,"ADM0NAME":"Germany","ADM1NAME":"Sachsen-Anhalt","WIKIDATA":"Q3828"},"geometry":{"type":"Point","coordinates":[12.23333,51.83333]}},
{"type":"Feature","properties":{"NAME":"Dorsten","NAME_DE":"Dorsten","NAME_EN":"Dorsten","NAME_IT":"Dorsten","POP_MAX":74783,"POP_YEAR":"2025","POP1950":null,"ADM0CAP":0,"ADM0NAME":"Germany","ADM1NAME":"Nordrhein-Westfalen","WIKIDATA":"Q3886"},"geometry":{"type":"Point","coordinates":[6.96417,51.66]}},
{"type":"Feature","properties":{"NAME":"Lüneburg","NAME_DE":"Lüneburg","NAME_EN":"Lüneburg","NAME_IT":"Luneburgo","POP_MAX":74502,"POP_YEAR":"2025","POP1950":null,"ADM0CAP":0,"ADM0NAME":"Germany","ADM1NAME":"Niedersachsen","WIKIDATA":"Q3920"},"geometry":{"type":"Point","coordinates":[10.41444,53.2525]}},
{"type":"Feature","properties":{"NAME":"Arnsberg","NAME_DE":"Arnsberg","NAME_EN":"Arnsberg","NAME_IT":"Arnsberg","POP_MAX":74479,"POP_YEAR":"2025","POP1950":null,"ADM0CAP":0,"ADM0NAME":"Germany","ADM1NAME":"Nordrhein-Westfalen","WIKIDATA":"Q3912"},"geometry":{"type":"Point","coordinates":[8.06444,51.39667]}},
{"type":"Feature","properties":{"NAME":"Detmold","NAME_DE":"Detmold","NAME_EN":"Detmold","NAME_IT":"Detmold","POP_MAX":74438,"POP_YEAR":"2025","POP1950":null,"ADM0CAP":0,"ADM0NAME":"Germany","ADM1NAME":"Nordrhein-Westfalen","WIKIDATA":"Q3922"},"geometry":{"type":"Point","coordinates":[8.88333,51.93778]}},
{"type":"Feature","properties":{"NAME":"Brandenburg an der Havel","NAME_DE":"Brandenburg an der Havel","NAME_EN":"Brandenburg an der Havel","NAME_IT":"Brandeburgo sulla Havel","POP_MAX":73945,"POP_YEAR":"2025","POP1950":null,"ADM0CAP":0,"ADM0NAME":"Germany","ADM1NAME":"Brandenburg","WIKIDATA":"Q3931"},"geometry":{"type":"Point","coordinates":[12.55408,52.41414]}},
{"type":"Feature","properties":{"NAME":"Marburg","NAME_DE":"Marburg","NAME_EN":"Marburg","NAME_IT":"Marburgo","POP_MAX":73571,"POP_YEAR":"2025","POP1950":null,"ADM0CAP":0,"ADM0NAME":"Germany","ADM1NAME":"Hessen","WIKIDATA":"Q3869"},"geometry":{"type":"Point","coordinates":[8.76667,50.81667]}},
{"type":"Feature","properties":{"NAME":"Aschaffenburg","NAME_DE":"Aschaffenburg","NAME_EN":"Aschaffenburg","NAME_IT":"Aschaffenburg","POP_MAX":73326,"POP_YEAR":"2025","POP1950":null,"ADM0CAP":0,"ADM0NAME":"Germany","ADM1NAME":"Bayern","WIKIDATA":"Q3942"},"geometry":{"type":"Point","coordinates":[9.14936,49.97405]}},
{"type":"Feature","properties":{"NAME":"Bocholt","NAME_DE":"Bocholt","NAME_EN":"Bocholt","NAME_IT":"Bocholt","POP_MAX":73048,"POP_YEAR":"2025","POP1950":null,"ADM0CAP":0,"ADM0NAME":"Germany","ADM1NAME":"Nordrhein-Westfalen","WIKIDATA":"Q3917"},"geometry":{"type":"Point","coordinates":[6.61667,51.83333]}},
{"type":"Feature","properties":{"NAME":"Bayreuth","NAME_DE":"Bayreuth","NAME_EN":"Bayreuth","NAME_IT":"Bayreuth","POP_MAX":72919,"POP_YEAR":"2025","POP1950":null,"ADM0CAP":0,"ADM0NAME":"Germany","ADM1NAME":"Bayern","WIKIDATA":"Q3923"},"geometry":{"type":"Point","coordinates":[11.57833,49.94806]}},
{"type":"Feature","properties":{"NAME":"Lippstadt","NAME_DE":"Lippstadt","NAME_EN":"Lippstadt","NAME_IT":"Lippstadt","POP_MAX":72804,"POP_YEAR":"2025","POP1950":null,"ADM0CAP":0,"ADM0NAME":"Germany","ADM1NAME":"Nordrhein-Westfalen","WIKIDATA":"Q3943"},"geometry":{"type":"Point","coordinates":[8.35,51.66667]}},
{"type":"Feature","properties":{"NAME":"Castrop-Rauxel","NAME_DE":"Castrop-Rauxel","NAME_EN":"Castrop-Rauxel","NAME_IT":"Castrop-Rauxel","POP_MAX":72353,"POP_YEAR":"2025","POP1950":null,"ADM0CAP":0,"ADM0NAME":"Germany","ADM1NAME":"Nordrhein-Westfalen","WIKIDATA":"Q3898"},"geometry":{"type":"Point","coordinates":[7.31667,51.55]}},
{"type":"Feature","properties":{"NAME":"Landshut","NAME_DE":"Landshut","NAME_EN":"Landshut","NAME_IT":"Landshut","POP_MAX":71922,"POP_YEAR":"2025","POP1950":null,"ADM0CAP":0,"ADM0NAME":"Germany","ADM1NAME":"Bayern","WIKIDATA":"Q3974"},"geometry":{"type":"Point","coordinates":[12.15083,48.53972]}},
{"type":"Feature","properties":{"NAME":"Lüdenscheid","NAME_DE":"Lüdenscheid","NAME_EN":"Lüdenscheid","NAME_IT":"Lüdenscheid","POP_MAX":70810,"POP_YEAR":"2025","POP1950":null,"ADM0CAP":0,"ADM0NAME":"Germany","ADM1NAME":"Nordrhein-Westfalen","WIKIDATA":"Q3893"},"geometry":{"type":"Point","coordinates":[7.6273,51.21977]}},
{"type":"Feature","properties":{"NAME":"Kempten","NAME_DE":"Kempten","NAME_EN":"Kempten","NAME_IT":"Kempten","POP_MAX":67916,"POP_YEAR":"2025","POP1950":null,"ADM0CAP":0,"ADM0NAME":"Germany","ADM1NAME":"Bayern","WIKIDATA":"Q3994"},"geometry":{"type":"Point","coordinates":[10.31667,47.73333]}},
{"type":"Feature","properties":{"NAME":"Neuwied","NAME_DE":"Neuwied","NAME_EN":"Neuwied","NAME_IT":"Neuwied","POP_MAX":67201,"POP_YEAR":"2025","POP1950":null,"ADM0CAP":0,"ADM0NAME":"Germany","ADM1NAME":"Rheinland-Pfalz","WIKIDATA":"Q3967"},"geometry":{"type":"Point","coordinates":[7.46139,50.42861]}},
{"type":"Feature","properties":{"NAME":"Herford","NAME_DE":"Herford","NAME_EN":"Herford","NAME_IT":"Herford","POP_MAX":67074,"POP_YEAR":"2025","POP1950":null,"ADM0CAP":0,"ADM0NAME":"Germany","ADM1NAME":"Nordrhein-Westfalen","WIKIDATA":"Q3971"},"geometry":{"type":"Point","coordinates":[8.67343,52.11457]}},
{"type":"Feature","properties":{"NAME":"Celle","NAME_DE":"Celle","NAME_EN":"Celle","NAME_IT":"Celle","POP_MAX":66930,"POP_YEAR":"2025","POP1950":null,"ADM0CAP":0,"ADM0NAME":"Germany","ADM1NAME":"Niedersachsen","WIKIDATA":"Q3933"},"geometry":{"type":"Point","coordinates":[10.0825,52.62556]}},
{"type":"Feature","properties":{"NAME":"Dinslaken","NAME_DE":"Dinslaken","NAME_EN":"Dinslaken","NAME_IT":"Dinslaken","POP_MAX":66869,"POP_YEAR":"2025","POP1950":null,"ADM0CAP":0,"ADM0NAME":"Germany","ADM1NAME":"Nordrhein-Westfalen","WIKIDATA":"Q3939"},"geometry":{"type":"Point","coordinates":[6.73333,51.56667]}},
{"type":"Feature","properties":{"NAME":"Kerpen","NAME_DE":"Kerpen","NAME_EN":"Kerpen","NAME_IT":"Kerpen","POP_MAX":66377,"POP_YEAR":"2025","POP1950":null,"ADM0CAP":0,"ADM0NAME":"Germany","ADM1NAME":"Nordrhein-Westfalen","WIKIDATA":"Q3959"},"geometry":{"type":"Point","coordinates":[6.69611,50.87194]}},
{"type":"Feature","properties":{"NAME":"Rüsselsheim am Main","NAME_DE":"Rüsselsheim am Main","NAME_EN":"Rüsselsheim am Main","NAME_IT":"Rüsselsheim am Main","POP_MAX":66028,"POP_YEAR":"2025","POP1950":null,"ADM0CAP":0,"ADM0NAME":"Germany","ADM1NAME":"Hessen","WIKIDATA":"Q4031"},"geometry":{"type":"Point","coordinates":[8.41194,49.995]}},
{"type":"Feature","properties":{"NAME":"Rosenheim","NAME_DE":"Rosenheim","NAME_EN":"Rosenheim","NAME_IT":"Rosenheim","POP_MAX":65808,"POP_YEAR":"2025","POP1950":null,"ADM0CAP":0,"ADM0NAME":"Germany","ADM1NAME":"Bayern","WIKIDATA":"Q4007"},"geometry":{"type":"Point","coordinates":[12.12889,47.85611]}},
{"type":"Feature","properties":{"NAME":"Fulda","NAME_DE":"Fulda","NAME_EN":"Fulda","NAME_IT":"Fulda","POP_MAX":65755,"POP_YEAR":"2025","POP1950":null,"ADM0CAP":0,"ADM0NAME":"Germany","ADM1NAME":"Hessen","WIKIDATA":"Q3963"},"geometry":{"type":"Point","coordinates":[9.6775,50.55278]}},
{"type":"Feature","properties":{"NAME":"Grevenbroich","NAME_DE":"Grevenbroich","NAME_EN":"Grevenbroich","NAME_IT":"Grevenbroich","POP_MAX":65605,"POP_YEAR":"2025","POP1950":null,"ADM0CAP":0,"ADM0NAME":"Germany","ADM1NAME":"Nordrhein-Westfalen","WIKIDATA":"Q3973"},"geometry":{"type":"Point","coordinates":[6.5875,51.08833]}},
{"type":"Feature","properties":{"NAME":"Weimar","NAME_DE":"Weimar","NAME_EN":"Weimar","NAME_IT":"Weimar","POP_MAX":65566,"POP_YEAR":"2025","POP1950":null,"ADM0CAP":0,"ADM0NAME":"Germany","ADM1NAME":"Thüringen","WIKIDATA":"Q3955"},"geometry":{"type":"Point","coordinates":[11.32944,50.98111]}},
{"type":"Feature","properties":{"NAME":"Plauen","NAME_DE":"Plauen","NAME_EN":"Plauen","NAME_IT":"Plauen","POP_MAX":64893,"POP_YEAR":"2025","POP1950":null,"ADM0CAP":0,"ADM0NAME":"Germany","ADM1NAME":"Sachsen","WIKIDATA":"Q3952"},"geometry":{"type":"Point","coordinates":[12.13833,50.495]}},
{"type":"Feature","properties":{"NAME":"Schwäbisch Gmünd","NAME_DE":"Schwäbisch Gmünd","NAME_EN":"Schwäbisch Gmünd","NAME_IT":"Schwäbisch Gmünd","POP_MAX":63930,"POP_YEAR":"2025","POP1950":null,"ADM0CAP":0,"ADM0NAME":"Germany","ADM1NAME":"Baden-Württemberg","WIKIDATA":"Q4037"},"geometry":{"type":"Point","coordinates":[9.8,48.8]}},
{"type":"Feature","properties":{"NAME":"Dormagen","NAME_DE":"Dormagen","NAME_EN":"Dormagen","NAME_IT":"Dormagen","POP_MAX":63619,"POP_YEAR":"2025","POP1950":null,"ADM0CAP":0,"ADM0NAME":"Germany","ADM1NAME":"Nordrhein-Westfalen","WIKIDATA":"Q3978"},"geometry":{"type":"Point","coordinates":[6.84,51.0964]}},
{"type":"Feature","properties":{"NAME":"Offenburg","NAME_DE":"Offenburg","NAME_EN":"Offenburg","NAME_IT":"Offenburg","POP_MAX":63437,"POP_YEAR":"2025","POP1950":null,"ADM0CAP":0,"ADM0NAME":"Germany","ADM1NAME":"Baden-Württemberg","WIKIDATA":"Q4044"},"geometry":{"type":"Point","coordinates":[7.94083,48.47083]}},
{"type":"Feature","properties":{"NAME":"Neu-Ulm","NAME_DE":"Neu-Ulm","NAME_EN":"Neu-Ulm","NAME_IT":"Nuova Ulma","POP_MAX":62843,"POP_YEAR":"2025","POP1950":null,"ADM0CAP":0,"ADM0NAME":"Germany","ADM1NAME":"Bayern","WIKIDATA":"Q4120"},"geometry":{"type":"Point","coordinates":[10,48.38333]}},
{"type":"Feature","properties":{"NAME":"Friedrichshafen","NAME_DE":"Friedrichshafen","NAME_EN":"Friedrichshafen","NAME_IT":"Friedrichshafen","POP_MAX":62781,"POP_YEAR":"2025","POP1950":null,"ADM0CAP":0,"ADM0NAME":"Germany","ADM1NAME":"Baden-Württemberg","WIKIDATA":"Q4051"},"geometry":{"type":"Point","coordinates":[9.47917,47.65417]}},
{"type":"Feature","properties":{"NAME":"Bergheim","NAME_DE":"Bergheim","NAME_EN":"Bergheim","NAME_IT":"Bergheim","POP_MAX":61976,"POP_YEAR":"2025","POP1950":null,"ADM0CAP":0,"ADM0NAME":"Germany","ADM1NAME":"Nordrhein-Westfalen","WIKIDATA":"Q3989"},"geometry":{"type":"Point","coordinates":[6.64124,50.95406]}},
{"type":"Feature","properties":{"NAME":"Hürth","NAME_DE":"Hürth","NAME_EN":"Hürth","NAME_IT":"Hürth","POP_MAX":61732,"POP_YEAR":"2025","POP1950":null,"ADM0CAP":0,"ADM0NAME":"Germany","ADM1NAME":"Nordrhein-Westfalen","WIKIDATA":"Q4060"},"geometry":{"type":"Point","coordinates":[6.87611,50.8775]}},
{"type":"Feature","properties":{"NAME":"Sindelfingen","NAME_DE":"Sindelfingen","NAME_EN":"Sindelfingen","NAME_IT":"Sindelfingen","POP_MAX":61428,"POP_YEAR":"2025","POP1950":null,"ADM0CAP":0,"ADM0NAME":"Germany","ADM1NAME":"Baden-Württemberg","WIKIDATA":"Q4019"},"geometry":{"type":"Point","coordinates":[9.00278,48.71333]}},
{"type":"Feature","properties":{"NAME":"Wesel","NAME_DE":"Wesel","NAME_EN":"Wesel","NAME_IT":"Wesel","POP_MAX":60717,"POP_YEAR":"2025","POP1950":null,"ADM0CAP":0,"ADM0NAME":"Germany","ADM1NAME":"Nordrhein-Westfalen","WIKIDATA":"Q4011"},"geometry":{"type":"Point","coordinates":[6.61778,51.65861]}},
{"type":"Feature","properties":{"NAME":"Herten","NAME_DE":"Herten","NAME_EN":"Herten","NAME_IT":"Herten","POP_MAX":60707,"POP_YEAR":"2025","POP1950":null,"ADM0CAP":0,"ADM0NAME":"Germany","ADM1NAME":"Nordrhein-Westfalen","WIKIDATA":"Q3985"},"geometry":{"type":"Point","coordinates":[7.13333,51.6]}},
{"type":"Feature","properties":{"NAME":"Garbsen","NAME_DE":"Garbsen","NAME_EN":"Garbsen","NAME_IT":"Garbsen","POP_MAX":60007,"POP_YEAR":"2025","POP1950":null,"ADM0CAP":0,"ADM0NAME":"Germany","ADM1NAME":"Niedersachsen","WIKIDATA":"Q4001"},"geometry":{"type":"Point","coordinates":[9.59806,52.41833]}},
{"type":"Feature","properties":{"NAME":"Euskirchen","NAME_DE":"Euskirchen","NAME_EN":"Euskirchen","NAME_IT":"Euskirchen","POP_MAX":59977,"POP_YEAR":"2025","POP1950":null,"ADM0CAP":0,"ADM0NAME":"Germany","ADM1NAME":"Nordrhein-Westfalen","WIKIDATA":"Q4074"},"geometry":{"type":"Point","coordinates":[6.78726,50.66128]}},
{"type":"Feature","properties":{"NAME":"Langenfeld","NAME_DE":"Langenfeld","NAME_EN":"Langenfeld","NAME_IT":"Langenfeld","POP_MAX":59821,"POP_YEAR":"2025","POP1950":null,"ADM0CAP":0,"ADM0NAME":"Germany","ADM1NAME":"Nordrhein-Westfalen","WIKIDATA":"Q4048"},"geometry":{"type":"Point","coordinates":[6.95,51.11667]}},
{"type":"Feature","properties":{"NAME":"Neubrandenburg","NAME_DE":"Neubrandenburg","NAME_EN":"Neubrandenburg","NAME_IT":"Neubrandenburg","POP_MAX":59494,"POP_YEAR":"2025","POP1950":null,"ADM0CAP":0,"ADM0NAME":"Germany","ADM1NAME":"Mecklenburg-Vorpommern","WIKIDATA":"Q3958"},"geometry":{"type":"Point","coordinates":[13.26083,53.55694]}},
{"type":"Feature","properties":{"NAME":"Göppingen","NAME_DE":"Göppingen","NAME_EN":"Göppingen","NAME_IT":"Göppingen","POP_MAX":58678,"POP_YEAR":"2025","POP1950":null,"ADM0CAP":0,"ADM0NAME":"Germany","ADM1NAME":"Baden-Württemberg","WIKIDATA":"Q4072"},"geometry":{"type":"Point","coordinates":[9.65278,48.7025]}},
{"type":"Feature","properties":{"NAME":"Hameln","NAME_DE":"Hameln","NAME_EN":"Hamelin","NAME_IT":"Hameln","POP_MAX":58152,"POP_YEAR":"2025","POP1950":null,"ADM0CAP":0,"ADM0NAME":"Germany","ADM1NAME":"Niedersachsen","WIKIDATA":"Q4062"},"geometry":{"type":"Point","coordinates":[9.36,52.10306]}},
{"type":"Feature","properties":{"NAME":"Unna","NAME_DE":"Unna","NAME_EN":"Unna","NAME_IT":"Unna","POP_MAX":57961,"POP_YEAR":"2025","POP1950":null,"ADM0CAP":0,"ADM0NAME":"Germany","ADM1NAME":"Nordrhein-Westfalen","WIKIDATA":"Q3949"},"geometry":{"type":"Point","coordinates":[7.68889,51.53472]}},
{"type":"Feature","properties":{"NAME":"Stolberg","NAME_DE":"Stolberg","NAME_EN":"Stolberg","NAME_IT":"Stolberg","POP_MAX":57678,"POP_YEAR":"2025","POP1950":null,"ADM0CAP":0,"ADM0NAME":"Germany","ADM1NAME":"Nordrhein-Westfalen","WIKIDATA":"Q4068"},"geometry":{"type":"Point","coordinates":[6.23333,50.76667]}},
{"type":"Feature","properties":{"NAME":"Eschweiler","NAME_DE":"Eschweiler","NAME_EN":"Eschweiler","NAME_IT":"Eschweiler","POP_MAX":57573,"POP_YEAR":"2025","POP1950":null,"ADM0CAP":0,"ADM0NAME":"Germany","ADM1NAME":"Nordrhein-Westfalen","WIKIDATA":"Q4083"},"geometry":{"type":"Point","coordinates":[6.28333,50.81667]}},
{"type":"Feature","properties":{"NAME":"Nordhorn","NAME_DE":"Nordhorn","NAME_EN":"Nordhorn","NAME_IT":"Nordhorn","POP_MAX":57372,"POP_YEAR":"2025","POP1950":null,"ADM0CAP":0,"ADM0NAME":"Germany","ADM1NAME":"Niedersachsen","WIKIDATA":"Q4133"},"geometry":{"type":"Point","coordinates":[7.06667,52.43333]}},
{"type":"Feature","properties":{"NAME":"Waiblingen","NAME_DE":"Waiblingen","NAME_EN":"Waiblingen","NAME_IT":"Waiblingen","POP_MAX":57186,"POP_YEAR":"2025","POP1950":null,"ADM0CAP":0,"ADM0NAME":"Germany","ADM1NAME":"Baden-Württemberg","WIKIDATA":"Q4140"},"geometry":{"type":"Point","coordinates":[9.31694,48.83028]}},
{"type":"Feature","properties":{"NAME":"Baden-Baden","NAME_DE":"Baden-Baden","NAME_EN":"Baden-Baden","NAME_IT":"Baden-Baden","POP_MAX":56952,"POP_YEAR":"2025","POP1950":null,"ADM0CAP":0,"ADM0NAME":"Germany","ADM1NAME":"Baden-Württemberg","WIKIDATA":"Q4100"},"geometry":{"type":"Point","coordinates":[8.24083,48.76194]}},
{"type":"Feature","properties":{"NAME":"Meerbusch","NAME_DE":"Meerbusch","NAME_EN":"Meerbusch","NAME_IT":"Meerbusch","POP_MAX":56947,"POP_YEAR":"2025","POP1950":null,"ADM0CAP":0,"ADM0NAME":"Germany","ADM1NAME":"Nordrhein-Westfalen","WIKIDATA":"Q4105"},"geometry":{"type":"Point","coordinates":[6.66667,51.26667]}},
{"type":"Feature","properties":{"NAME":"Bad Homburg vor der Höhe","NAME_DE":"Bad Homburg vor der Höhe","NAME_EN":"Bad Homburg vor der Höhe","NAME_IT":"Bad Homburg vor der Höhe","POP_MAX":56938,"POP_YEAR":"2025","POP1950":null,"ADM0CAP":0,"ADM0NAME":"Germany","ADM1NAME":"Hessen","WIKIDATA":"Q4165"},"geometry":{"type":"Point","coordinates":[8.61049,50.22924]}},
{"type":"Feature","properties":{"NAME":"Frankfurt (Oder)","NAME_DE":"Frankfurt (Oder)","NAME_EN":"Frankfurt (Oder)","NAME_IT":"Francoforte sull'Oder","POP_MAX":56586,"POP_YEAR":"2025","POP1950":null,"ADM0CAP":0,"ADM0NAME":"Germany","ADM1NAME":"Brandenburg","WIKIDATA":"Q4024"},"geometry":{"type":"Point","coordinates":[14.55167,52.34208]}},
{"type":"Feature","properties":{"NAME":"Lingen","NAME_DE":"Lingen","NAME_EN":"Lingen","NAME_IT":"Lingen","POP_MAX":56539,"POP_YEAR":"2025","POP1950":null,"ADM0CAP":0,"ADM0NAME":"Germany","ADM1NAME":"Niedersachsen","WIKIDATA":"Q4185"},"geometry":{"type":"Point","coordinates":[7.31722,52.52333]}},
{"type":"Feature","properties":{"NAME":"Greifswald","NAME_DE":"Greifswald","NAME_EN":"Greifswald","NAME_IT":"Greifswald","POP_MAX":56154,"POP_YEAR":"2025","POP1950":null,"ADM0CAP":0,"ADM0NAME":"Germany","ADM1NAME":"Mecklenburg-Vorpommern","WIKIDATA":"Q4098"},"geometry":{"type":"Point","coordinates":[13.38333,54.08333]}},
{"type":"Feature","properties":{"NAME":"Sankt Augustin","NAME_DE":"Sankt Augustin","NAME_EN":"Sankt Augustin","NAME_IT":"Sankt Augustin","POP_MAX":56033,"POP_YEAR":"2025","POP1950":null,"ADM0CAP":0,"ADM0NAME":"Germany","ADM1NAME":"Nordrhein-Westfalen","WIKIDATA":"Q4090"},"geometry":{"type":"Point","coordinates":[7.18667,50.77]}},
{"type":"Feature","properties":{"NAME":"Pulheim","NAME_DE":"Pulheim","NAME_EN":"Pulheim","NAME_IT":"Pulheim","POP_MAX":55979,"POP_YEAR":"2025","POP1950":null,"ADM0CAP":0,"ADM0NAME":"Germany","ADM1NAME":"Nordrhein-Westfalen","WIKIDATA":"Q4113"},"geometry":{"type":"Point","coordinates":[6.8,51]}},
{"type":"Feature","properties":{"NAME":"Stralsund","NAME_DE":"Stralsund","NAME_EN":"Stralsund","NAME_IT":"Stralsund","POP_MAX":55481,"POP_YEAR":"2025","POP1950":null,"ADM0CAP":0,"ADM0NAME":"Germany","ADM1NAME":"Mecklenburg-Vorpommern","WIKIDATA":"Q4065"},"geometry":{"type":"Point","coordinates":[13.08194,54.30917]}},
{"type":"Feature","properties":{"NAME":"Görlitz","NAME_DE":"Görlitz","NAME_EN":"Görlitz","NAME_IT":"Görlitz","POP_MAX":55065,"POP_YEAR":"2025","POP1950":null,"ADM0CAP":0,"ADM0NAME":"Germany","ADM1NAME":"Sachsen","WIKIDATA":"Q4077"},"geometry":{"type":"Point","coordinates":[14.99102,51.15632]}},
{"type":"Feature","properties":{"NAME":"Wetzlar","NAME_DE":"Wetzlar","NAME_EN":"Wetzlar","NAME_IT":"Wetzlar","POP_MAX":54865,"POP_YEAR":"2025","POP1950":null,"ADM0CAP":0,"ADM0NAME":"Germany","ADM1NAME":"Hessen","WIKIDATA":"Q4178"},"geometry":{"type":"Point","coordinates":[8.5,50.56667]}},
{"type":"Feature","properties":{"NAME":"Hilden","NAME_DE":"Hilden","NAME_EN":"Hilden","NAME_IT":"Hilden","POP_MAX":54859,"POP_YEAR":"2025","POP1950":null,"ADM0CAP":0,"ADM0NAME":"Germany","ADM1NAME":"Nordrhein-Westfalen","WIKIDATA":"Q4094"},"geometry":{"type":"Point","coordinates":[6.93944,51.17139]}},
{"type":"Feature","properties":{"NAME":"Schweinfurt","NAME_DE":"Schweinfurt","NAME_EN":"Schweinfurt","NAME_IT":"Schweinfurt","POP_MAX":54539,"POP_YEAR":"2025","POP1950":null,"ADM0CAP":0,"ADM0NAME":"Germany","ADM1NAME":"Bayern","WIKIDATA":"Q4126"},"geometry":{"type":"Point","coordinates":[10.23333,50.05]}},
{"type":"Feature","properties":{"NAME":"Bad Kreuznach","NAME_DE":"Bad Kreuznach","NAME_EN":"Bad Kreuznach","NAME_IT":"Bad Kreuznach","POP_MAX":54347,"POP_YEAR":"2025","POP1950":null,"ADM0CAP":0,"ADM0NAME":"Germany","ADM1NAME":"Rheinland-Pfalz","WIKIDATA":"Q7047"},"geometry":{"type":"Point","coordinates":[7.86694,49.84694]}},
{"type":"Feature","properties":{"NAME":"Langenhagen","NAME_DE":"Langenhagen","NAME_EN":"Langenhagen","NAME_IT":"Langenhagen","POP_MAX":54059,"POP_YEAR":"2025","POP1950":null,"ADM0CAP":0,"ADM0NAME":"Germany","ADM1NAME":"Niedersachsen","WIKIDATA":"Q4158"},"geometry":{"type":"Point","coordinates":[9.74,52.43944]}},
{"type":"Feature","properties":{"NAME":"Bad Salzuflen","NAME_DE":"Bad Salzuflen","NAME_EN":"Bad Salzuflen","NAME_IT":"Bad Salzuflen","POP_MAX":53807,"POP_YEAR":"2025","POP1950":null,"ADM0CAP":0,"ADM0NAME":"Germany","ADM1NAME":"Nordrhein-Westfalen","WIKIDATA":"Q4108"},"geometry":{"type":"Point","coordinates":[8.74667,52.08333]}},
{"type":"Feature","properties":{"NAME":"Passau","NAME_DE":"Passau","NAME_EN":"Passau","NAME_IT":"Passavia","POP_MAX":53523,"POP_YEAR":"2025","POP1950":null,"ADM0CAP":0,"ADM0NAME":"Germany","ADM1NAME":"Bayern","WIKIDATA":"Q4190"},"geometry":{"type":"Point","coordinates":[13.46097,48.57482]}},
{"type":"Feature","properties":{"NAME":"Kleve","NAME_DE":"Kleve","NAME_EN":"Kleve","NAME_IT":"Kleve","POP_MAX":53094,"POP_YEAR":"2025","POP1950":null,"ADM0CAP":0,"ADM0NAME":"Germany","ADM1NAME":"Nordrhein-Westfalen","WIKIDATA":"Q6842"},"geometry":{"type":"Point","coordinates":[6.14,51.79]}},
{"type":"Feature","properties":{"NAME":"Hattingen","NAME_DE":"Hattingen","NAME_EN":"Hattingen","NAME_IT":"Hattingen","POP_MAX":52969,"POP_YEAR":"2025","POP1950":null,"ADM0CAP":0,"ADM0NAME":"Germany","ADM1NAME":"Nordrhein-Westfalen","WIKIDATA":"Q4082"},"geometry":{"type":"Point","coordinates":[7.18583,51.39917]}},
{"type":"Feature","properties":{"NAME":"Neustadt an der Weinstraße","NAME_DE":"Neustadt an der Weinstraße","NAME_EN":"Neustadt an der Weinstraße","NAME_IT":"Neustadt an der Weinstraße","POP_MAX":52882,"POP_YEAR":"2025","POP1950":null,"ADM0CAP":0,"ADM0NAME":"Germany","ADM1NAME":"Rheinland-Pfalz","WIKIDATA":"Q4149"},"geometry":{"type":"Point","coordinates":[8.13607,49.35362]}},
{"type":"Feature","properties":{"NAME":"Wolfenbüttel","NAME_DE":"Wolfenbüttel","NAME_EN":"Wolfenbüttel","NAME_IT":"Wolfenbüttel","POP_MAX":52511,"POP_YEAR":"2025","POP1950":null,"ADM0CAP":0,"ADM0NAME":"Germany","ADM1NAME":"Niedersachsen","WIKIDATA":"Q4122"},"geometry":{"type":"Point","coordinates":[10.53694,52.16222]}},
{"type":"Feature","properties":{"NAME":"Ahlen","NAME_DE":"Ahlen","NAME_EN":"Ahlen","NAME_IT":"Ahlen","POP_MAX":52387,"POP_YEAR":"2025","POP1950":null,"ADM0CAP":0,"ADM0NAME":"Germany","ADM1NAME":"Nordrhein-Westfalen","WIKIDATA":"Q1132"},"geometry":{"type":"Point","coordinates":[7.89111,51.76333]}},
{"type":"Feature","properties":{"NAME":"Menden (Sauerland)","NAME_DE":"Menden (Sauerland)","NAME_EN":"Menden (Sauerland)","NAME_IT":"Menden (Sauerland)","POP_MAX":52121,"POP_YEAR":"2025","POP1950":null,"ADM0CAP":0,"ADM0NAME":"Germany","ADM1NAME":"Nordrhein-Westfalen","WIKIDATA":"Q4086"},"geometry":{"type":"Point","coordinates":[7.8,51.43333]}},
{"type":"Feature","properties":{"NAME":"Frechen","NAME_DE":"Frechen","NAME_EN":"Frechen","NAME_IT":"Frechen","POP_MAX":51927,"POP_YEAR":"2025","POP1950":null,"ADM0CAP":0,"ADM0NAME":"Germany","ADM1NAME":"Nordrhein-Westfalen","WIKIDATA":"Q6823"},"geometry":{"type":"Point","coordinates":[6.81667,50.91667]}},
{"type":"Feature","properties":{"NAME":"Ibbenbüren","NAME_DE":"Ibbenbüren","NAME_EN":"Ibbenbüren","NAME_IT":"Ibbenbüren","POP_MAX":51596,"POP_YEAR":"2025","POP1950":null,"ADM0CAP":0,"ADM0NAME":"Germany","ADM1NAME":"Nordrhein-Westfalen","WIKIDATA":"Q4175"},"geometry":{"type":"Point","coordinates":[7.71667,52.27778]}},
{"type":"Feature","properties":{"NAME":"Elmshorn","NAME_DE":"Elmshorn","NAME_EN":"Elmshorn","NAME_IT":"Elmshorn","POP_MAX":51375,"POP_YEAR":"2025","POP1950":null,"ADM0CAP":0,"ADM0NAME":"Germany","ADM1NAME":"Schleswig-Holstein","WIKIDATA":"Q6845"},"geometry":{"type":"Point","coordinates":[9.65361,53.75472]}},
{"type":"Feature","properties":{"NAME":"Gummersbach","NAME_DE":"Gummersbach","NAME_EN":"Gummersbach","NAME_IT":"Gummersbach","POP_MAX":51332,"POP_YEAR":"2025","POP1950":null,"ADM0CAP":0,"ADM0NAME":"Germany","ADM1NAME":"Nordrhein-Westfalen","WIKIDATA":"Q4181"},"geometry":{"type":"Point","coordinates":[7.56667,51.03333]}},
{"type":"Feature","properties":{"NAME":"Lörrach","NAME_DE":"Lörrach","NAME_EN":"Lörrach","NAME_IT":"Lörrach","POP_MAX":51274,"POP_YEAR":"2025","POP1950":null,"ADM0CAP":0,"ADM0NAME":"Germany","ADM1NAME":"Baden-Württemberg","WIKIDATA":"Q6855"},"geometry":{"type":"Point","coordinates":[7.66139,47.61556]}},
{"type":"Feature","properties":{"NAME":"Lahr/Schwarzwald","NAME_DE":"Lahr/Schwarzwald","NAME_EN":"Lahr/Schwarzwald","NAME_IT":"Lahr/Schwarzwald","POP_MAX":51208,"POP_YEAR":"2025","POP1950":null,"ADM0CAP":0,"ADM0NAME":"Germany","ADM1NAME":"Baden-Württemberg","WIKIDATA":"Q7039"},"geometry":{"type":"Point","coordinates":[7.87222,48.33917]}},
{"type":"Feature","properties":{"NAME":"Böblingen","NAME_DE":"Böblingen","NAME_EN":"Böblingen","NAME_IT":"Böblingen","POP_MAX":51204,"POP_YEAR":"2025","POP1950":null,"ADM0CAP":0,"ADM0NAME":"Germany","ADM1NAME":"Baden-Württemberg","WIKIDATA":"Q6931"},"geometry":{"type":"Point","coordinates":[9,48.68333]}},
{"type":"Feature","properties":{"NAME":"Peine","NAME_DE":"Peine","NAME_EN":"Peine","NAME_IT":"Peine","POP_MAX":51005,"POP_YEAR":"2025","POP1950":null,"ADM0CAP":0,"ADM0NAME":"Germany","ADM1NAME":"Niedersachsen","WIKIDATA":"Q6850"},"geometry":{"type":"Point","coordinates":[10.23361,52.32028]}},
{"type":"Feature","properties":{"NAME":"Rastatt","NAME_DE":"Rastatt","NAME_EN":"Rastatt","NAME_IT":"Rastatt","POP_MAX":50753,"POP_YEAR":"2025","POP1950":null,"ADM0CAP":0,"ADM0NAME":"Germany","ADM1NAME":"Baden-Württemberg","WIKIDATA":"Q6874"},"geometry":{"type":"Point","coordinates":[8.20306,48.85722]}},
{"type":"Feature","properties":{"NAME":"Heidenheim an der Brenz","NAME_DE":"Heidenheim an der Brenz","NAME_EN":"Heidenheim an der Brenz","NAME_IT":"Heidenheim an der Brenz","POP_MAX":50612,"POP_YEAR":"2025","POP1950":null,"ADM0CAP":0,"ADM0NAME":"Germany","ADM1NAME":"Baden-Württemberg","WIKIDATA":"Q6869"},"geometry":{"type":"Point","coordinates":[10.15444,48.67611]}},
{"type":"Feature","properties":{"NAME":"Ravensburg","NAME_DE":"Ravensburg","NAME_EN":"Ravensburg","NAME_IT":"Ravensburg","POP_MAX":50549,"POP_YEAR":"2025","POP1950":null,"ADM0CAP":0,"ADM0NAME":"Germany","ADM1NAME":"Baden-Württemberg","WIKIDATA":"Q6832"},"geometry":{"type":"Point","coordinates":[9.61139,47.78306]}},
{"type":"Feature","properties":{"NAME":"Bad Oeynhausen","NAME_DE":"Bad Oeynhausen","NAME_EN":"Bad Oeynhausen","NAME_IT":"Bad Oeynhausen","POP_MAX":50515,"POP_YEAR":"2025","POP1950":null,"ADM0CAP":0,"ADM0NAME":"Germany","ADM1NAME":"Nordrhein-Westfalen","WIKIDATA":"Q6858"},"geometry":{"type":"Point","coordinates":[8.8,52.2]}},
{"type":"Feature","properties":{"NAME":"Gronau","NAME_DE":"Gronau","NAME_EN":"Gronau","NAME_IT":"Gronau","POP_MAX":50349,"POP_YEAR":"2025","POP1950":null,"ADM0CAP":0,"ADM0NAME":"Germany","ADM1NAME":"Nordrhein-Westfalen","WIKIDATA":"Q6924"},"geometry":{"type":"Point","coordinates":[7.04167,52.2125]}},
{"type":"Feature","properties":{"NAME":"Oranienburg","NAME_DE":"Oranienburg","NAME_EN":"Oranienburg","NAME_IT":"Oranienburg","POP_MAX":49824,"POP_YEAR":"2025","POP1950":null,"ADM0CAP":0,"ADM0NAME":"Germany","ADM1NAME":"Brandenburg","WIKIDATA":"Q14808"},"geometry":{"type":"Point","coordinates":[13.23694,52.75444]}},
{"type":"Feature","properties":{"NAME":"Cuxhaven","NAME_DE":"Cuxhaven","NAME_EN":"Cuxhaven","NAME_IT":"Cuxhaven","POP_MAX":49545,"POP_YEAR":"2025","POP1950":null,"ADM0CAP":0,"ADM0NAME":"Germany","ADM1NAME":"Niedersachsen","WIKIDATA":"Q4197"},"geometry":{"type":"Point","coordinates":[8.7,53.86667]}},
{"type":"Feature","properties":{"NAME":"Leonberg","NAME_DE":"Leonberg","NAME_EN":"Leonberg","NAME_IT":"Leonberg","POP_MAX":49514,"POP_YEAR":"2025","POP1950":null,"ADM0CAP":0,"ADM0NAME":"Germany","ADM1NAME":"Baden-Württemberg","WIKIDATA":"Q7010"},"geometry":{"type":"Point","coordinates":[9.01306,48.80139]}},
{"type":"Feature","properties":{"NAME":"Willich","NAME_DE":"Willich","NAME_EN":"Willich","NAME_IT":"Willich","POP_MAX":49374,"POP_YEAR":"2025","POP1950":null,"ADM0CAP":0,"ADM0NAME":"Germany","ADM1NAME":"Nordrhein-Westfalen","WIKIDATA":"Q4171"},"geometry":{"type":"Point","coordinates":[6.54917,51.26306]}},
{"type":"Feature","properties":{"NAME":"Bergkamen","NAME_DE":"Bergkamen","NAME_EN":"Bergkamen","NAME_IT":"Bergkamen","POP_MAX":49198,"POP_YEAR":"2025","POP1950":null,"ADM0CAP":0,"ADM0NAME":"Germany","ADM1NAME":"Nordrhein-Westfalen","WIKIDATA":"Q4192"},"geometry":{"type":"Point","coordinates":[7.63333,51.61667]}},
{"type":"Feature","properties":{"NAME":"Straubing","NAME_DE":"Straubing","NAME_EN":"Straubing","NAME_IT":"Straubing","POP_MAX":49061,"POP_YEAR":"2025","POP1950":null,"ADM0CAP":0,"ADM0NAME":"Germany","ADM1NAME":"Bayern","WIKIDATA":"Q7027"},"geometry":{"type":"Point","coordinates":[12.57583,48.87722]}},
{"type":"Feature","properties":{"NAME":"Speyer","NAME_DE":"Speyer","NAME_EN":"Speyer","NAME_IT":"Spira","POP_MAX":49035,"POP_YEAR":"2025","POP1950":null,"ADM0CAP":0,"ADM0NAME":"Germany","ADM1NAME":"Rheinland-Pfalz","WIKIDATA":"Q6829"},"geometry":{"type":"Point","coordinates":[8.43361,49.31656]}},
{"type":"Feature","properties":{"NAME":"Emden","NAME_DE":"Emden","NAME_EN":"Emden","NAME_IT":"Emden","POP_MAX":49009,"POP_YEAR":"2025","POP1950":null,"ADM0CAP":0,"ADM0NAME":"Germany","ADM1NAME":"Niedersachsen","WIKIDATA":"Q4174"},"geometry":{"type":"Point","coordinates":[7.20611,53.36694]}},
{"type":"Feature","properties":{"NAME":"Freising","NAME_DE":"Freising","NAME_EN":"Freising","NAME_IT":"Frisinga","POP_MAX":48953,"POP_YEAR":"2025","POP1950":null,"ADM0CAP":0,"ADM0NAME":"Germany","ADM1NAME":"Bayern","WIKIDATA":"Q6998"},"geometry":{"type":"Point","coordinates":[11.74889,48.40278]}},
{"type":"Feature","properties":{"NAME":"Alsdorf","NAME_DE":"Alsdorf","NAME_EN":"Alsdorf","NAME_IT":"Alsdorf","POP_MAX":48893,"POP_YEAR":"2025","POP1950":null,"ADM0CAP":0,"ADM0NAME":"Germany","ADM1NAME":"Nordrhein-Westfalen","WIKIDATA":"Q6992"},"geometry":{"type":"Point","coordinates":[6.16153,50.87436]}},
{"type":"Feature","properties":{"NAME":"Erftstadt","NAME_DE":"Erftstadt","NAME_EN":"Erftstadt","NAME_IT":"Erftstadt","POP_MAX":48724,"POP_YEAR":"2025","POP1950":null,"ADM0CAP":0,"ADM0NAME":"Germany","ADM1NAME":"Nordrhein-Westfalen","WIKIDATA":"Q4195"},"geometry":{"type":"Point","coordinates":[6.76667,50.81667]}},
{"type":"Feature","properties":{"NAME":"Stade","NAME_DE":"Stade","NAME_EN":"Stade","NAME_IT":"Stade","POP_MAX":48699,"POP_YEAR":"2025","POP1950":null,"ADM0CAP":0,"ADM0NAME":"Germany","ADM1NAME":"Niedersachsen","WIKIDATA":"Q6949"},"geometry":{"type":"Point","coordinates":[9.47639,53.60083]}},
{"type":"Feature","properties":{"NAME":"Herzogenrath","NAME_DE":"Herzogenrath","NAME_EN":"Herzogenrath","NAME_IT":"Herzogenrath","POP_MAX":48666,"POP_YEAR":"2025","POP1950":null,"ADM0CAP":0,"ADM0NAME":"Germany","ADM1NAME":"Nordrhein-Westfalen","WIKIDATA":"Q6916"},"geometry":{"type":"Point","coordinates":[6.1,50.86667]}},
{"type":"Feature","properties":{"NAME":"Landau in der Pfalz","NAME_DE":"Landau in der Pfalz","NAME_EN":"Landau in der Pfalz","NAME_IT":"Landau in der Pfalz","POP_MAX":48280,"POP_YEAR":"2025","POP1950":null,"ADM0CAP":0,"ADM0NAME":"Germany","ADM1NAME":"Rheinland-Pfalz","WIKIDATA":"Q7052"},"geometry":{"type":"Point","coordinates":[8.12306,49.19944]}},
{"type":"Feature","properties":{"NAME":"Frankenthal","NAME_DE":"Frankenthal","NAME_EN":"Frankenthal","NAME_IT":"Frankenthal","POP_MAX":48134,"POP_YEAR":"2025","POP1950":null,"ADM0CAP":0,"ADM0NAME":"Germany","ADM1NAME":"Rheinland-Pfalz","WIKIDATA":"Q6905"},"geometry":{"type":"Point","coordinates":[8.35,49.53333]}},
{"type":"Feature","properties":{"NAME":"Hennef","NAME_DE":"Hennef","NAME_EN":"Hennef","NAME_IT":"Hennef (Sieg)","POP_MAX":48112,"POP_YEAR":"2025","POP1950":null,"ADM0CAP":0,"ADM0NAME":"Germany","ADM1NAME":"Nordrhein-Westfalen","WIKIDATA":"Q6961"},"geometry":{"type":"Point","coordinates":[7.28333,50.78333]}},
{"type":"Feature","properties":{"NAME":"Singen (Hohentwiel)","NAME_DE":"Singen (Hohentwiel)","NAME_EN":"Singen","NAME_IT":"Singen (Hohentwiel)","POP_MAX":48089,"POP_YEAR":"2025","POP1950":null,"ADM0CAP":0,"ADM0NAME":"Germany","ADM1NAME":"Baden-Württemberg","WIKIDATA":"Q6979"},"geometry":{"type":"Point","coordinates":[8.84,47.76278]}},
{"type":"Feature","properties":{"NAME":"Rheda-Wiedenbrück","NAME_DE":"Rheda-Wiedenbrück","NAME_EN":"Rheda-Wiedenbrück","NAME_IT":"Rheda-Wiedenbrück","POP_MAX":47935,"POP_YEAR":"2025","POP1950":null,"ADM0CAP":0,"ADM0NAME":"Germany","ADM1NAME":"Nordrhein-Westfalen","WIKIDATA":"Q6896"},"geometry":{"type":"Point","coordinates":[8.3,51.84167]}},
{"type":"Feature","properties":{"NAME":"Bornheim","NAME_DE":"Bornheim","NAME_EN":"Bornheim","NAME_IT":"Bornheim","POP_MAX":47890,"POP_YEAR":"2025","POP1950":null,"ADM0CAP":0,"ADM0NAME":"Germany","ADM1NAME":"Nordrhein-Westfalen","WIKIDATA":"Q6852"},"geometry":{"type":"Point","coordinates":[7.005,50.75917]}},
{"type":"Feature","properties":{"NAME":"Dülmen","NAME_DE":"Dülmen","NAME_EN":"Dülmen","NAME_IT":"Dülmen","POP_MAX":47759,"POP_YEAR":"2025","POP1950":null,"ADM0CAP":0,"ADM0NAME":"Germany","ADM1NAME":"Nordrhein-Westfalen","WIKIDATA":"Q6910"},"geometry":{"type":"Point","coordinates":[7.27833,51.83083]}},
{"type":"Feature","properties":{"NAME":"Soest","NAME_DE":"Soest","NAME_EN":"Soest","NAME_IT":"Soest","POP_MAX":47752,"POP_YEAR":"2025","POP1950":null,"ADM0CAP":0,"ADM0NAME":"Germany","ADM1NAME":"Nordrhein-Westfalen","WIKIDATA":"Q6149"},"geometry":{"type":"Point","coordinates":[8.10917,51.57111]}},
{"type":"Feature","properties":{"NAME":"Bruchsal","NAME_DE":"Bruchsal","NAME_EN":"Bruchsal","NAME_IT":"Bruchsal","POP_MAX":47578,"POP_YEAR":"2025","POP1950":null,"ADM0CAP":0,"ADM0NAME":"Germany","ADM1NAME":"Baden-Württemberg","WIKIDATA":"Q7059"},"geometry":{"type":"Point","coordinates":[8.6,49.13333]}},
{"type":"Feature","properties":{"NAME":"Dachau","NAME_DE":"Dachau","NAME_EN":"Dachau","NAME_IT":"Dachau","POP_MAX":47461,"POP_YEAR":"2025","POP1950":null,"ADM0CAP":0,"ADM0NAME":"Germany","ADM1NAME":"Bayern","WIKIDATA":"Q7077"},"geometry":{"type":"Point","coordinates":[11.43417,48.26028]}},
{"type":"Feature","properties":{"NAME":"Goslar","NAME_DE":"Goslar","NAME_EN":"Goslar","NAME_IT":"Goslar","POP_MAX":47454,"POP_YEAR":"2025","POP1950":null,"ADM0CAP":0,"ADM0NAME":"Germany","ADM1NAME":"Niedersachsen","WIKIDATA":"Q3896"},"geometry":{"type":"Point","coordinates":[10.42916,51.906]}},
{"type":"Feature","properties":{"NAME":"Albstadt","NAME_DE":"Albstadt","NAME_EN":"Albstadt","NAME_IT":"Albstadt","POP_MAX":47047,"POP_YEAR":"2025","POP1950":null,"ADM0CAP":0,"ADM0NAME":"Germany","ADM1NAME":"Baden-Württemberg","WIKIDATA":"Q7019"},"geometry":{"type":"Point","coordinates":[9.02389,48.21194]}},
{"type":"Feature","properties":{"NAME":"Neunkirchen","NAME_DE":"Neunkirchen","NAME_EN":"Neunkirchen","NAME_IT":"Neunkirchen","POP_MAX":46896,"POP_YEAR":"2025","POP1950":null,"ADM0CAP":0,"ADM0NAME":"Germany","ADM1NAME":"Saarland","WIKIDATA":"Q6880"},"geometry":{"type":"Point","coordinates":[7.17986,49.3448]}},
{"type":"Feature","properties":{"NAME":"Oberursel","NAME_DE":"Oberursel","NAME_EN":"Oberursel","NAME_IT":"Oberursel","POP_MAX":46757,"POP_YEAR":"2025","POP1950":null,"ADM0CAP":0,"ADM0NAME":"Germany","ADM1NAME":"Hessen","WIKIDATA":"Q7044"},"geometry":{"type":"Point","coordinates":[8.57694,50.20278]}},
{"type":"Feature","properties":{"NAME":"Fellbach","NAME_DE":"Fellbach","NAME_EN":"Fellbach","NAME_IT":"Fellbach","POP_MAX":46659,"POP_YEAR":"2025","POP1950":null,"ADM0CAP":0,"ADM0NAME":"Germany","ADM1NAME":"Baden-Württemberg","WIKIDATA":"Q7022"},"geometry":{"type":"Point","coordinates":[9.27583,48.80861]}},
{"type":"Feature","properties":{"NAME":"Hof","NAME_DE":"Hof","NAME_EN":"Hof","NAME_IT":"Hof","POP_MAX":46624,"POP_YEAR":"2025","POP1950":null,"ADM0CAP":0,"ADM0NAME":"Germany","ADM1NAME":"Bayern","WIKIDATA":"Q6938"},"geometry":{"type":"Point","coordinates":[11.91667,50.31667]}},
{"type":"Feature","properties":{"NAME":"Melle","NAME_DE":"Melle","NAME_EN":"Melle","NAME_IT":"Melle","POP_MAX":46396,"POP_YEAR":"2025","POP1950":null,"ADM0CAP":0,"ADM0NAME":"Germany","ADM1NAME":"Niedersachsen","WIKIDATA":"Q6954"},"geometry":{"type":"Point","coordinates":[8.33611,52.20306]}},
{"type":"Feature","properties":{"NAME":"Kaufbeuren","NAME_DE":"Kaufbeuren","NAME_EN":"Kaufbeuren","NAME_IT":"Kaufbeuren","POP_MAX":46282,"POP_YEAR":"2025","POP1950":null,"ADM0CAP":0,"ADM0NAME":"Germany","ADM1NAME":"Bayern","WIKIDATA":"Q14805"},"geometry":{"type":"Point","coordinates":[10.6225,47.88]}},
{"type":"Feature","properties":{"NAME":"Filderstadt","NAME_DE":"Filderstadt","NAME_EN":"Filderstadt","NAME_IT":"Filderstadt","POP_MAX":46274,"POP_YEAR":"2025","POP1950":null,"ADM0CAP":0,"ADM0NAME":"Germany","ADM1NAME":"Baden-Württemberg","WIKIDATA":"Q7032"},"geometry":{"type":"Point","coordinates":[9.21667,48.66667]}},
{"type":"Feature","properties":{"NAME":"Bünde","NAME_DE":"Bünde","NAME_EN":"Bünde","NAME_IT":"Bünde","POP_MAX":46235,"POP_YEAR":"2025","POP1950":null,"ADM0CAP":0,"ADM0NAME":"Germany","ADM1NAME":"Nordrhein-Westfalen","WIKIDATA":"Q7021"},"geometry":{"type":"Point","coordinates":[8.6,52.2]}},
{"type":"Feature","properties":{"NAME":"Falkensee","NAME_DE":"Falkensee","NAME_EN":"Falkensee","NAME_IT":"Falkensee","POP_MAX":46213,"POP_YEAR":"2025","POP1950":null,"ADM0CAP":0,"ADM0NAME":"Germany","ADM1NAME":"Brandenburg","WIKIDATA":"Q14842"},"geometry":{"type":"Point","coordinates":[13.09167,52.55833]}},
{"type":"Feature","properties":{"NAME":"Weinheim","NAME_DE":"Weinheim","NAME_EN":"Weinheim","NAME_IT":"Weinheim","POP_MAX":45919,"POP_YEAR":"2025","POP1950":null,"ADM0CAP":0,"ADM0NAME":"Germany","ADM1NAME":"Baden-Württemberg","WIKIDATA":"Q7050"},"geometry":{"type":"Point","coordinates":[8.66972,49.55611]}},
{"type":"Feature","properties":{"NAME":"Gotha","NAME_DE":"Gotha","NAME_EN":"Gotha","NAME_IT":"Gotha","POP_MAX":45904,"POP_YEAR":"2025","POP1950":null,"ADM0CAP":0,"ADM0NAME":"Germany","ADM1NAME":"Thüringen","WIKIDATA":"Q6986"},"geometry":{"type":"Point","coordinates":[10.71833,50.94889]}},
{"type":"Feature","properties":{"NAME":"Schwerte","NAME_DE":"Schwerte","NAME_EN":"Schwerte","NAME_IT":"Schwerte","POP_MAX":45794,"POP_YEAR":"2025","POP1950":null,"ADM0CAP":0,"ADM0NAME":"Germany","ADM1NAME":"Nordrhein-Westfalen","WIKIDATA":"Q6863"},"geometry":{"type":"Point","coordinates":[7.56528,51.44583]}},
{"type":"Feature","properties":{"NAME":"Brühl","NAME_DE":"Brühl","NAME_EN":"Brühl","NAME_IT":"Brühl","POP_MAX":45653,"POP_YEAR":"2025","POP1950":null,"ADM0CAP":0,"ADM0NAME":"Germany","ADM1NAME":"Nordrhein-Westfalen","WIKIDATA":"Q7036"},"geometry":{"type":"Point","coordinates":[6.9,50.83333]}},
{"type":"Feature","properties":{"NAME":"Rottenburg am Neckar","NAME_DE":"Rottenburg am Neckar","NAME_EN":"Rottenburg am Neckar","NAME_IT":"Rottenburg am Neckar","POP_MAX":45579,"POP_YEAR":"2025","POP1950":null,"ADM0CAP":0,"ADM0NAME":"Germany","ADM1NAME":"Baden-Württemberg","WIKIDATA":"Q7078"},"geometry":{"type":"Point","coordinates":[8.93444,48.47722]}},
{"type":"Feature","properties":{"NAME":"Erkelenz","NAME_DE":"Erkelenz","NAME_EN":"Erkelenz","NAME_IT":"Erkelenz","POP_MAX":45239,"POP_YEAR":"2025","POP1950":null,"ADM0CAP":0,"ADM0NAME":"Germany","ADM1NAME":"Nordrhein-Westfalen","WIKIDATA":"Q7025"},"geometry":{"type":"Point","coordinates":[6.31556,51.08]}},
{"type":"Feature","properties":{"NAME":"Rodgau","NAME_DE":"Rodgau","NAME_EN":"Rodgau","NAME_IT":"Rodgau","POP_MAX":45197,"POP_YEAR":"2025","POP1950":null,"ADM0CAP":0,"ADM0NAME":"Germany","ADM1NAME":"Hessen","WIKIDATA":"Q7053"},"geometry":{"type":"Point","coordinates":[8.8841,50.02562]}},
{"type":"Feature","properties":{"NAME":"Pinneberg","NAME_DE":"Pinneberg","NAME_EN":"Pinneberg","NAME_IT":"Pinneberg","POP_MAX":44941,"POP_YEAR":"2025","POP1950":null,"ADM0CAP":0,"ADM0NAME":"Germany","ADM1NAME":"Schleswig-Holstein","WIKIDATA":"Q7074"},"geometry":{"type":"Point","coordinates":[9.80086,53.65911]}},
{"type":"Feature","properties":{"NAME":"Lutherstadt Wittenberg","NAME_DE":"Lutherstadt Wittenberg","NAME_EN":"Lutherstadt Wittenberg","NAME_IT":"Wittenberg","POP_MAX":44937,"POP_YEAR":"2025","POP1950":null,"ADM0CAP":0,"ADM0NAME":"Germany","ADM1NAME":"Sachsen-Anhalt","WIKIDATA":"Q6837"},"geometry":{"type":"Point","coordinates":[12.6484,51.8671]}},
{"type":"Feature","properties":{"NAME":"Bernau bei Berlin","NAME_DE":"Bernau bei Berlin","NAME_EN":"Bernau bei Berlin","NAME_IT":"Bernau bei Berlin","POP_MAX":44706,"POP_YEAR":"2025","POP1950":null,"ADM0CAP":0,"ADM0NAME":"Germany","ADM1NAME":"Brandenburg","WIKIDATA":"Q9300"},"geometry":{"type":"Point","coordinates":[13.58306,52.66667]}},
{"type":"Feature","properties":{"NAME":"Neustadt am Rübenberge","NAME_DE":"Neustadt am Rübenberge","NAME_EN":"Neustadt am Rübenberge","NAME_IT":"Neustadt am Rübenberge","POP_MAX":44696,"POP_YEAR":"2025","POP1950":null,"ADM0CAP":0,"ADM0NAME":"Germany","ADM1NAME":"Niedersachsen","WIKIDATA":"Q7014"},"geometry":{"type":"Point","coordinates":[9.46358,52.5055]}},
{"type":"Feature","properties":{"NAME":"Memmingen","NAME_DE":"Memmingen","NAME_EN":"Memmingen","NAME_IT":"Memmingen","POP_MAX":44378,"POP_YEAR":"2025","POP1950":null,"ADM0CAP":0,"ADM0NAME":"Germany","ADM1NAME":"Bayern","WIKIDATA":"Q14825"},"geometry":{"type":"Point","coordinates":[10.18111,47.98778]}},
{"type":"Feature","properties":{"NAME":"Lehrte","NAME_DE":"Lehrte","NAME_EN":"Lehrte","NAME_IT":"Lehrte","POP_MAX":44140,"POP_YEAR":"2025","POP1950":null,"ADM0CAP":0,"ADM0NAME":"Germany","ADM1NAME":"Niedersachsen","WIKIDATA":"Q7057"},"geometry":{"type":"Point","coordinates":[9.97694,52.3725]}},
{"type":"Feature","properties":{"NAME":"Seevetal","NAME_DE":"Seevetal","NAME_EN":"Seevetal","NAME_IT":"Seevetal","POP_MAX":44091,"POP_YEAR":"2025","POP1950":null,"ADM0CAP":0,"ADM0NAME":"Germany","ADM1NAME":"Niedersachsen","WIKIDATA":"Q7084"},"geometry":{"type":"Point","coordinates":[10.03333,53.38333]}},
{"type":"Feature","properties":{"NAME":"Monheim am Rhein","NAME_DE":"Monheim am Rhein","NAME_EN":"Monheim am Rhein","NAME_IT":"Monheim am Rhein","POP_MAX":43716,"POP_YEAR":"2025","POP1950":null,"ADM0CAP":0,"ADM0NAME":"Germany","ADM1NAME":"Nordrhein-Westfalen","WIKIDATA":"Q7062"},"geometry":{"type":"Point","coordinates":[6.9,51.1]}},
{"type":"Feature","properties":{"NAME":"Erkrath","NAME_DE":"Erkrath","NAME_EN":"Erkrath","NAME_IT":"Erkrath","POP_MAX":43555,"POP_YEAR":"2025","POP1950":null,"ADM0CAP":0,"ADM0NAME":"Germany","ADM1NAME":"Nordrhein-Westfalen","WIKIDATA":"Q6968"},"geometry":{"type":"Point","coordinates":[6.91472,51.22389]}},
{"type":"Feature","properties":{"NAME":"Homburg","NAME_DE":"Homburg","NAME_EN":"Homburg","NAME_IT":"Homburg","POP_MAX":43412,"POP_YEAR":"2025","POP1950":null,"ADM0CAP":0,"ADM0NAME":"Germany","ADM1NAME":"Saarland","WIKIDATA":"Q7040"},"geometry":{"type":"Point","coordinates":[7.33333,49.31667]}},
{"type":"Feature","properties":{"NAME":"Bietigheim-Bissingen","NAME_DE":"Bietigheim-Bissingen","NAME_EN":"Bietigheim-Bissingen","NAME_IT":"Bietigheim-Bissingen","POP_MAX":43354,"POP_YEAR":"2025","POP1950":null,"ADM0CAP":0,"ADM0NAME":"Germany","ADM1NAME":"Baden-Württemberg","WIKIDATA":"Q7067"},"geometry":{"type":"Point","coordinates":[9.13611,48.94944]}},
{"type":"Feature","properties":{"NAME":"Kaarst","NAME_DE":"Kaarst","NAME_EN":"Kaarst","NAME_IT":"Kaarst","POP_MAX":43350,"POP_YEAR":"2025","POP1950":null,"ADM0CAP":0,"ADM0NAME":"Germany","ADM1NAME":"Nordrhein-Westfalen","WIKIDATA":"Q7088"},"geometry":{"type":"Point","coordinates":[6.62733,51.22785]}},
{"type":"Feature","properties":{"NAME":"Borken","NAME_DE":"Borken","NAME_EN":"Borken","NAME_IT":"Borken","POP_MAX":43170,"POP_YEAR":"2025","POP1950":null,"ADM0CAP":0,"ADM0NAME":"Germany","ADM1NAME":"Nordrhein-Westfalen","WIKIDATA":"Q453"},"geometry":{"type":"Point","coordinates":[6.85833,51.84389]}},
{"type":"Feature","properties":{"NAME":"Heinsberg","NAME_DE":"Heinsberg","NAME_EN":"Heinsberg","NAME_IT":"Heinsberg","POP_MAX":43116,"POP_YEAR":"2025","POP1950":null,"ADM0CAP":0,"ADM0NAME":"Germany","ADM1NAME":"Nordrhein-Westfalen","WIKIDATA":"Q14833"},"geometry":{"type":"Point","coordinates":[6.09639,51.06306]}},
{"type":"Feature","properties":{"NAME":"Wismar","NAME_DE":"Wismar","NAME_EN":"Wismar","NAME_IT":"Wismar","POP_MAX":43103,"POP_YEAR":"2025","POP1950":null,"ADM0CAP":0,"ADM0NAME":"Germany","ADM1NAME":"Mecklenburg-Vorpommern","WIKIDATA":"Q7030"},"geometry":{"type":"Point","coordinates":[11.465,53.8925]}},
{"type":"Feature","properties":{"NAME":"Gifhorn","NAME_DE":"Gifhorn","NAME_EN":"Gifhorn","NAME_IT":"Gifhorn","POP_MAX":42816,"POP_YEAR":"2025","POP1950":null,"ADM0CAP":0,"ADM0NAME":"Germany","ADM1NAME":"Niedersachsen","WIKIDATA":"Q14813"},"geometry":{"type":"Point","coordinates":[10.54639,52.48861]}},
{"type":"Feature","properties":{"NAME":"Amberg","NAME_DE":"Amberg","NAME_EN":"Amberg","NAME_IT":"Amberg","POP_MAX":42631,"POP_YEAR":"2025","POP1950":null,"ADM0CAP":0,"ADM0NAME":"Germany","ADM1NAME":"Bayern","WIKIDATA":"Q7042"},"geometry":{"type":"Point","coordinates":[11.84833,49.44444]}},
{"type":"Feature","properties":{"NAME":"Schwäbisch Hall","NAME_DE":"Schwäbisch Hall","NAME_EN":"Schwäbisch Hall","NAME_IT":"Schwäbisch Hall","POP_MAX":42598,"POP_YEAR":"2026","POP1950":null,"ADM0CAP":0,"ADM0NAME":"Germany","ADM1NAME":"Baden-Württemberg","WIKIDATA":"Q14910"},"geometry":{"type":"Point","coordinates":[9.7375,49.11222]}},
{"type":"Feature","properties":{"NAME":"Aurich","NAME_DE":"Aurich","NAME_EN":"Aurich","NAME_IT":"Aurich","POP_MAX":42575,"POP_YEAR":"2025","POP1950":null,"ADM0CAP":0,"ADM0NAME":"Germany","ADM1NAME":"Niedersachsen","WIKIDATA":"Q14839"},"geometry":{"type":"Point","coordinates":[7.48361,53.47139]}},
{"type":"Feature","properties":{"NAME":"Weiden in der Oberpfalz","NAME_DE":"Weiden in der Oberpfalz","NAME_EN":"Weiden in der Oberpfalz","NAME_IT":"Weiden in der Oberpfalz","POP_MAX":42453,"POP_YEAR":"2025","POP1950":null,"ADM0CAP":0,"ADM0NAME":"Germany","ADM1NAME":"Bayern","WIKIDATA":"Q14803"},"geometry":{"type":"Point","coordinates":[12.16606,49.67353]}},
{"type":"Feature","properties":{"NAME":"Kirchheim unter Teck","NAME_DE":"Kirchheim unter Teck","NAME_EN":"Kirchheim unter Teck","NAME_IT":"Kirchheim unter Teck","POP_MAX":42382,"POP_YEAR":"2025","POP1950":null,"ADM0CAP":0,"ADM0NAME":"Germany","ADM1NAME":"Baden-Württemberg","WIKIDATA":"Q14866"},"geometry":{"type":"Point","coordinates":[9.45111,48.64833]}},
{"type":"Feature","properties":{"NAME":"Siegburg","NAME_DE":"Siegburg","NAME_EN":"Siegburg","NAME_IT":"Siegburg","POP_MAX":42204,"POP_YEAR":"2025","POP1950":null,"ADM0CAP":0,"ADM0NAME":"Germany","ADM1NAME":"Nordrhein-Westfalen","WIKIDATA":"Q14870"},"geometry":{"type":"Point","coordinates":[7.20444,50.80139]}},
{"type":"Feature","properties":{"NAME":"Kamen","NAME_DE":"Kamen","NAME_EN":"Kamen","NAME_IT":"Kamen","POP_MAX":42139,"POP_YEAR":"2025","POP1950":null,"ADM0CAP":0,"ADM0NAME":"Germany","ADM1NAME":"Nordrhein-Westfalen","WIKIDATA":"Q7028"},"geometry":{"type":"Point","coordinates":[7.66528,51.59167]}},
{"type":"Feature","properties":{"NAME":"Dreieich","NAME_DE":"Dreieich","NAME_EN":"Dreieich","NAME_IT":"Dreieich","POP_MAX":41965,"POP_YEAR":"2025","POP1950":null,"ADM0CAP":0,"ADM0NAME":"Germany","ADM1NAME":"Hessen","WIKIDATA":"Q14845"},"geometry":{"type":"Point","coordinates":[8.69611,50.01889]}},
{"type":"Feature","properties":{"NAME":"Eberswalde","NAME_DE":"Eberswalde","NAME_EN":"Eberswalde","NAME_IT":"Eberswalde","POP_MAX":41867,"POP_YEAR":"2025","POP1950":null,"ADM0CAP":0,"ADM0NAME":"Germany","ADM1NAME":"Brandenburg","WIKIDATA":"Q9306"},"geometry":{"type":"Point","coordinates":[13.83306,52.83306]}},
{"type":"Feature","properties":{"NAME":"Laatzen","NAME_DE":"Laatzen","NAME_EN":"Laatzen","NAME_IT":"Laatzen","POP_MAX":41724,"POP_YEAR":"2025","POP1950":null,"ADM0CAP":0,"ADM0NAME":"Germany","ADM1NAME":"Niedersachsen","WIKIDATA":"Q14856"},"geometry":{"type":"Point","coordinates":[9.81328,52.3077]}},
{"type":"Feature","properties":{"NAME":"Nettetal","NAME_DE":"Nettetal","NAME_EN":"Nettetal","NAME_IT":"Nettetal","POP_MAX":41711,"POP_YEAR":"2025","POP1950":null,"ADM0CAP":0,"ADM0NAME":"Germany","ADM1NAME":"Nordrhein-Westfalen","WIKIDATA":"Q14810"},"geometry":{"type":"Point","coordinates":[6.28333,51.31667]}},
{"type":"Feature","properties":{"NAME":"Buchholz in der Nordheide","NAME_DE":"Buchholz in der Nordheide","NAME_EN":"Buchholz in der Nordheide","NAME_IT":"Buchholz in der Nordheide","POP_MAX":41636,"POP_YEAR":"2025","POP1950":null,"ADM0CAP":0,"ADM0NAME":"Germany","ADM1NAME":"Niedersachsen","WIKIDATA":"Q14892"},"geometry":{"type":"Point","coordinates":[9.86208,53.32852]}},
{"type":"Feature","properties":{"NAME":"Schorndorf","NAME_DE":"Schorndorf","NAME_EN":"Schorndorf","NAME_IT":"Schorndorf","POP_MAX":41469,"POP_YEAR":"2025","POP1950":null,"ADM0CAP":0,"ADM0NAME":"Germany","ADM1NAME":"Baden-Württemberg","WIKIDATA":"Q14882"},"geometry":{"type":"Point","coordinates":[9.53333,48.8]}},
{"type":"Feature","properties":{"NAME":"Leinfelden-Echterdingen","NAME_DE":"Leinfelden-Echterdingen","NAME_EN":"Leinfelden-Echterdingen","NAME_IT":"Leinfelden-Echterdingen","POP_MAX":41448,"POP_YEAR":"2025","POP1950":null,"ADM0CAP":0,"ADM0NAME":"Germany","ADM1NAME":"Baden-Württemberg","WIKIDATA":"Q14905"},"geometry":{"type":"Point","coordinates":[9.14278,48.69278]}},
{"type":"Feature","properties":{"NAME":"Neumarkt in der Oberpfalz","NAME_DE":"Neumarkt in der Oberpfalz","NAME_EN":"Neumarkt in der Oberpfalz","NAME_IT":"Neumarkt in der Oberpfalz","POP_MAX":41258,"POP_YEAR":"2025","POP1950":null,"ADM0CAP":0,"ADM0NAME":"Germany","ADM1NAME":"Bayern","WIKIDATA":"Q14887"},"geometry":{"type":"Point","coordinates":[11.46667,49.28333]}},
{"type":"Feature","properties":{"NAME":"Freiberg","NAME_DE":"Freiberg","NAME_EN":"Freiberg","NAME_IT":"Freiberg","POP_MAX":41205,"POP_YEAR":"2025","POP1950":null,"ADM0CAP":0,"ADM0NAME":"Germany","ADM1NAME":"Sachsen","WIKIDATA":"Q14819"},"geometry":{"type":"Point","coordinates":[13.34278,50.91194]}},
{"type":"Feature","properties":{"NAME":"Germering","NAME_DE":"Germering","NAME_EN":"Germering","NAME_IT":"Germering","POP_MAX":41155,"POP_YEAR":"2025","POP1950":null,"ADM0CAP":0,"ADM0NAME":"Germany","ADM1NAME":"Bayern","WIKIDATA":"Q14898"},"geometry":{"type":"Point","coordinates":[11.36667,48.13333]}},
{"type":"Feature","properties":{"NAME":"Hückelhoven","NAME_DE":"Hückelhoven","NAME_EN":"Hückelhoven","NAME_IT":"Hückelhoven","POP_MAX":41148,"POP_YEAR":"2025","POP1950":null,"ADM0CAP":0,"ADM0NAME":"Germany","ADM1NAME":"Nordrhein-Westfalen","WIKIDATA":"Q14884"},"geometry":{"type":"Point","coordinates":[6.21972,51.06083]}},
{"type":"Feature","properties":{"NAME":"Wunstorf","NAME_DE":"Wunstorf","NAME_EN":"Wunstorf","NAME_IT":"Wunstorf","POP_MAX":41126,"POP_YEAR":"2025","POP1950":null,"ADM0CAP":0,"ADM0NAME":"Germany","ADM1NAME":"Niedersachsen","WIKIDATA":"Q14827"},"geometry":{"type":"Point","coordinates":[9.43585,52.42377]}},
{"type":"Feature","properties":{"NAME":"Buxtehude","NAME_DE":"Buxtehude","NAME_EN":"Buxtehude","NAME_IT":"Buxtehude","POP_MAX":41103,"POP_YEAR":"2025","POP1950":null,"ADM0CAP":0,"ADM0NAME":"Germany","ADM1NAME":"Niedersachsen","WIKIDATA":"Q14868"},"geometry":{"type":"Point","coordinates":[9.70111,53.47694]}},
{"type":"Feature","properties":{"NAME":"Coburg","NAME_DE":"Coburg","NAME_EN":"Coburg","NAME_IT":"Coburgo","POP_MAX":40970,"POP_YEAR":"2025","POP1950":null,"ADM0CAP":0,"ADM0NAME":"Germany","ADM1NAME":"Bayern","WIKIDATA":"Q14821"},"geometry":{"type":"Point","coordinates":[10.95787,50.25847]}},
{"type":"Feature","properties":{"NAME":"Nürtingen","NAME_DE":"Nürtingen","NAME_EN":"Nürtingen","NAME_IT":"Nürtingen","POP_MAX":40898,"POP_YEAR":"2025","POP1950":null,"ADM0CAP":0,"ADM0NAME":"Germany","ADM1NAME":"Baden-Württemberg","WIKIDATA":"Q14853"},"geometry":{"type":"Point","coordinates":[9.33528,48.62667]}},
{"type":"Feature","properties":{"NAME":"Bensheim","NAME_DE":"Bensheim","NAME_EN":"Bensheim","NAME_IT":"Bensheim","POP_MAX":40848,"POP_YEAR":"2025","POP1950":null,"ADM0CAP":0,"ADM0NAME":"Germany","ADM1NAME":"Hessen","WIKIDATA":"Q14872"},"geometry":{"type":"Point","coordinates":[8.62278,49.68111]}},
{"type":"Feature","properties":{"NAME":"Löhne","NAME_DE":"Löhne","NAME_EN":"Löhne","NAME_IT":"Löhne","POP_MAX":40757,"POP_YEAR":"2025","POP1950":null,"ADM0CAP":0,"ADM0NAME":"Germany","ADM1NAME":"Nordrhein-Westfalen","WIKIDATA":"Q14863"},"geometry":{"type":"Point","coordinates":[8.7,52.2]}},
{"type":"Feature","properties":{"NAME":"Schwabach","NAME_DE":"Schwabach","NAME_EN":"Schwabach","NAME_IT":"Schwabach","POP_MAX":40702,"POP_YEAR":"2025","POP1950":null,"ADM0CAP":0,"ADM0NAME":"Germany","ADM1NAME":"Bayern","WIKIDATA":"Q14889"},"geometry":{"type":"Point","coordinates":[11.02083,49.32917]}},
{"type":"Feature","properties":{"NAME":"Völklingen","NAME_DE":"Völklingen","NAME_EN":"Völklingen","NAME_IT":"Völklingen","POP_MAX":40565,"POP_YEAR":"2025","POP1950":null,"ADM0CAP":0,"ADM0NAME":"Germany","ADM1NAME":"Saarland","WIKIDATA":"Q14876"},"geometry":{"type":"Point","coordinates":[6.85666,49.25298]}},
{"type":"Feature","properties":{"NAME":"Ansbach","NAME_DE":"Ansbach","NAME_EN":"Ansbach","NAME_IT":"Ansbach","POP_MAX":40554,"POP_YEAR":"2025","POP1950":null,"ADM0CAP":0,"ADM0NAME":"Germany","ADM1NAME":"Bayern","WIKIDATA":"Q14859"},"geometry":{"type":"Point","coordinates":[10.58333,49.3]}},
{"type":"Feature","properties":{"NAME":"Eisenach","NAME_DE":"Eisenach","NAME_EN":"Eisenach","NAME_IT":"Eisenach","POP_MAX":40505,"POP_YEAR":"2025","POP1950":null,"ADM0CAP":0,"ADM0NAME":"Germany","ADM1NAME":"Thüringen","WIKIDATA":"Q7070"},"geometry":{"type":"Point","coordinates":[10.32444,50.97472]}},
{"type":"Feature","properties":{"NAME":"Königswinter","NAME_DE":"Königswinter","NAME_EN":"Königswinter","NAME_IT":"Königswinter","POP_MAX":40458,"POP_YEAR":"2025","POP1950":null,"ADM0CAP":0,"ADM0NAME":"Germany","ADM1NAME":"Nordrhein-Westfalen","WIKIDATA":"Q12444"},"geometry":{"type":"Point","coordinates":[7.18333,50.68333]}},
{"type":"Feature","properties":{"NAME":"Nordhausen","NAME_DE":"Nordhausen","NAME_EN":"Nordhausen","NAME_IT":"Nordhausen","POP_MAX":40301,"POP_YEAR":"2025","POP1950":null,"ADM0CAP":0,"ADM0NAME":"Germany","ADM1NAME":"Thüringen","WIKIDATA":"Q7033"},"geometry":{"type":"Point","coordinates":[10.79111,51.505]}},
{"type":"Feature","properties":{"NAME":"Würselen","NAME_DE":"Würselen","NAME_EN":"Würselen","NAME_IT":"Würselen","POP_MAX":40249,"POP_YEAR":"2025","POP1950":null,"ADM0CAP":0,"ADM0NAME":"Germany","ADM1NAME":"Nordrhein-Westfalen","WIKIDATA":"Q14901"},"geometry":{"type":"Point","coordinates":[6.1275,50.82472]}},
{"type":"Feature","properties":{"NAME":"Ahaus","NAME_DE":"Ahaus","NAME_EN":"Ahaus","NAME_IT":"Ahaus","POP_MAX":40183,"POP_YEAR":"2025","POP1950":null,"ADM0CAP":0,"ADM0NAME":"Germany","ADM1NAME":"Nordrhein-Westfalen","WIKIDATA":"Q14888"},"geometry":{"type":"Point","coordinates":[7.01344,52.07936]}},
{"type":"Feature","properties":{"NAME":"Pirna","NAME_DE":"Pirna","NAME_EN":"Pirna","NAME_IT":"Pirna","POP_MAX":40039,"POP_YEAR":"2025","POP1950":null,"ADM0CAP":0,"ADM0NAME":"Germany","ADM1NAME":"Sachsen","WIKIDATA":"Q6477"},"geometry":{"type":"Point","coordinates":[13.94028,50.96222]}},
{"type":"Feature","properties":{"NAME":"Lemgo","NAME_DE":"Lemgo","NAME_EN":"Lemgo","NAME_IT":"Lemgo","POP_MAX":39959,"POP_YEAR":"2025","POP1950":null,"ADM0CAP":0,"ADM0NAME":"Germany","ADM1NAME":"Nordrhein-Westfalen","WIKIDATA":"Q14817"},"geometry":{"type":"Point","coordinates":[8.9043,52.02768]}},
{"type":"Feature","properties":{"NAME":"Ostfildern","NAME_DE":"Ostfildern","NAME_EN":"Ostfildern","NAME_IT":"Ostfildern","POP_MAX":39794,"POP_YEAR":"2025","POP1950":null,"ADM0CAP":0,"ADM0NAME":"Germany","ADM1NAME":"Baden-Württemberg","WIKIDATA":"Q14916"},"geometry":{"type":"Point","coordinates":[9.26306,48.72278]}},
{"type":"Feature","properties":{"NAME":"Kehl","NAME_DE":"Kehl","NAME_EN":"Kehl","NAME_IT":"Kehl","POP_MAX":39708,"POP_YEAR":"2025","POP1950":null,"ADM0CAP":0,"ADM0NAME":"Germany","ADM1NAME":"Baden-Württemberg","WIKIDATA":"Q15979"},"geometry":{"type":"Point","coordinates":[7.80889,48.57111]}},
{"type":"Feature","properties":{"NAME":"Mettmann","NAME_DE":"Mettmann","NAME_EN":"Mettmann","NAME_IT":"Mettmann","POP_MAX":39595,"POP_YEAR":"2025","POP1950":null,"ADM0CAP":0,"ADM0NAME":"Germany","ADM1NAME":"Nordrhein-Westfalen","WIKIDATA":"Q14878"},"geometry":{"type":"Point","coordinates":[6.96667,51.25]}},
{"type":"Feature","properties":{"NAME":"Königs Wusterhausen","NAME_DE":"Königs Wusterhausen","NAME_EN":"Königs Wusterhausen","NAME_IT":"Königs Wusterhausen","POP_MAX":39590,"POP_YEAR":"2025","POP1950":null,"ADM0CAP":0,"ADM0NAME":"Germany","ADM1NAME":"Brandenburg","WIKIDATA":"Q16013"},"geometry":{"type":"Point","coordinates":[13.625,52.29167]}},
{"type":"Feature","properties":{"NAME":"Pirmasens","NAME_DE":"Pirmasens","NAME_EN":"Pirmasens","NAME_IT":"Pirmasens","POP_MAX":39389,"POP_YEAR":"2025","POP1950":null,"ADM0CAP":0,"ADM0NAME":"Germany","ADM1NAME":"Rheinland-Pfalz","WIKIDATA":"Q14849"},"geometry":{"type":"Point","coordinates":[7.6,49.2]}},
{"type":"Feature","properties":{"NAME":"Freital","NAME_DE":"Freital","NAME_EN":"Freital","NAME_IT":"Freital","POP_MAX":39174,"POP_YEAR":"2025","POP1950":null,"ADM0CAP":0,"ADM0NAME":"Germany","ADM1NAME":"Sachsen","WIKIDATA":"Q5870"},"geometry":{"type":"Point","coordinates":[13.65,51.01667]}},
{"type":"Feature","properties":{"NAME":"Hofheim am Taunus","NAME_DE":"Hofheim am Taunus","NAME_EN":"Hofheim am Taunus","NAME_IT":"Hofheim am Taunus","POP_MAX":39149,"POP_YEAR":"2025","POP1950":null,"ADM0CAP":0,"ADM0NAME":"Germany","ADM1NAME":"Hessen","WIKIDATA":"Q14896"},"geometry":{"type":"Point","coordinates":[8.44472,50.08757]}},
{"type":"Feature","properties":{"NAME":"Maintal","NAME_DE":"Maintal","NAME_EN":"Maintal","NAME_IT":"Maintal","POP_MAX":39130,"POP_YEAR":"2025","POP1950":null,"ADM0CAP":0,"ADM0NAME":"Germany","ADM1NAME":"Hessen","WIKIDATA":"Q14897"},"geometry":{"type":"Point","coordinates":[8.83713,50.14387]}},
{"type":"Feature","properties":{"NAME":"Langen","NAME_DE":"Langen","NAME_EN":"Langen","NAME_IT":"Langen","POP_MAX":39009,"POP_YEAR":"2025","POP1950":null,"ADM0CAP":0,"ADM0NAME":"Germany","ADM1NAME":"Hessen","WIKIDATA":"Q14932"},"geometry":{"type":"Point","coordinates":[8.68035,49.98931]}},
{"type":"Feature","properties":{"NAME":"Ilmenau","NAME_DE":"Ilmenau","NAME_EN":"Ilmenau","NAME_IT":"Ilmenau","POP_MAX":38695,"POP_YEAR":"2025","POP1950":null,"ADM0CAP":0,"ADM0NAME":"Germany","ADM1NAME":"Thüringen","WIKIDATA":"Q205929"},"geometry":{"type":"Point","coordinates":[10.91417,50.68722]}},
{"type":"Feature","properties":{"NAME":"Backnang","NAME_DE":"Backnang","NAME_EN":"Backnang","NAME_IT":"Backnang","POP_MAX":38615,"POP_YEAR":"2025","POP1950":null,"ADM0CAP":0,"ADM0NAME":"Germany","ADM1NAME":"Baden-Württemberg","WIKIDATA":"Q14947"},"geometry":{"type":"Point","coordinates":[9.43056,48.94639]}},
{"type":"Feature","properties":{"NAME":"Ettlingen","NAME_DE":"Ettlingen","NAME_EN":"Ettlingen","NAME_IT":"Ettlingen","POP_MAX":38557,"POP_YEAR":"2025","POP1950":null,"ADM0CAP":0,"ADM0NAME":"Germany","ADM1NAME":"Baden-Württemberg","WIKIDATA":"Q14893"},"geometry":{"type":"Point","coordinates":[8.4,48.93333]}},
{"type":"Feature","properties":{"NAME":"Niederkassel","NAME_DE":"Niederkassel","NAME_EN":"Niederkassel","NAME_IT":"Niederkassel","POP_MAX":38357,"POP_YEAR":"2025","POP1950":null,"ADM0CAP":0,"ADM0NAME":"Germany","ADM1NAME":"Nordrhein-Westfalen","WIKIDATA":"Q12472"},"geometry":{"type":"Point","coordinates":[7.03333,50.81667]}},
{"type":"Feature","properties":{"NAME":"Neu-Isenburg","NAME_DE":"Neu-Isenburg","NAME_EN":"Neu-Isenburg","NAME_IT":"Neu-Isenburg","POP_MAX":38236,"POP_YEAR":"2025","POP1950":null,"ADM0CAP":0,"ADM0NAME":"Germany","ADM1NAME":"Hessen","WIKIDATA":"Q14920"},"geometry":{"type":"Point","coordinates":[8.69708,50.05576]}},
{"type":"Feature","properties":{"NAME":"Coesfeld","NAME_DE":"Coesfeld","NAME_EN":"Coesfeld","NAME_IT":"Coesfeld","POP_MAX":38197,"POP_YEAR":"2025","POP1950":null,"ADM0CAP":0,"ADM0NAME":"Germany","ADM1NAME":"Nordrhein-Westfalen","WIKIDATA":"Q14914"},"geometry":{"type":"Point","coordinates":[7.1675,51.94583]}},
{"type":"Feature","properties":{"NAME":"Kamp-Lintfort","NAME_DE":"Kamp-Lintfort","NAME_EN":"Kamp-Lintfort","NAME_IT":"Kamp-Lintfort","POP_MAX":38150,"POP_YEAR":"2025","POP1950":null,"ADM0CAP":0,"ADM0NAME":"Germany","ADM1NAME":"Nordrhein-Westfalen","WIKIDATA":"Q14895"},"geometry":{"type":"Point","coordinates":[6.53333,51.5]}},
{"type":"Feature","properties":{"NAME":"Greven","NAME_DE":"Greven","NAME_EN":"Greven","NAME_IT":"Greven","POP_MAX":38080,"POP_YEAR":"2025","POP1950":null,"ADM0CAP":0,"ADM0NAME":"Germany","ADM1NAME":"Nordrhein-Westfalen","WIKIDATA":"Q14917"},"geometry":{"type":"Point","coordinates":[7.60833,52.09167]}},
{"type":"Feature","properties":{"NAME":"Wesseling","NAME_DE":"Wesseling","NAME_EN":"Wesseling","NAME_IT":"Wesseling","POP_MAX":38051,"POP_YEAR":"2025","POP1950":null,"ADM0CAP":0,"ADM0NAME":"Germany","ADM1NAME":"Nordrhein-Westfalen","WIKIDATA":"Q14956"},"geometry":{"type":"Point","coordinates":[6.9786,50.82075]}},
{"type":"Feature","properties":{"NAME":"Haltern am See","NAME_DE":"Haltern am See","NAME_EN":"Haltern am See","NAME_IT":"Haltern am See","POP_MAX":38029,"POP_YEAR":"2025","POP1950":null,"ADM0CAP":0,"ADM0NAME":"Germany","ADM1NAME":"Nordrhein-Westfalen","WIKIDATA":"Q14900"},"geometry":{"type":"Point","coordinates":[7.18333,51.75]}},
{"type":"Feature","properties":{"NAME":"Stendal","NAME_DE":"Stendal","NAME_EN":"Stendal","NAME_IT":"Stendal","POP_MAX":37750,"POP_YEAR":"2025","POP1950":null,"ADM0CAP":0,"ADM0NAME":"Germany","ADM1NAME":"Sachsen-Anhalt","WIKIDATA":"Q7082"},"geometry":{"type":"Point","coordinates":[11.85,52.6]}},
{"type":"Feature","properties":{"NAME":"Warendorf","NAME_DE":"Warendorf","NAME_EN":"Warendorf","NAME_IT":"Warendorf","POP_MAX":37705,"POP_YEAR":"2025","POP1950":null,"ADM0CAP":0,"ADM0NAME":"Germany","ADM1NAME":"Nordrhein-Westfalen","WIKIDATA":"Q2769"},"geometry":{"type":"Point","coordinates":[7.99333,51.95389]}},
{"type":"Feature","properties":{"NAME":"Saarlouis","NAME_DE":"Saarlouis","NAME_EN":"Saarlouis","NAME_IT":"Saarlouis","POP_MAX":37675,"POP_YEAR":"2025","POP1950":null,"ADM0CAP":0,"ADM0NAME":"Germany","ADM1NAME":"Saarland","WIKIDATA":"Q14912"},"geometry":{"type":"Point","coordinates":[6.75,49.31667]}},
{"type":"Feature","properties":{"NAME":"Fürstenfeldbruck","NAME_DE":"Fürstenfeldbruck","NAME_EN":"Fürstenfeldbruck","NAME_IT":"Fürstenfeldbruck","POP_MAX":37666,"POP_YEAR":"2025","POP1950":null,"ADM0CAP":0,"ADM0NAME":"Germany","ADM1NAME":"Bayern","WIKIDATA":"Q16003"},"geometry":{"type":"Point","coordinates":[11.25556,48.17778]}},
{"type":"Feature","properties":{"NAME":"Erding","NAME_DE":"Erding","NAME_EN":"Erding","NAME_IT":"Erding","POP_MAX":37341,"POP_YEAR":"2025","POP1950":null,"ADM0CAP":0,"ADM0NAME":"Germany","ADM1NAME":"Bayern","WIKIDATA":"Q15980"},"geometry":{"type":"Point","coordinates":[11.90823,48.3001]}},
{"type":"Feature","properties":{"NAME":"Weißenfels","NAME_DE":"Weißenfels","NAME_EN":"Weißenfels","NAME_IT":"Weißenfels","POP_MAX":37308,"POP_YEAR":"2025","POP1950":null,"ADM0CAP":0,"ADM0NAME":"Germany","ADM1NAME":"Sachsen-Anhalt","WIKIDATA":"Q14815"},"geometry":{"type":"Point","coordinates":[11.96667,51.2]}},
{"type":"Feature","properties":{"NAME":"Bautzen","NAME_DE":"Bautzen","NAME_EN":"Bautzen","NAME_IT":"Bautzen","POP_MAX":37306,"POP_YEAR":"2025","POP1950":null,"ADM0CAP":0,"ADM0NAME":"Germany","ADM1NAME":"Sachsen","WIKIDATA":"Q14835"},"geometry":{"type":"Point","coordinates":[14.42389,51.18139]}},
{"type":"Feature","properties":{"NAME":"Beckum","NAME_DE":"Beckum","NAME_EN":"Beckum","NAME_IT":"Beckum","POP_MAX":37110,"POP_YEAR":"2025","POP1950":null,"ADM0CAP":0,"ADM0NAME":"Germany","ADM1NAME":"Nordrhein-Westfalen","WIKIDATA":"Q2707"},"geometry":{"type":"Point","coordinates":[8.04083,51.75583]}},
{"type":"Feature","properties":{"NAME":"Sinsheim","NAME_DE":"Sinsheim","NAME_EN":"Sinsheim","NAME_IT":"Sinsheim","POP_MAX":37105,"POP_YEAR":"2025","POP1950":null,"ADM0CAP":0,"ADM0NAME":"Germany","ADM1NAME":"Baden-Württemberg","WIKIDATA":"Q14950"},"geometry":{"type":"Point","coordinates":[8.88333,49.25]}},
{"type":"Feature","properties":{"NAME":"Tuttlingen","NAME_DE":"Tuttlingen","NAME_EN":"Tuttlingen","NAME_IT":"Tuttlingen","POP_MAX":37093,"POP_YEAR":"2025","POP1950":null,"ADM0CAP":0,"ADM0NAME":"Germany","ADM1NAME":"Baden-Württemberg","WIKIDATA":"Q15987"},"geometry":{"type":"Point","coordinates":[8.82333,47.985]}},
{"type":"Feature","properties":{"NAME":"Winsen","NAME_DE":"Winsen","NAME_EN":"Winsen","NAME_IT":"Winsen","POP_MAX":37050,"POP_YEAR":"2025","POP1950":null,"ADM0CAP":0,"ADM0NAME":"Germany","ADM1NAME":"Niedersachsen","WIKIDATA":"Q16000"},"geometry":{"type":"Point","coordinates":[10.21667,53.36667]}},
{"type":"Feature","properties":{"NAME":"Meppen","NAME_DE":"Meppen","NAME_EN":"Meppen","NAME_IT":"Meppen","POP_MAX":36984,"POP_YEAR":"2025","POP1950":null,"ADM0CAP":0,"ADM0NAME":"Germany","ADM1NAME":"Niedersachsen","WIKIDATA":"Q15977"},"geometry":{"type":"Point","coordinates":[7.29097,52.69064]}},
{"type":"Feature","properties":{"NAME":"Papenburg","NAME_DE":"Papenburg","NAME_EN":"Papenburg","NAME_IT":"Papenburg","POP_MAX":36972,"POP_YEAR":"2025","POP1950":null,"ADM0CAP":0,"ADM0NAME":"Germany","ADM1NAME":"Niedersachsen","WIKIDATA":"Q14957"},"geometry":{"type":"Point","coordinates":[7.4,53.06667]}},
{"type":"Feature","properties":{"NAME":"Halberstadt","NAME_DE":"Halberstadt","NAME_EN":"Halberstadt","NAME_IT":"Halberstadt","POP_MAX":36615,"POP_YEAR":"2025","POP1950":null,"ADM0CAP":0,"ADM0NAME":"Germany","ADM1NAME":"Sachsen-Anhalt","WIKIDATA":"Q7072"},"geometry":{"type":"Point","coordinates":[11.04667,51.89583]}},
{"type":"Feature","properties":{"NAME":"Cloppenburg","NAME_DE":"Cloppenburg","NAME_EN":"Cloppenburg","NAME_IT":"Cloppenburg","POP_MAX":36535,"POP_YEAR":"2025","POP1950":null,"ADM0CAP":0,"ADM0NAME":"Germany","ADM1NAME":"Niedersachsen","WIKIDATA":"Q16059"},"geometry":{"type":"Point","coordinates":[8.04389,52.84778]}},
{"type":"Feature","properties":{"NAME":"Porta Westfalica","NAME_DE":"Porta Westfalica","NAME_EN":"Porta Westfalica","NAME_IT":"Porta Westfalica","POP_MAX":36502,"POP_YEAR":"2025","POP1950":null,"ADM0CAP":0,"ADM0NAME":"Germany","ADM1NAME":"Nordrhein-Westfalen","WIKIDATA":"Q14954"},"geometry":{"type":"Point","coordinates":[8.92137,52.2401]}},
{"type":"Feature","properties":{"NAME":"Bitterfeld-Wolfen","NAME_DE":"Bitterfeld-Wolfen","NAME_EN":"Bitterfeld-Wolfen","NAME_IT":"Bitterfeld-Wolfen","POP_MAX":36186,"POP_YEAR":"2025","POP1950":null,"ADM0CAP":0,"ADM0NAME":"Germany","ADM1NAME":"Sachsen-Anhalt","WIKIDATA":"Q7007"},"geometry":{"type":"Point","coordinates":[12.30763,51.6425]}},
{"type":"Feature","properties":{"NAME":"Mühlhausen/Thüringen","NAME_DE":"Mühlhausen/Thüringen","NAME_EN":"Mühlhausen/Thuringia","NAME_IT":"Mühlhausen/Thüringen","POP_MAX":36155,"POP_YEAR":"2025","POP1950":null,"ADM0CAP":0,"ADM0NAME":"Germany","ADM1NAME":"Thüringen","WIKIDATA":"Q14925"},"geometry":{"type":"Point","coordinates":[10.45,51.21667]}},
{"type":"Feature","properties":{"NAME":"Emsdetten","NAME_DE":"Emsdetten","NAME_EN":"Emsdetten","NAME_IT":"Emsdetten","POP_MAX":35925,"POP_YEAR":"2025","POP1950":null,"ADM0CAP":0,"ADM0NAME":"Germany","ADM1NAME":"Nordrhein-Westfalen","WIKIDATA":"Q14936"},"geometry":{"type":"Point","coordinates":[7.53444,52.17278]}},
{"type":"Feature","properties":{"NAME":"Crailsheim","NAME_DE":"Crailsheim","NAME_EN":"Crailsheim","NAME_IT":"Crailsheim","POP_MAX":35905,"POP_YEAR":"2025","POP1950":null,"ADM0CAP":0,"ADM0NAME":"Germany","ADM1NAME":"Baden-Württemberg","WIKIDATA":"Q16048"},"geometry":{"type":"Point","coordinates":[10.07056,49.13472]}},
{"type":"Feature","properties":{"NAME":"Bad Vilbel","NAME_DE":"Bad Vilbel","NAME_EN":"Bad Vilbel","NAME_IT":"Bad Vilbel","POP_MAX":35886,"POP_YEAR":"2025","POP1950":null,"ADM0CAP":0,"ADM0NAME":"Germany","ADM1NAME":"Hessen","WIKIDATA":"Q16082"},"geometry":{"type":"Point","coordinates":[8.73611,50.17806]}},
{"type":"Feature","properties":{"NAME":"Limburg an der Lahn","NAME_DE":"Limburg an der Lahn","NAME_EN":"Limburg an der Lahn","NAME_IT":"Limburg an der Lahn","POP_MAX":35802,"POP_YEAR":"2025","POP1950":null,"ADM0CAP":0,"ADM0NAME":"Germany","ADM1NAME":"Hessen","WIKIDATA":"Q16026"},"geometry":{"type":"Point","coordinates":[8.06667,50.38333]}},
{"type":"Feature","properties":{"NAME":"Balingen","NAME_DE":"Balingen","NAME_EN":"Balingen","NAME_IT":"Balingen","POP_MAX":35744,"POP_YEAR":"2025","POP1950":null,"ADM0CAP":0,"ADM0NAME":"Germany","ADM1NAME":"Baden-Württemberg","WIKIDATA":"Q16015"},"geometry":{"type":"Point","coordinates":[8.85056,48.27306]}},
{"type":"Feature","properties":{"NAME":"Voerde","NAME_DE":"Voerde","NAME_EN":"Voerde","NAME_IT":"Voerde (Niederrhein)","POP_MAX":35529,"POP_YEAR":"2025","POP1950":null,"ADM0CAP":0,"ADM0NAME":"Germany","ADM1NAME":"Nordrhein-Westfalen","WIKIDATA":"Q14903"},"geometry":{"type":"Point","coordinates":[6.68333,51.6]}},
{"type":"Feature","properties":{"NAME":"Dietzenbach","NAME_DE":"Dietzenbach","NAME_EN":"Dietzenbach","NAME_IT":"Dietzenbach","POP_MAX":35458,"POP_YEAR":"2025","POP1950":null,"ADM0CAP":0,"ADM0NAME":"Germany","ADM1NAME":"Hessen","WIKIDATA":"Q16033"},"geometry":{"type":"Point","coordinates":[8.77556,50.00861]}},
{"type":"Feature","properties":{"NAME":"St. Ingbert","NAME_DE":"St. Ingbert","NAME_EN":"Sankt Ingbert","NAME_IT":"St. Ingbert","POP_MAX":35209,"POP_YEAR":"2025","POP1950":null,"ADM0CAP":0,"ADM0NAME":"Germany","ADM1NAME":"Saarland","WIKIDATA":"Q14907"},"geometry":{"type":"Point","coordinates":[7.115,49.27889]}},
{"type":"Feature","properties":{"NAME":"Deggendorf","NAME_DE":"Deggendorf","NAME_EN":"Deggendorf","NAME_IT":"Deggendorf","POP_MAX":35166,"POP_YEAR":"2025","POP1950":null,"ADM0CAP":0,"ADM0NAME":"Germany","ADM1NAME":"Bayern","WIKIDATA":"Q16083"},"geometry":{"type":"Point","coordinates":[12.96444,48.83528]}},
{"type":"Feature","properties":{"NAME":"Jülich","NAME_DE":"Jülich","NAME_EN":"Jülich","NAME_IT":"Jülich","POP_MAX":35146,"POP_YEAR":"2025","POP1950":null,"ADM0CAP":0,"ADM0NAME":"Germany","ADM1NAME":"Nordrhein-Westfalen","WIKIDATA":"Q16045"},"geometry":{"type":"Point","coordinates":[6.35833,50.92222]}},
{"type":"Feature","properties":{"NAME":"Datteln","NAME_DE":"Datteln","NAME_EN":"Datteln","NAME_IT":"Datteln","POP_MAX":34972,"POP_YEAR":"2025","POP1950":null,"ADM0CAP":0,"ADM0NAME":"Germany","ADM1NAME":"Nordrhein-Westfalen","WIKIDATA":"Q14940"},"geometry":{"type":"Point","coordinates":[7.34167,51.65389]}},
{"type":"Feature","properties":{"NAME":"Geldern","NAME_DE":"Geldern","NAME_EN":"Geldern","NAME_IT":"Gheldria","POP_MAX":34953,"POP_YEAR":"2025","POP1950":null,"ADM0CAP":0,"ADM0NAME":"Germany","ADM1NAME":"Nordrhein-Westfalen","WIKIDATA":"Q16024"},"geometry":{"type":"Point","coordinates":[6.3325,51.51972]}},
{"type":"Feature","properties":{"NAME":"Wedel","NAME_DE":"Wedel","NAME_EN":"Wedel","NAME_IT":"Wedel","POP_MAX":34939,"POP_YEAR":"2025","POP1950":null,"ADM0CAP":0,"ADM0NAME":"Germany","ADM1NAME":"Schleswig-Holstein","WIKIDATA":"Q4356"},"geometry":{"type":"Point","coordinates":[9.7,53.58333]}},
{"type":"Feature","properties":{"NAME":"Ingelheim am Rhein","NAME_DE":"Ingelheim am Rhein","NAME_EN":"Ingelheim am Rhein","NAME_IT":"Ingelheim am Rhein","POP_MAX":34903,"POP_YEAR":"2025","POP1950":null,"ADM0CAP":0,"ADM0NAME":"Germany","ADM1NAME":"Rheinland-Pfalz","WIKIDATA":"Q159548"},"geometry":{"type":"Point","coordinates":[8.05639,49.97472]}},
{"type":"Feature","properties":{"NAME":"Goch","NAME_DE":"Goch","NAME_EN":"Goch","NAME_IT":"Goch","POP_MAX":34825,"POP_YEAR":"2025","POP1950":null,"ADM0CAP":0,"ADM0NAME":"Germany","ADM1NAME":"Nordrhein-Westfalen","WIKIDATA":"Q16006"},"geometry":{"type":"Point","coordinates":[6.16194,51.68389]}},
{"type":"Feature","properties":{"NAME":"Steinfurt","NAME_DE":"Steinfurt","NAME_EN":"Steinfurt","NAME_IT":"Steinfurt","POP_MAX":34822,"POP_YEAR":"2025","POP1950":null,"ADM0CAP":0,"ADM0NAME":"Germany","ADM1NAME":"Nordrhein-Westfalen","WIKIDATA":"Q16018"},"geometry":{"type":"Point","coordinates":[7.33664,52.15045]}},
{"type":"Feature","properties":{"NAME":"Lage","NAME_DE":"Lage","NAME_EN":"Lage","NAME_IT":"Lage","POP_MAX":34818,"POP_YEAR":"2025","POP1950":null,"ADM0CAP":0,"ADM0NAME":"Germany","ADM1NAME":"Nordrhein-Westfalen","WIKIDATA":"Q14953"},"geometry":{"type":"Point","coordinates":[8.8,51.98333]}},
{"type":"Feature","properties":{"NAME":"Rheinfelden (Baden)","NAME_DE":"Rheinfelden (Baden)","NAME_EN":"Rheinfelden","NAME_IT":"Rheinfelden (Baden)","POP_MAX":34788,"POP_YEAR":"2025","POP1950":null,"ADM0CAP":0,"ADM0NAME":"Germany","ADM1NAME":"Baden-Württemberg","WIKIDATA":"Q16077"},"geometry":{"type":"Point","coordinates":[7.79167,47.56111]}},
{"type":"Feature","properties":{"NAME":"Hemer","NAME_DE":"Hemer","NAME_EN":"Hemer","NAME_IT":"Hemer","POP_MAX":34722,"POP_YEAR":"2025","POP1950":null,"ADM0CAP":0,"ADM0NAME":"Germany","ADM1NAME":"Nordrhein-Westfalen","WIKIDATA":"Q1104"},"geometry":{"type":"Point","coordinates":[7.76667,51.38333]}},
{"type":"Feature","properties":{"NAME":"Ahrensburg","NAME_DE":"Ahrensburg","NAME_EN":"Ahrensburg","NAME_IT":"Ahrensburg","POP_MAX":34531,"POP_YEAR":"2025","POP1950":null,"ADM0CAP":0,"ADM0NAME":"Germany","ADM1NAME":"Schleswig-Holstein","WIKIDATA":"Q16104"},"geometry":{"type":"Point","coordinates":[10.24111,53.67472]}},
{"type":"Feature","properties":{"NAME":"Merseburg","NAME_DE":"Merseburg","NAME_EN":"Merseburg","NAME_IT":"Merseburg","POP_MAX":34491,"POP_YEAR":"2025","POP1950":null,"ADM0CAP":0,"ADM0NAME":"Germany","ADM1NAME":"Sachsen-Anhalt","WIKIDATA":"Q14945"},"geometry":{"type":"Point","coordinates":[11.99278,51.35444]}},
{"type":"Feature","properties":{"NAME":"Korschenbroich","NAME_DE":"Korschenbroich","NAME_EN":"Korschenbroich","NAME_IT":"Korschenbroich","POP_MAX":34444,"POP_YEAR":"2025","POP1950":null,"ADM0CAP":0,"ADM0NAME":"Germany","ADM1NAME":"Nordrhein-Westfalen","WIKIDATA":"Q16042"},"geometry":{"type":"Point","coordinates":[6.51667,51.18333]}},
{"type":"Feature","properties":{"NAME":"Seelze","NAME_DE":"Seelze","NAME_EN":"Seelze","NAME_IT":"Seelze","POP_MAX":34383,"POP_YEAR":"2025","POP1950":null,"ADM0CAP":0,"ADM0NAME":"Germany","ADM1NAME":"Niedersachsen","WIKIDATA":"Q16052"},"geometry":{"type":"Point","coordinates":[9.59806,52.39611]}},
{"type":"Feature","properties":{"NAME":"Viernheim","NAME_DE":"Viernheim","NAME_EN":"Viernheim","NAME_IT":"Viernheim","POP_MAX":34285,"POP_YEAR":"2025","POP1950":null,"ADM0CAP":0,"ADM0NAME":"Germany","ADM1NAME":"Hessen","WIKIDATA":"Q16055"},"geometry":{"type":"Point","coordinates":[8.57924,49.53799]}},
{"type":"Feature","properties":{"NAME":"Leer","NAME_DE":"Leer","NAME_EN":"Leer","NAME_IT":"Leer","POP_MAX":34277,"POP_YEAR":"2025","POP1950":null,"ADM0CAP":0,"ADM0NAME":"Germany","ADM1NAME":"Niedersachsen","WIKIDATA":"Q15984"},"geometry":{"type":"Point","coordinates":[7.45278,53.23083]}},
{"type":"Feature","properties":{"NAME":"Biberach an der Riß","NAME_DE":"Biberach an der Riß","NAME_EN":"Biberach an der Riß","NAME_IT":"Biberach an der Riß","POP_MAX":34275,"POP_YEAR":"2025","POP1950":null,"ADM0CAP":0,"ADM0NAME":"Germany","ADM1NAME":"Baden-Württemberg","WIKIDATA":"Q16069"},"geometry":{"type":"Point","coordinates":[9.78861,48.09806]}},
{"type":"Feature","properties":{"NAME":"Wermelskirchen","NAME_DE":"Wermelskirchen","NAME_EN":"Wermelskirchen","NAME_IT":"Wermelskirchen","POP_MAX":34254,"POP_YEAR":"2025","POP1950":null,"ADM0CAP":0,"ADM0NAME":"Germany","ADM1NAME":"Nordrhein-Westfalen","WIKIDATA":"Q7507"},"geometry":{"type":"Point","coordinates":[7.20512,51.13918]}},
{"type":"Feature","properties":{"NAME":"Herrenberg","NAME_DE":"Herrenberg","NAME_EN":"Herrenberg","NAME_IT":"Herrenberg","POP_MAX":34167,"POP_YEAR":"2025","POP1950":null,"ADM0CAP":0,"ADM0NAME":"Germany","ADM1NAME":"Baden-Württemberg","WIKIDATA":"Q16100"},"geometry":{"type":"Point","coordinates":[8.87083,48.59667]}},
{"type":"Feature","properties":{"NAME":"Kornwestheim","NAME_DE":"Kornwestheim","NAME_EN":"Kornwestheim","NAME_IT":"Kornwestheim","POP_MAX":34149,"POP_YEAR":"2025","POP1950":null,"ADM0CAP":0,"ADM0NAME":"Germany","ADM1NAME":"Baden-Württemberg","WIKIDATA":"Q16102"},"geometry":{"type":"Point","coordinates":[9.185,48.85972]}},
{"type":"Feature","properties":{"NAME":"Stuhr","NAME_DE":"Stuhr","NAME_EN":"Stuhr","NAME_IT":"Stuhr","POP_MAX":34052,"POP_YEAR":"2025","POP1950":null,"ADM0CAP":0,"ADM0NAME":"Germany","ADM1NAME":"Niedersachsen","WIKIDATA":"Q16027"},"geometry":{"type":"Point","coordinates":[8.75,53.01667]}},
{"type":"Feature","properties":{"NAME":"Suhl","NAME_DE":"Suhl","NAME_EN":"Suhl","NAME_IT":"Suhl","POP_MAX":33976,"POP_YEAR":"2025","POP1950":null,"ADM0CAP":0,"ADM0NAME":"Germany","ADM1NAME":"Thüringen","WIKIDATA":"Q14891"},"geometry":{"type":"Point","coordinates":[10.69306,50.61056]}},
{"type":"Feature","properties":{"NAME":"Geesthacht","NAME_DE":"Geesthacht","NAME_EN":"Geesthacht","NAME_IT":"Geesthacht","POP_MAX":33955,"POP_YEAR":"2025","POP1950":null,"ADM0CAP":0,"ADM0NAME":"Germany","ADM1NAME":"Schleswig-Holstein","WIKIDATA":"Q494790"},"geometry":{"type":"Point","coordinates":[10.3675,53.4375]}},
{"type":"Feature","properties":{"NAME":"Kempen","NAME_DE":"Kempen","NAME_EN":"Kempen","NAME_IT":"Kempen","POP_MAX":33897,"POP_YEAR":"2025","POP1950":null,"ADM0CAP":0,"ADM0NAME":"Germany","ADM1NAME":"Nordrhein-Westfalen","WIKIDATA":"Q14929"},"geometry":{"type":"Point","coordinates":[6.41944,51.36583]}},
{"type":"Feature","properties":{"NAME":"Barsinghausen","NAME_DE":"Barsinghausen","NAME_EN":"Barsinghausen","NAME_IT":"Barsinghausen","POP_MAX":33833,"POP_YEAR":"2025","POP1950":null,"ADM0CAP":0,"ADM0NAME":"Germany","ADM1NAME":"Niedersachsen","WIKIDATA":"Q16022"},"geometry":{"type":"Point","coordinates":[9.46056,52.30306]}},
{"type":"Feature","properties":{"NAME":"Vechta","NAME_DE":"Vechta","NAME_EN":"Vechta","NAME_IT":"Vechta","POP_MAX":33768,"POP_YEAR":"2025","POP1950":null,"ADM0CAP":0,"ADM0NAME":"Germany","ADM1NAME":"Niedersachsen","WIKIDATA":"Q16096"},"geometry":{"type":"Point","coordinates":[8.28861,52.73056]}},
{"type":"Feature","properties":{"NAME":"Schwedt/Oder","NAME_DE":"Schwedt/Oder","NAME_EN":"Schwedt/Oder","NAME_IT":"Schwedt/Oder","POP_MAX":33633,"POP_YEAR":"2025","POP1950":null,"ADM0CAP":0,"ADM0NAME":"Germany","ADM1NAME":"Brandenburg","WIKIDATA":"Q16008"},"geometry":{"type":"Point","coordinates":[14.28306,53.06306]}},
{"type":"Feature","properties":{"NAME":"Forchheim","NAME_DE":"Forchheim","NAME_EN":"Forchheim","NAME_IT":"Forchheim","POP_MAX":33359,"POP_YEAR":"2025","POP1950":null,"ADM0CAP":0,"ADM0NAME":"Germany","ADM1NAME":"Bayern","WIKIDATA":"Q16116"},"geometry":{"type":"Point","coordinates":[11.05806,49.71972]}},
{"type":"Feature","properties":{"NAME":"Zweibrücken","NAME_DE":"Zweibrücken","NAME_EN":"Zweibrücken","NAME_IT":"Zweibrücken","POP_MAX":33178,"POP_YEAR":"2025","POP1950":null,"ADM0CAP":0,"ADM0NAME":"Germany","ADM1NAME":"Rheinland-Pfalz","WIKIDATA":"Q16017"},"geometry":{"type":"Point","coordinates":[7.36083,49.24944]}},
{"type":"Feature","properties":{"NAME":"Neuruppin","NAME_DE":"Neuruppin","NAME_EN":"Neuruppin","NAME_IT":"Neuruppin","POP_MAX":33107,"POP_YEAR":"2025","POP1950":null,"ADM0CAP":0,"ADM0NAME":"Germany","ADM1NAME":"Brandenburg","WIKIDATA":"Q16085"},"geometry":{"type":"Point","coordinates":[12.8,52.92222]}},
{"type":"Feature","properties":{"NAME":"Radebeul","NAME_DE":"Radebeul","NAME_EN":"Radebeul","NAME_IT":"Radebeul","POP_MAX":33081,"POP_YEAR":"2025","POP1950":null,"ADM0CAP":0,"ADM0NAME":"Germany","ADM1NAME":"Sachsen","WIKIDATA":"Q8762"},"geometry":{"type":"Point","coordinates":[13.67,51.10333]}},
{"type":"Feature","properties":{"NAME":"Achim","NAME_DE":"Achim","NAME_EN":"Achim","NAME_IT":"Achim","POP_MAX":32913,"POP_YEAR":"2025","POP1950":null,"ADM0CAP":0,"ADM0NAME":"Germany","ADM1NAME":"Niedersachsen","WIKIDATA":"Q16143"},"geometry":{"type":"Point","coordinates":[9.03303,53.01301]}},
{"type":"Feature","properties":{"NAME":"Itzehoe","NAME_DE":"Itzehoe","NAME_EN":"Itzehoe","NAME_IT":"Itzehoe","POP_MAX":32850,"POP_YEAR":"2025","POP1950":null,"ADM0CAP":0,"ADM0NAME":"Germany","ADM1NAME":"Schleswig-Holstein","WIKIDATA":"Q16073"},"geometry":{"type":"Point","coordinates":[9.51639,53.925]}},
{"type":"Feature","properties":{"NAME":"Uelzen","NAME_DE":"Uelzen","NAME_EN":"Uelzen","NAME_IT":"Uelzen","POP_MAX":32703,"POP_YEAR":"2025","POP1950":null,"ADM0CAP":0,"ADM0NAME":"Germany","ADM1NAME":"Niedersachsen","WIKIDATA":"Q15989"},"geometry":{"type":"Point","coordinates":[10.56583,52.96472]}},
{"type":"Feature","properties":{"NAME":"Bad Nauheim","NAME_DE":"Bad Nauheim","NAME_EN":"Bad Nauheim","NAME_IT":"Bad Nauheim","POP_MAX":32700,"POP_YEAR":"2025","POP1950":null,"ADM0CAP":0,"ADM0NAME":"Germany","ADM1NAME":"Hessen","WIKIDATA":"Q16105"},"geometry":{"type":"Point","coordinates":[8.75,50.36667]}},
{"type":"Feature","properties":{"NAME":"Nienburg/Weser","NAME_DE":"Nienburg/Weser","NAME_EN":"Nienburg/Weser","NAME_IT":"Nienburg/Weser","POP_MAX":32644,"POP_YEAR":"2025","POP1950":null,"ADM0CAP":0,"ADM0NAME":"Germany","ADM1NAME":"Niedersachsen","WIKIDATA":"Q16079"},"geometry":{"type":"Point","coordinates":[9.20694,52.64111]}},
{"type":"Feature","properties":{"NAME":"Lampertheim","NAME_DE":"Lampertheim","NAME_EN":"Lampertheim","NAME_IT":"Lampertheim","POP_MAX":32395,"POP_YEAR":"2025","POP1950":null,"ADM0CAP":0,"ADM0NAME":"Germany","ADM1NAME":"Hessen","WIKIDATA":"Q16099"},"geometry":{"type":"Point","coordinates":[8.46708,49.59417]}},
{"type":"Feature","properties":{"NAME":"Weil am Rhein","NAME_DE":"Weil am Rhein","NAME_EN":"Weil am Rhein","NAME_IT":"Weil am Rhein","POP_MAX":32361,"POP_YEAR":"2025","POP1950":null,"ADM0CAP":0,"ADM0NAME":"Germany","ADM1NAME":"Baden-Württemberg","WIKIDATA":"Q61909"},"geometry":{"type":"Point","coordinates":[7.61083,47.59472]}},
{"type":"Feature","properties":{"NAME":"Delbrück","NAME_DE":"Delbrück","NAME_EN":"Delbrück","NAME_IT":"Delbrück","POP_MAX":32140,"POP_YEAR":"2025","POP1950":null,"ADM0CAP":0,"ADM0NAME":"Germany","ADM1NAME":"Nordrhein-Westfalen","WIKIDATA":"Q16146"},"geometry":{"type":"Point","coordinates":[8.56667,51.76667]}},
{"type":"Feature","properties":{"NAME":"Fürstenwalde","NAME_DE":"Fürstenwalde","NAME_EN":"Fürstenwalde","NAME_IT":"Fürstenwalde/Spree","POP_MAX":31981,"POP_YEAR":"2025","POP1950":null,"ADM0CAP":0,"ADM0NAME":"Germany","ADM1NAME":"Brandenburg","WIKIDATA":"Q16064"},"geometry":{"type":"Point","coordinates":[14.06667,52.36667]}},
{"type":"Feature","properties":{"NAME":"Wernigerode","NAME_DE":"Wernigerode","NAME_EN":"Wernigerode","NAME_IT":"Wernigerode","POP_MAX":31835,"POP_YEAR":"2025","POP1950":null,"ADM0CAP":0,"ADM0NAME":"Germany","ADM1NAME":"Sachsen-Anhalt","WIKIDATA":"Q15982"},"geometry":{"type":"Point","coordinates":[10.78528,51.835]}},
{"type":"Feature","properties":{"NAME":"Emmerich am Rhein","NAME_DE":"Emmerich am Rhein","NAME_EN":"Emmerich am Rhein","NAME_IT":"Emmerich am Rhein","POP_MAX":31736,"POP_YEAR":"2025","POP1950":null,"ADM0CAP":0,"ADM0NAME":"Germany","ADM1NAME":"Nordrhein-Westfalen","WIKIDATA":"Q57006"},"geometry":{"type":"Point","coordinates":[6.24528,51.835]}},
{"type":"Feature","properties":{"NAME":"Radolfzell am Bodensee","NAME_DE":"Radolfzell am Bodensee","NAME_EN":"Radolfzell am Bodensee","NAME_IT":"Radolfzell am Bodensee","POP_MAX":31689,"POP_YEAR":"2025","POP1950":null,"ADM0CAP":0,"ADM0NAME":"Germany","ADM1NAME":"Baden-Württemberg","WIKIDATA":"Q16113"},"geometry":{"type":"Point","coordinates":[8.96972,47.73694]}},
{"type":"Feature","properties":{"NAME":"Naumburg (Saale)","NAME_DE":"Naumburg (Saale)","NAME_EN":"Naumburg","NAME_IT":"Naumburg","POP_MAX":31617,"POP_YEAR":"2025","POP1950":null,"ADM0CAP":0,"ADM0NAME":"Germany","ADM1NAME":"Sachsen-Anhalt","WIKIDATA":"Q15986"},"geometry":{"type":"Point","coordinates":[11.80982,51.1521]}},
{"type":"Feature","properties":{"NAME":"Ganderkesee","NAME_DE":"Ganderkesee","NAME_EN":"Ganderkesee","NAME_IT":"Ganderkesee","POP_MAX":31564,"POP_YEAR":"2025","POP1950":null,"ADM0CAP":0,"ADM0NAME":"Germany","ADM1NAME":"Niedersachsen","WIKIDATA":"Q16111"},"geometry":{"type":"Point","coordinates":[8.54833,53.03583]}},
{"type":"Feature","properties":{"NAME":"Oer-Erkenschwick","NAME_DE":"Oer-Erkenschwick","NAME_EN":"Oer-Erkenschwick","NAME_IT":"Oer-Erkenschwick","POP_MAX":31499,"POP_YEAR":"2025","POP1950":null,"ADM0CAP":0,"ADM0NAME":"Germany","ADM1NAME":"Nordrhein-Westfalen","WIKIDATA":"Q16138"},"geometry":{"type":"Point","coordinates":[7.25083,51.64222]}},
{"type":"Feature","properties":{"NAME":"Mörfelden-Walldorf","NAME_DE":"Mörfelden-Walldorf","NAME_EN":"Mörfelden-Walldorf","NAME_IT":"Mörfelden-Walldorf","POP_MAX":31441,"POP_YEAR":"2025","POP1950":null,"ADM0CAP":0,"ADM0NAME":"Germany","ADM1NAME":"Hessen","WIKIDATA":"Q16007"},"geometry":{"type":"Point","coordinates":[8.56611,49.98958]}},
{"type":"Feature","properties":{"NAME":"Merzig","NAME_DE":"Merzig","NAME_EN":"Merzig","NAME_IT":"Merzig","POP_MAX":31341,"POP_YEAR":"2025","POP1950":null,"ADM0CAP":0,"ADM0NAME":"Germany","ADM1NAME":"Saarland","WIKIDATA":"Q16130"},"geometry":{"type":"Point","coordinates":[6.6375,49.44222]}},
{"type":"Feature","properties":{"NAME":"Geestland","NAME_DE":"Geestland","NAME_EN":"Geestland","NAME_IT":"Geestland","POP_MAX":31182,"POP_YEAR":"2025","POP1950":null,"ADM0CAP":0,"ADM0NAME":"Germany","ADM1NAME":"Niedersachsen","WIKIDATA":"Q1497761"},"geometry":{"type":"Point","coordinates":[8.75081,53.63125]}},
{"type":"Feature","properties":{"NAME":"Georgsmarienhütte","NAME_DE":"Georgsmarienhütte","NAME_EN":"Georgsmarienhütte","NAME_IT":"Georgsmarienhütte","POP_MAX":31074,"POP_YEAR":"2025","POP1950":null,"ADM0CAP":0,"ADM0NAME":"Germany","ADM1NAME":"Niedersachsen","WIKIDATA":"Q16078"},"geometry":{"type":"Point","coordinates":[8.04472,52.20306]}},
{"type":"Feature","properties":{"NAME":"Burgdorf","NAME_DE":"Burgdorf","NAME_EN":"Burgdorf","NAME_IT":"Burgdorf","POP_MAX":31059,"POP_YEAR":"2025","POP1950":null,"ADM0CAP":0,"ADM0NAME":"Germany","ADM1NAME":"Niedersachsen","WIKIDATA":"Q555618"},"geometry":{"type":"Point","coordinates":[10.00783,52.44378]}},
{"type":"Feature","properties":{"NAME":"Weyhe","NAME_DE":"Weyhe","NAME_EN":"Weyhe","NAME_IT":"Weyhe","POP_MAX":31004,"POP_YEAR":"2025","POP1950":null,"ADM0CAP":0,"ADM0NAME":"Germany","ADM1NAME":"Niedersachsen","WIKIDATA":"Q16125"},"geometry":{"type":"Point","coordinates":[8.87333,52.99361]}},
{"type":"Feature","properties":{"NAME":"Rheinberg","NAME_DE":"Rheinberg","NAME_EN":"Rheinberg","NAME_IT":"Rheinberg","POP_MAX":30951,"POP_YEAR":"2025","POP1950":null,"ADM0CAP":0,"ADM0NAME":"Germany","ADM1NAME":"Nordrhein-Westfalen","WIKIDATA":"Q16086"},"geometry":{"type":"Point","coordinates":[6.60056,51.54667]}},
{"type":"Feature","properties":{"NAME":"Walsrode","NAME_DE":"Walsrode","NAME_EN":"Walsrode","NAME_IT":"Walsrode","POP_MAX":30942,"POP_YEAR":"2025","POP1950":null,"ADM0CAP":0,"ADM0NAME":"Germany","ADM1NAME":"Niedersachsen","WIKIDATA":"Q520369"},"geometry":{"type":"Point","coordinates":[9.58525,52.8592]}},
{"type":"Feature","properties":{"NAME":"Lohmar","NAME_DE":"Lohmar","NAME_EN":"Lohmar","NAME_IT":"Lohmar","POP_MAX":30904,"POP_YEAR":"2025","POP1950":null,"ADM0CAP":0,"ADM0NAME":"Germany","ADM1NAME":"Nordrhein-Westfalen","WIKIDATA":"Q12449"},"geometry":{"type":"Point","coordinates":[7.2166,50.84148]}},
{"type":"Feature","properties":{"NAME":"Altenburg","NAME_DE":"Altenburg","NAME_EN":"Altenburg","NAME_IT":"Altenburg","POP_MAX":30867,"POP_YEAR":"2025","POP1950":null,"ADM0CAP":0,"ADM0NAME":"Germany","ADM1NAME":"Thüringen","WIKIDATA":"Q15976"},"geometry":{"type":"Point","coordinates":[12.43333,50.985]}},
{"type":"Feature","properties":{"NAME":"Kreuztal","NAME_DE":"Kreuztal","NAME_EN":"Kreuztal","NAME_IT":"Kreuztal","POP_MAX":30721,"POP_YEAR":"2025","POP1950":null,"ADM0CAP":0,"ADM0NAME":"Germany","ADM1NAME":"Nordrhein-Westfalen","WIKIDATA":"Q5999"},"geometry":{"type":"Point","coordinates":[7.98806,50.96167]}},
{"type":"Feature","properties":{"NAME":"Bad Hersfeld","NAME_DE":"Bad Hersfeld","NAME_EN":"Bad Hersfeld","NAME_IT":"Bad Hersfeld","POP_MAX":30632,"POP_YEAR":"2025","POP1950":null,"ADM0CAP":0,"ADM0NAME":"Germany","ADM1NAME":"Hessen","WIKIDATA":"Q16145"},"geometry":{"type":"Point","coordinates":[9.70667,50.86833]}},
{"type":"Feature","properties":{"NAME":"Bernburg","NAME_DE":"Bernburg","NAME_EN":"Bernburg","NAME_IT":"Bernburg","POP_MAX":30572,"POP_YEAR":"2025","POP1950":null,"ADM0CAP":0,"ADM0NAME":"Germany","ADM1NAME":"Sachsen-Anhalt","WIKIDATA":"Q14938"},"geometry":{"type":"Point","coordinates":[11.73333,51.8]}},
{"type":"Feature","properties":{"NAME":"Hoyerswerda","NAME_DE":"Hoyerswerda","NAME_EN":"Hoyerswerda","NAME_IT":"Hoyerswerda","POP_MAX":30458,"POP_YEAR":"2025","POP1950":null,"ADM0CAP":0,"ADM0NAME":"Germany","ADM1NAME":"Sachsen","WIKIDATA":"Q14904"},"geometry":{"type":"Point","coordinates":[14.25,51.43306]}},
{"type":"Feature","properties":{"NAME":"Friedberg","NAME_DE":"Friedberg","NAME_EN":"Friedberg","NAME_IT":"Friedberg","POP_MAX":30448,"POP_YEAR":"2025","POP1950":null,"ADM0CAP":0,"ADM0NAME":"Germany","ADM1NAME":"Hessen","WIKIDATA":"Q516485"},"geometry":{"type":"Point","coordinates":[8.755,50.33528]}},
{"type":"Feature","properties":{"NAME":"Bretten","NAME_DE":"Bretten","NAME_EN":"Bretten","NAME_IT":"Bretten","POP_MAX":30312,"POP_YEAR":"2025","POP1950":null,"ADM0CAP":0,"ADM0NAME":"Germany","ADM1NAME":"Baden-Württemberg","WIKIDATA":"Q495428"},"geometry":{"type":"Point","coordinates":[8.70611,49.03639]}},
{"type":"Feature","properties":{"NAME":"Rendsburg","NAME_DE":"Rendsburg","NAME_EN":"Rendsburg","NAME_IT":"Rendsburg","POP_MAX":30305,"POP_YEAR":"2025","POP1950":null,"ADM0CAP":0,"ADM0NAME":"Germany","ADM1NAME":"Schleswig-Holstein","WIKIDATA":"Q490457"},"geometry":{"type":"Point","coordinates":[9.66444,54.30444]}},
{"type":"Feature","properties":{"NAME":"Schönebeck","NAME_DE":"Schönebeck","NAME_EN":"Schönebeck","NAME_IT":"Schönebeck","POP_MAX":30250,"POP_YEAR":"2025","POP1950":null,"ADM0CAP":0,"ADM0NAME":"Germany","ADM1NAME":"Sachsen-Anhalt","WIKIDATA":"Q16020"},"geometry":{"type":"Point","coordinates":[11.75,52.01667]}},
{"type":"Feature","properties":{"NAME":"Taunusstein","NAME_DE":"Taunusstein","NAME_EN":"Taunusstein","NAME_IT":"Taunusstein","POP_MAX":30156,"POP_YEAR":"2025","POP1950":null,"ADM0CAP":0,"ADM0NAME":"Germany","ADM1NAME":"Hessen","WIKIDATA":"Q569664"},"geometry":{"type":"Point","coordinates":[8.16056,50.14347]}},
{"type":"Feature","properties":{"NAME":"Idar-Oberstein","NAME_DE":"Idar-Oberstein","NAME_EN":"Idar-Oberstein","NAME_IT":"Idar-Oberstein","POP_MAX":30074,"POP_YEAR":"2025","POP1950":null,"ADM0CAP":0,"ADM0NAME":"Germany","ADM1NAME":"Rheinland-Pfalz","WIKIDATA":"Q16119"},"geometry":{"type":"Point","coordinates":[7.32528,49.70194]}},
{"type":"Feature","properties":{"NAME":"Neuburg an der Donau","NAME_DE":"Neuburg an der Donau","NAME_EN":"Neuburg an der Donau","NAME_IT":"Neuburg an der Donau","POP_MAX":30039,"POP_YEAR":"2025","POP1950":null,"ADM0CAP":0,"ADM0NAME":"Germany","ADM1NAME":"Bayern","WIKIDATA":"Q125652"},"geometry":{"type":"Point","coordinates":[11.18333,48.73333]}},
{"type":"Feature","properties":{"NAME":"Werne","NAME_DE":"Werne","NAME_EN":"Werne","NAME_IT":"Werne","POP_MAX":30034,"POP_YEAR":"2025","POP1950":null,"ADM0CAP":0,"ADM0NAME":"Germany","ADM1NAME":"Nordrhein-Westfalen","WIKIDATA":"Q10936"},"geometry":{"type":"Point","coordinates":[7.63553,51.66267]}},
{"type":"Feature","properties":{"NAME":"Friedberg","NAME_DE":"Friedberg","NAME_EN":"Friedberg","NAME_IT":"Friedberg","POP_MAX":29980,"POP_YEAR":"2025","POP1950":null,"ADM0CAP":0,"ADM0NAME":"Germany","ADM1NAME":"Bayern","WIKIDATA":"Q507194"},"geometry":{"type":"Point","coordinates":[10.98333,48.35]}},
{"type":"Feature","properties":{"NAME":"Haan","NAME_DE":"Haan","NAME_EN":"Haan","NAME_IT":"Haan","POP_MAX":29973,"POP_YEAR":"2025","POP1950":null,"ADM0CAP":0,"ADM0NAME":"Germany","ADM1NAME":"Nordrhein-Westfalen","WIKIDATA":"Q2974"},"geometry":{"type":"Point","coordinates":[7.00853,51.1955]}},
{"type":"Feature","properties":{"NAME":"Oelde","NAME_DE":"Oelde","NAME_EN":"Oelde","NAME_IT":"Oelde","POP_MAX":29961,"POP_YEAR":"2025","POP1950":null,"ADM0CAP":0,"ADM0NAME":"Germany","ADM1NAME":"Nordrhein-Westfalen","WIKIDATA":"Q2752"},"geometry":{"type":"Point","coordinates":[8.14361,51.82583]}},
{"type":"Feature","properties":{"NAME":"Gevelsberg","NAME_DE":"Gevelsberg","NAME_EN":"Gevelsberg","NAME_IT":"Gevelsberg","POP_MAX":29932,"POP_YEAR":"2025","POP1950":null,"ADM0CAP":0,"ADM0NAME":"Germany","ADM1NAME":"Nordrhein-Westfalen","WIKIDATA":"Q11331"},"geometry":{"type":"Point","coordinates":[7.3559,51.32645]}},
{"type":"Feature","properties":{"NAME":"Andernach","NAME_DE":"Andernach","NAME_EN":"Andernach","NAME_IT":"Andernach","POP_MAX":29920,"POP_YEAR":"2025","POP1950":null,"ADM0CAP":0,"ADM0NAME":"Germany","ADM1NAME":"Rheinland-Pfalz","WIKIDATA":"Q490058"},"geometry":{"type":"Point","coordinates":[7.40167,50.43972]}},
{"type":"Feature","properties":{"NAME":"Rietberg","NAME_DE":"Rietberg","NAME_EN":"Rietberg","NAME_IT":"Rietberg","POP_MAX":29858,"POP_YEAR":"2025","POP1950":null,"ADM0CAP":0,"ADM0NAME":"Germany","ADM1NAME":"Nordrhein-Westfalen","WIKIDATA":"Q225621"},"geometry":{"type":"Point","coordinates":[8.43333,51.8]}},
{"type":"Feature","properties":{"NAME":"Winnenden","NAME_DE":"Winnenden","NAME_EN":"Winnenden","NAME_IT":"Winnenden","POP_MAX":29844,"POP_YEAR":"2025","POP1950":null,"ADM0CAP":0,"ADM0NAME":"Germany","ADM1NAME":"Baden-Württemberg","WIKIDATA":"Q82741"},"geometry":{"type":"Point","coordinates":[9.39778,48.87639]}},
{"type":"Feature","properties":{"NAME":"Schwandorf","NAME_DE":"Schwandorf","NAME_EN":"Schwandorf","NAME_IT":"Schwandorf","POP_MAX":29836,"POP_YEAR":"2025","POP1950":null,"ADM0CAP":0,"ADM0NAME":"Germany","ADM1NAME":"Bayern","WIKIDATA":"Q504768"},"geometry":{"type":"Point","coordinates":[12.09935,49.3236]}},
{"type":"Feature","properties":{"NAME":"Wedemark","NAME_DE":"Wedemark","NAME_EN":"Wedemark","NAME_IT":"Wedemark","POP_MAX":29803,"POP_YEAR":"2024","POP1950":null,"ADM0CAP":0,"ADM0NAME":"Germany","ADM1NAME":"Niedersachsen","WIKIDATA":"Q505948"},"geometry":{"type":"Point","coordinates":[9.71667,52.53333]}},
{"type":"Feature","properties":{"NAME":"Osterholz-Scharmbeck","NAME_DE":"Osterholz-Scharmbeck","NAME_EN":"Osterholz-Scharmbeck","NAME_IT":"Osterholz-Scharmbeck","POP_MAX":29757,"POP_YEAR":"2025","POP1950":null,"ADM0CAP":0,"ADM0NAME":"Germany","ADM1NAME":"Niedersachsen","WIKIDATA":"Q16141"},"geometry":{"type":"Point","coordinates":[8.79472,53.22694]}},
{"type":"Feature","properties":{"NAME":"Werl","NAME_DE":"Werl","NAME_EN":"Werl","NAME_IT":"Werl","POP_MAX":29693,"POP_YEAR":"2025","POP1950":null,"ADM0CAP":0,"ADM0NAME":"Germany","ADM1NAME":"Nordrhein-Westfalen","WIKIDATA":"Q11120"},"geometry":{"type":"Point","coordinates":[7.91389,51.55278]}},
{"type":"Feature","properties":{"NAME":"Ludwigsfelde","NAME_DE":"Ludwigsfelde","NAME_EN":"Ludwigsfelde","NAME_IT":"Ludwigsfelde","POP_MAX":29635,"POP_YEAR":"2025","POP1950":null,"ADM0CAP":0,"ADM0NAME":"Germany","ADM1NAME":"Brandenburg","WIKIDATA":"Q574170"},"geometry":{"type":"Point","coordinates":[13.26667,52.29972]}},
{"type":"Feature","properties":{"NAME":"Bad Zwischenahn","NAME_DE":"Bad Zwischenahn","NAME_EN":"Bad Zwischenahn","NAME_IT":"Bad Zwischenahn","POP_MAX":29613,"POP_YEAR":"2025","POP1950":null,"ADM0CAP":0,"ADM0NAME":"Germany","ADM1NAME":"Niedersachsen","WIKIDATA":"Q504526"},"geometry":{"type":"Point","coordinates":[8.00972,53.18361]}},
{"type":"Feature","properties":{"NAME":"Emmendingen","NAME_DE":"Emmendingen","NAME_EN":"Emmendingen","NAME_IT":"Emmendingen","POP_MAX":29530,"POP_YEAR":"2025","POP1950":null,"ADM0CAP":0,"ADM0NAME":"Germany","ADM1NAME":"Baden-Württemberg","WIKIDATA":"Q494521"},"geometry":{"type":"Point","coordinates":[7.84917,48.12139]}},
{"type":"Feature","properties":{"NAME":"Einbeck","NAME_DE":"Einbeck","NAME_EN":"Einbeck","NAME_IT":"Einbeck","POP_MAX":29472,"POP_YEAR":"2025","POP1950":null,"ADM0CAP":0,"ADM0NAME":"Germany","ADM1NAME":"Niedersachsen","WIKIDATA":"Q47244"},"geometry":{"type":"Point","coordinates":[9.86667,51.81667]}},
{"type":"Feature","properties":{"NAME":"Meschede","NAME_DE":"Meschede","NAME_EN":"Meschede","NAME_IT":"Meschede","POP_MAX":29446,"POP_YEAR":"2025","POP1950":null,"ADM0CAP":0,"ADM0NAME":"Germany","ADM1NAME":"Nordrhein-Westfalen","WIKIDATA":"Q5632"},"geometry":{"type":"Point","coordinates":[8.28361,51.35028]}},
{"type":"Feature","properties":{"NAME":"Gaggenau","NAME_DE":"Gaggenau","NAME_EN":"Gaggenau","NAME_IT":"Gaggenau","POP_MAX":29394,"POP_YEAR":"2025","POP1950":null,"ADM0CAP":0,"ADM0NAME":"Germany","ADM1NAME":"Baden-Württemberg","WIKIDATA":"Q504451"},"geometry":{"type":"Point","coordinates":[8.31944,48.80389]}},
{"type":"Feature","properties":{"NAME":"Griesheim","NAME_DE":"Griesheim","NAME_EN":"Griesheim","NAME_IT":"Griesheim","POP_MAX":29385,"POP_YEAR":"2025","POP1950":null,"ADM0CAP":0,"ADM0NAME":"Germany","ADM1NAME":"Hessen","WIKIDATA":"Q569685"},"geometry":{"type":"Point","coordinates":[8.5525,49.85944]}},
{"type":"Feature","properties":{"NAME":"Tönisvorst","NAME_DE":"Tönisvorst","NAME_EN":"Tönisvorst","NAME_IT":"Tönisvorst","POP_MAX":29296,"POP_YEAR":"2025","POP1950":null,"ADM0CAP":0,"ADM0NAME":"Germany","ADM1NAME":"Nordrhein-Westfalen","WIKIDATA":"Q163570"},"geometry":{"type":"Point","coordinates":[6.49306,51.32083]}},
{"type":"Feature","properties":{"NAME":"Blankenfelde-Mahlow","NAME_DE":"Blankenfelde-Mahlow","NAME_EN":"Blankenfelde-Mahlow","NAME_IT":"Blankenfelde-Mahlow","POP_MAX":29280,"POP_YEAR":"2025","POP1950":null,"ADM0CAP":0,"ADM0NAME":"Germany","ADM1NAME":"Brandenburg","WIKIDATA":"Q574128"},"geometry":{"type":"Point","coordinates":[13.4,52.35]}},
{"type":"Feature","properties":{"NAME":"Ennepetal","NAME_DE":"Ennepetal","NAME_EN":"Ennepetal","NAME_IT":"Ennepetal","POP_MAX":29266,"POP_YEAR":"2025","POP1950":null,"ADM0CAP":0,"ADM0NAME":"Germany","ADM1NAME":"Nordrhein-Westfalen","WIKIDATA":"Q11301"},"geometry":{"type":"Point","coordinates":[7.3425,51.30212]}},
{"type":"Feature","properties":{"NAME":"Riesa","NAME_DE":"Riesa","NAME_EN":"Riesa","NAME_IT":"Riesa","POP_MAX":29238,"POP_YEAR":"2025","POP1950":null,"ADM0CAP":0,"ADM0NAME":"Germany","ADM1NAME":"Sachsen","WIKIDATA":"Q8775"},"geometry":{"type":"Point","coordinates":[13.29389,51.30806]}},
{"type":"Feature","properties":{"NAME":"Landsberg am Lech","NAME_DE":"Landsberg am Lech","NAME_EN":"Landsberg am Lech","NAME_IT":"Landsberg am Lech","POP_MAX":29230,"POP_YEAR":"2025","POP1950":null,"ADM0CAP":0,"ADM0NAME":"Germany","ADM1NAME":"Bayern","WIKIDATA":"Q494299"},"geometry":{"type":"Point","coordinates":[10.86893,48.05277]}},
{"type":"Feature","properties":{"NAME":"Mühlheim am Main","NAME_DE":"Mühlheim am Main","NAME_EN":"Mühlheim am Main","NAME_IT":"Mühlheim am Main","POP_MAX":29213,"POP_YEAR":"2025","POP1950":null,"ADM0CAP":0,"ADM0NAME":"Germany","ADM1NAME":"Hessen","WIKIDATA":"Q639902"},"geometry":{"type":"Point","coordinates":[8.83,50.12569]}},
{"type":"Feature","properties":{"NAME":"Waltrop","NAME_DE":"Waltrop","NAME_EN":"Waltrop","NAME_IT":"Waltrop","POP_MAX":29125,"POP_YEAR":"2025","POP1950":null,"ADM0CAP":0,"ADM0NAME":"Germany","ADM1NAME":"Nordrhein-Westfalen","WIKIDATA":"Q161575"},"geometry":{"type":"Point","coordinates":[7.39722,51.62361]}},
{"type":"Feature","properties":{"NAME":"Mechernich","NAME_DE":"Mechernich","NAME_EN":"Mechernich","NAME_IT":"Mechernich","POP_MAX":29116,"POP_YEAR":"2025","POP1950":null,"ADM0CAP":0,"ADM0NAME":"Germany","ADM1NAME":"Nordrhein-Westfalen","WIKIDATA":"Q164458"},"geometry":{"type":"Point","coordinates":[6.65,50.6]}},
{"type":"Feature","properties":{"NAME":"Baesweiler","NAME_DE":"Baesweiler","NAME_EN":"Baesweiler","NAME_IT":"Baesweiler","POP_MAX":29038,"POP_YEAR":"2025","POP1950":null,"ADM0CAP":0,"ADM0NAME":"Germany","ADM1NAME":"Nordrhein-Westfalen","WIKIDATA":"Q200894"},"geometry":{"type":"Point","coordinates":[6.18735,50.90615]}},
{"type":"Feature","properties":{"NAME":"Rödermark","NAME_DE":"Rödermark","NAME_EN":"Rödermark","NAME_IT":"Rödermark","POP_MAX":28869,"POP_YEAR":"2025","POP1950":null,"ADM0CAP":0,"ADM0NAME":"Germany","ADM1NAME":"Hessen","WIKIDATA":"Q569688"},"geometry":{"type":"Point","coordinates":[8.82806,49.9775]}},
{"type":"Feature","properties":{"NAME":"Meißen","NAME_DE":"Meißen","NAME_EN":"Meissen","NAME_IT":"Meißen","POP_MAX":28863,"POP_YEAR":"2025","POP1950":null,"ADM0CAP":0,"ADM0NAME":"Germany","ADM1NAME":"Sachsen","WIKIDATA":"Q8738"},"geometry":{"type":"Point","coordinates":[13.4775,51.16361]}},
{"type":"Feature","properties":{"NAME":"Güstrow","NAME_DE":"Güstrow","NAME_EN":"Güstrow","NAME_IT":"Güstrow","POP_MAX":28861,"POP_YEAR":"2025","POP1950":null,"ADM0CAP":0,"ADM0NAME":"Germany","ADM1NAME":"Mecklenburg-Vorpommern","WIKIDATA":"Q16147"},"geometry":{"type":"Point","coordinates":[12.17639,53.79389]}},
{"type":"Feature","properties":{"NAME":"Springe","NAME_DE":"Springe","NAME_EN":"Springe","NAME_IT":"Springe","POP_MAX":28851,"POP_YEAR":"2025","POP1950":null,"ADM0CAP":0,"ADM0NAME":"Germany","ADM1NAME":"Niedersachsen","WIKIDATA":"Q622891"},"geometry":{"type":"Point","coordinates":[9.55,52.21667]}},
{"type":"Feature","properties":{"NAME":"Hattersheim am Main","NAME_DE":"Hattersheim am Main","NAME_EN":"Hattersheim am Main","NAME_IT":"Hattersheim am Main","POP_MAX":28820,"POP_YEAR":"2025","POP1950":null,"ADM0CAP":0,"ADM0NAME":"Germany","ADM1NAME":"Hessen","WIKIDATA":"Q569626"},"geometry":{"type":"Point","coordinates":[8.48639,50.07222]}},
{"type":"Feature","properties":{"NAME":"Wangen im Allgäu","NAME_DE":"Wangen im Allgäu","NAME_EN":"Wangen im Allgäu","NAME_IT":"Wangen im Allgäu","POP_MAX":28784,"POP_YEAR":"2025","POP1950":null,"ADM0CAP":0,"ADM0NAME":"Germany","ADM1NAME":"Baden-Württemberg","WIKIDATA":"Q165015"},"geometry":{"type":"Point","coordinates":[9.83417,47.68583]}},
{"type":"Feature","properties":{"NAME":"Rösrath","NAME_DE":"Rösrath","NAME_EN":"Rösrath","NAME_IT":"Rösrath","POP_MAX":28688,"POP_YEAR":"2025","POP1950":null,"ADM0CAP":0,"ADM0NAME":"Germany","ADM1NAME":"Nordrhein-Westfalen","WIKIDATA":"Q245376"},"geometry":{"type":"Point","coordinates":[7.18333,50.9]}},
{"type":"Feature","properties":{"NAME":"Geilenkirchen","NAME_DE":"Geilenkirchen","NAME_EN":"Geilenkirchen","NAME_IT":"Geilenkirchen","POP_MAX":28605,"POP_YEAR":"2025","POP1950":null,"ADM0CAP":0,"ADM0NAME":"Germany","ADM1NAME":"Nordrhein-Westfalen","WIKIDATA":"Q205050"},"geometry":{"type":"Point","coordinates":[6.11944,50.96528]}},
{"type":"Feature","properties":{"NAME":"Vaihingen an der Enz","NAME_DE":"Vaihingen an der Enz","NAME_EN":"Vaihingen an der Enz","NAME_IT":"Vaihingen an der Enz","POP_MAX":28558,"POP_YEAR":"2025","POP1950":null,"ADM0CAP":0,"ADM0NAME":"Germany","ADM1NAME":"Baden-Württemberg","WIKIDATA":"Q61928"},"geometry":{"type":"Point","coordinates":[8.95639,48.93278]}},
{"type":"Feature","properties":{"NAME":"Arnstadt","NAME_DE":"Arnstadt","NAME_EN":"Arnstadt","NAME_IT":"Arnstadt","POP_MAX":28509,"POP_YEAR":"2025","POP1950":null,"ADM0CAP":0,"ADM0NAME":"Germany","ADM1NAME":"Thüringen","WIKIDATA":"Q490665"},"geometry":{"type":"Point","coordinates":[10.94639,50.83417]}},
{"type":"Feature","properties":{"NAME":"Saalfeld/Saale","NAME_DE":"Saalfeld/Saale","NAME_EN":"Saalfeld","NAME_IT":"Saalfeld/Saale","POP_MAX":28474,"POP_YEAR":"2025","POP1950":null,"ADM0CAP":0,"ADM0NAME":"Germany","ADM1NAME":"Thüringen","WIKIDATA":"Q155984"},"geometry":{"type":"Point","coordinates":[11.35417,50.65056]}},
{"type":"Feature","properties":{"NAME":"Bühl","NAME_DE":"Bühl","NAME_EN":"Bühl","NAME_IT":"Bühl","POP_MAX":28433,"POP_YEAR":"2025","POP1950":null,"ADM0CAP":0,"ADM0NAME":"Germany","ADM1NAME":"Baden-Württemberg","WIKIDATA":"Q505534"},"geometry":{"type":"Point","coordinates":[8.135,48.69528]}},
{"type":"Feature","properties":{"NAME":"Henstedt-Ulzburg","NAME_DE":"Henstedt-Ulzburg","NAME_EN":"Henstedt-Ulzburg","NAME_IT":"Henstedt-Ulzburg","POP_MAX":28345,"POP_YEAR":"2025","POP1950":null,"ADM0CAP":0,"ADM0NAME":"Germany","ADM1NAME":"Schleswig-Holstein","WIKIDATA":"Q508077"},"geometry":{"type":"Point","coordinates":[10,53.78333]}},
{"type":"Feature","properties":{"NAME":"Bad Neuenahr-Ahrweiler","NAME_DE":"Bad Neuenahr-Ahrweiler","NAME_EN":"Bad Neuenahr-Ahrweiler","NAME_IT":"Bad Neuenahr-Ahrweiler","POP_MAX":28264,"POP_YEAR":"2025","POP1950":null,"ADM0CAP":0,"ADM0NAME":"Germany","ADM1NAME":"Rheinland-Pfalz","WIKIDATA":"Q522620"},"geometry":{"type":"Point","coordinates":[7.11333,50.54472]}},
{"type":"Feature","properties":{"NAME":"Kevelaer","NAME_DE":"Kevelaer","NAME_EN":"Kevelaer","NAME_IT":"Kevelaer","POP_MAX":28215,"POP_YEAR":"2025","POP1950":null,"ADM0CAP":0,"ADM0NAME":"Germany","ADM1NAME":"Nordrhein-Westfalen","WIKIDATA":"Q243526"},"geometry":{"type":"Point","coordinates":[6.25,51.58333]}},
{"type":"Feature","properties":{"NAME":"Leichlingen","NAME_DE":"Leichlingen","NAME_EN":"Leichlingen","NAME_IT":"Leichlingen (Rheinland)","POP_MAX":28205,"POP_YEAR":"2025","POP1950":null,"ADM0CAP":0,"ADM0NAME":"Germany","ADM1NAME":"Nordrhein-Westfalen","WIKIDATA":"Q245495"},"geometry":{"type":"Point","coordinates":[7.01667,51.11667]}},
{"type":"Feature","properties":{"NAME":"Unterschleißheim","NAME_DE":"Unterschleißheim","NAME_EN":"Unterschleißheim","NAME_IT":"Unterschleißheim","POP_MAX":28193,"POP_YEAR":"2025","POP1950":null,"ADM0CAP":0,"ADM0NAME":"Germany","ADM1NAME":"Bayern","WIKIDATA":"Q59096"},"geometry":{"type":"Point","coordinates":[11.56667,48.28333]}},
{"type":"Feature","properties":{"NAME":"Reinbek","NAME_DE":"Reinbek","NAME_EN":"Reinbek","NAME_IT":"Reinbek","POP_MAX":28146,"POP_YEAR":"2025","POP1950":null,"ADM0CAP":0,"ADM0NAME":"Germany","ADM1NAME":"Schleswig-Holstein","WIKIDATA":"Q516405"},"geometry":{"type":"Point","coordinates":[10.24833,53.50889]}},
{"type":"Feature","properties":{"NAME":"Lohne","NAME_DE":"Lohne","NAME_EN":"Lohne","NAME_IT":"Lohne","POP_MAX":28114,"POP_YEAR":"2025","POP1950":null,"ADM0CAP":0,"ADM0NAME":"Germany","ADM1NAME":"Niedersachsen","WIKIDATA":"Q539693"},"geometry":{"type":"Point","coordinates":[8.23861,52.66667]}},
{"type":"Feature","properties":{"NAME":"Garmisch-Partenkirchen","NAME_DE":"Garmisch-Partenkirchen","NAME_EN":"Garmisch-Partenkirchen","NAME_IT":"Garmisch-Partenkirchen","POP_MAX":28088,"POP_YEAR":"2025","POP1950":null,"ADM0CAP":0,"ADM0NAME":"Germany","ADM1NAME":"Bayern","WIKIDATA":"Q127043"},"geometry":{"type":"Point","coordinates":[11.08333,47.5]}},
{"type":"Feature","properties":{"NAME":"Kelkheim","NAME_DE":"Kelkheim","NAME_EN":"Kelkheim (Taunus)","NAME_IT":"Kelkheim (Taunus)","POP_MAX":28041,"POP_YEAR":"2025","POP1950":null,"ADM0CAP":0,"ADM0NAME":"Germany","ADM1NAME":"Hessen","WIKIDATA":"Q639667"},"geometry":{"type":"Point","coordinates":[8.4525,50.13799]}},
{"type":"Feature","properties":{"NAME":"Heppenheim","NAME_DE":"Heppenheim","NAME_EN":"Heppenheim","NAME_IT":"Heppenheim","POP_MAX":28031,"POP_YEAR":"2025","POP1950":null,"ADM0CAP":0,"ADM0NAME":"Germany","ADM1NAME":"Hessen","WIKIDATA":"Q524407"},"geometry":{"type":"Point","coordinates":[8.645,49.64153]}},
{"type":"Feature","properties":{"NAME":"Wegberg","NAME_DE":"Wegberg","NAME_EN":"Wegberg","NAME_IT":"Wegberg","POP_MAX":28001,"POP_YEAR":"2025","POP1950":null,"ADM0CAP":0,"ADM0NAME":"Germany","ADM1NAME":"Nordrhein-Westfalen","WIKIDATA":"Q204860"},"geometry":{"type":"Point","coordinates":[6.26667,51.13333]}},
{"type":"Feature","properties":{"NAME":"Zeitz","NAME_DE":"Zeitz","NAME_EN":"Zeitz","NAME_IT":"Zeitz","POP_MAX":27934,"POP_YEAR":"2025","POP1950":null,"ADM0CAP":0,"ADM0NAME":"Germany","ADM1NAME":"Sachsen-Anhalt","WIKIDATA":"Q16087"},"geometry":{"type":"Point","coordinates":[12.135,51.04916]}},
{"type":"Feature","properties":{"NAME":"Wiesloch","NAME_DE":"Wiesloch","NAME_EN":"Wiesloch","NAME_IT":"Wiesloch","POP_MAX":27911,"POP_YEAR":"2025","POP1950":null,"ADM0CAP":0,"ADM0NAME":"Germany","ADM1NAME":"Baden-Württemberg","WIKIDATA":"Q22874"},"geometry":{"type":"Point","coordinates":[8.69833,49.29417]}},
{"type":"Feature","properties":{"NAME":"Höxter","NAME_DE":"Höxter","NAME_EN":"Höxter","NAME_IT":"Höxter","POP_MAX":27908,"POP_YEAR":"2025","POP1950":null,"ADM0CAP":0,"ADM0NAME":"Germany","ADM1NAME":"Nordrhein-Westfalen","WIKIDATA":"Q16107"},"geometry":{"type":"Point","coordinates":[9.36667,51.76667]}},
{"type":"Feature","properties":{"NAME":"Schwelm","NAME_DE":"Schwelm","NAME_EN":"Schwelm","NAME_IT":"Schwelm","POP_MAX":27880,"POP_YEAR":"2025","POP1950":null,"ADM0CAP":0,"ADM0NAME":"Germany","ADM1NAME":"Nordrhein-Westfalen","WIKIDATA":"Q11293"},"geometry":{"type":"Point","coordinates":[7.29718,51.29045]}},
{"type":"Feature","properties":{"NAME":"Bramsche","NAME_DE":"Bramsche","NAME_EN":"Bramsche","NAME_IT":"Bramsche","POP_MAX":27864,"POP_YEAR":"2025","POP1950":null,"ADM0CAP":0,"ADM0NAME":"Germany","ADM1NAME":"Niedersachsen","WIKIDATA":"Q16109"},"geometry":{"type":"Point","coordinates":[7.97278,52.40889]}},
{"type":"Feature","properties":{"NAME":"Königsbrunn","NAME_DE":"Königsbrunn","NAME_EN":"Königsbrunn","NAME_IT":"Königsbrunn","POP_MAX":27847,"POP_YEAR":"2025","POP1950":null,"ADM0CAP":0,"ADM0NAME":"Germany","ADM1NAME":"Bayern","WIKIDATA":"Q509355"},"geometry":{"type":"Point","coordinates":[10.89083,48.26889]}},
{"type":"Feature","properties":{"NAME":"Geislingen an der Steige","NAME_DE":"Geislingen an der Steige","NAME_EN":"Geislingen an der Steige","NAME_IT":"Geislingen an der Steige","POP_MAX":27781,"POP_YEAR":"2025","POP1950":null,"ADM0CAP":0,"ADM0NAME":"Germany","ADM1NAME":"Baden-Württemberg","WIKIDATA":"Q80836"},"geometry":{"type":"Point","coordinates":[9.83056,48.62444]}},
{"type":"Feature","properties":{"NAME":"Baunatal","NAME_DE":"Baunatal","NAME_EN":"Baunatal","NAME_IT":"Baunatal","POP_MAX":27768,"POP_YEAR":"2025","POP1950":null,"ADM0CAP":0,"ADM0NAME":"Germany","ADM1NAME":"Hessen","WIKIDATA":"Q516581"},"geometry":{"type":"Point","coordinates":[9.41833,51.25889]}},
{"type":"Feature","properties":{"NAME":"Strausberg","NAME_DE":"Strausberg","NAME_EN":"Strausberg","NAME_IT":"Strausberg","POP_MAX":27765,"POP_YEAR":"2025","POP1950":null,"ADM0CAP":0,"ADM0NAME":"Germany","ADM1NAME":"Brandenburg","WIKIDATA":"Q490521"},"geometry":{"type":"Point","coordinates":[13.88139,52.58083]}},
{"type":"Feature","properties":{"NAME":"Ehingen","NAME_DE":"Ehingen","NAME_EN":"Ehingen","NAME_IT":"Ehingen","POP_MAX":27700,"POP_YEAR":"2025","POP1950":null,"ADM0CAP":0,"ADM0NAME":"Germany","ADM1NAME":"Baden-Württemberg","WIKIDATA":"Q158523"},"geometry":{"type":"Point","coordinates":[9.72361,48.28333]}},
{"type":"Feature","properties":{"NAME":"Teltow","NAME_DE":"Teltow","NAME_EN":"Teltow","NAME_IT":"Teltow","POP_MAX":27698,"POP_YEAR":"2025","POP1950":null,"ADM0CAP":0,"ADM0NAME":"Germany","ADM1NAME":"Brandenburg","WIKIDATA":"Q572512"},"geometry":{"type":"Point","coordinates":[13.27056,52.40222]}},
{"type":"Feature","properties":{"NAME":"Grimma","NAME_DE":"Grimma","NAME_EN":"Grimma","NAME_IT":"Grimma","POP_MAX":27554,"POP_YEAR":"2025","POP1950":null,"ADM0CAP":0,"ADM0NAME":"Germany","ADM1NAME":"Sachsen","WIKIDATA":"Q10780"},"geometry":{"type":"Point","coordinates":[12.72875,51.23834]}},
{"type":"Feature","properties":{"NAME":"Sundern","NAME_DE":"Sundern","NAME_EN":"Sundern (Sauerland)","NAME_IT":"Sundern","POP_MAX":27490,"POP_YEAR":"2025","POP1950":null,"ADM0CAP":0,"ADM0NAME":"Germany","ADM1NAME":"Nordrhein-Westfalen","WIKIDATA":"Q6015"},"geometry":{"type":"Point","coordinates":[8,51.31667]}},
{"type":"Feature","properties":{"NAME":"Olching","NAME_DE":"Olching","NAME_EN":"Olching","NAME_IT":"Olching","POP_MAX":27418,"POP_YEAR":"2025","POP1950":null,"ADM0CAP":0,"ADM0NAME":"Germany","ADM1NAME":"Bayern","WIKIDATA":"Q178486"},"geometry":{"type":"Point","coordinates":[11.31667,48.2]}},
{"type":"Feature","properties":{"NAME":"Neukirchen-Vluyn","NAME_DE":"Neukirchen-Vluyn","NAME_EN":"Neukirchen-Vluyn","NAME_IT":"Neukirchen-Vluyn","POP_MAX":27410,"POP_YEAR":"2025","POP1950":null,"ADM0CAP":0,"ADM0NAME":"Germany","ADM1NAME":"Nordrhein-Westfalen","WIKIDATA":"Q162771"},"geometry":{"type":"Point","coordinates":[6.55833,51.44167]}},
{"type":"Feature","properties":{"NAME":"Verden (Aller)","NAME_DE":"Verden (Aller)","NAME_EN":"Verden","NAME_IT":"Verden (Aller)","POP_MAX":27273,"POP_YEAR":"2025","POP1950":null,"ADM0CAP":0,"ADM0NAME":"Germany","ADM1NAME":"Niedersachsen","WIKIDATA":"Q486551"},"geometry":{"type":"Point","coordinates":[9.23056,52.92111]}},
{"type":"Feature","properties":{"NAME":"Pfaffenhofen an der Ilm","NAME_DE":"Pfaffenhofen an der Ilm","NAME_EN":"Pfaffenhofen an der Ilm","NAME_IT":"Pfaffenhofen an der Ilm","POP_MAX":27228,"POP_YEAR":"2025","POP1950":null,"ADM0CAP":0,"ADM0NAME":"Germany","ADM1NAME":"Bayern","WIKIDATA":"Q490319"},"geometry":{"type":"Point","coordinates":[11.51667,48.53333]}},
{"type":"Feature","properties":{"NAME":"Butzbach","NAME_DE":"Butzbach","NAME_EN":"Butzbach","NAME_IT":"Butzbach","POP_MAX":27181,"POP_YEAR":"2025","POP1950":null,"ADM0CAP":0,"ADM0NAME":"Germany","ADM1NAME":"Hessen","WIKIDATA":"Q569680"},"geometry":{"type":"Point","coordinates":[8.66222,50.43667]}},
{"type":"Feature","properties":{"NAME":"Northeim","NAME_DE":"Northeim","NAME_EN":"Northeim","NAME_IT":"Northeim","POP_MAX":27174,"POP_YEAR":"2025","POP1950":null,"ADM0CAP":0,"ADM0NAME":"Germany","ADM1NAME":"Niedersachsen","WIKIDATA":"Q498575"},"geometry":{"type":"Point","coordinates":[10.00111,51.70667]}},
{"type":"Feature","properties":{"NAME":"Werder (Havel)","NAME_DE":"Werder (Havel)","NAME_EN":"Werder (Havel)","NAME_IT":"Werder (Havel)","POP_MAX":27064,"POP_YEAR":"2025","POP1950":null,"ADM0CAP":0,"ADM0NAME":"Germany","ADM1NAME":"Brandenburg","WIKIDATA":"Q525686"},"geometry":{"type":"Point","coordinates":[12.935,52.37806]}},
{"type":"Feature","properties":{"NAME":"Rheinbach","NAME_DE":"Rheinbach","NAME_EN":"Rheinbach","NAME_IT":"Rheinbach","POP_MAX":27012,"POP_YEAR":"2025","POP1950":null,"ADM0CAP":0,"ADM0NAME":"Germany","ADM1NAME":"Nordrhein-Westfalen","WIKIDATA":"Q12547"},"geometry":{"type":"Point","coordinates":[6.94911,50.62562]}},
{"type":"Feature","properties":{"NAME":"Weinstadt","NAME_DE":"Weinstadt","NAME_EN":"Weinstadt","NAME_IT":"Weinstadt","POP_MAX":26926,"POP_YEAR":"2025","POP1950":null,"ADM0CAP":0,"ADM0NAME":"Germany","ADM1NAME":"Baden-Württemberg","WIKIDATA":"Q82911"},"geometry":{"type":"Point","coordinates":[9.36556,48.81111]}},
{"type":"Feature","properties":{"NAME":"Achern","NAME_DE":"Achern","NAME_EN":"Achern","NAME_IT":"Achern","POP_MAX":26873,"POP_YEAR":"2025","POP1950":null,"ADM0CAP":0,"ADM0NAME":"Germany","ADM1NAME":"Baden-Württemberg","WIKIDATA":"Q373824"},"geometry":{"type":"Point","coordinates":[8.07389,48.63139]}},
{"type":"Feature","properties":{"NAME":"Hamminkeln","NAME_DE":"Hamminkeln","NAME_EN":"Hamminkeln","NAME_IT":"Hamminkeln","POP_MAX":26839,"POP_YEAR":"2025","POP1950":null,"ADM0CAP":0,"ADM0NAME":"Germany","ADM1NAME":"Nordrhein-Westfalen","WIKIDATA":"Q162717"},"geometry":{"type":"Point","coordinates":[6.59083,51.73194]}},
{"type":"Feature","properties":{"NAME":"Hohen Neuendorf","NAME_DE":"Hohen Neuendorf","NAME_EN":"Hohen Neuendorf","NAME_IT":"Hohen Neuendorf","POP_MAX":26819,"POP_YEAR":"2025","POP1950":null,"ADM0CAP":0,"ADM0NAME":"Germany","ADM1NAME":"Brandenburg","WIKIDATA":"Q545340"},"geometry":{"type":"Point","coordinates":[13.28306,52.66667]}},
{"type":"Feature","properties":{"NAME":"Leimen","NAME_DE":"Leimen","NAME_EN":"Leimen","NAME_IT":"Leimen","POP_MAX":26815,"POP_YEAR":"2025","POP1950":null,"ADM0CAP":0,"ADM0NAME":"Germany","ADM1NAME":"Baden-Württemberg","WIKIDATA":"Q23007"},"geometry":{"type":"Point","coordinates":[8.69111,49.34806]}},
{"type":"Feature","properties":{"NAME":"Lübbecke","NAME_DE":"Lübbecke","NAME_EN":"Lübbecke","NAME_IT":"Lübbecke","POP_MAX":26807,"POP_YEAR":"2025","POP1950":null,"ADM0CAP":0,"ADM0NAME":"Germany","ADM1NAME":"Nordrhein-Westfalen","WIKIDATA":"Q182805"},"geometry":{"type":"Point","coordinates":[8.62306,52.30806]}},
{"type":"Feature","properties":{"NAME":"Mühlacker","NAME_DE":"Mühlacker","NAME_EN":"Mühlacker","NAME_IT":"Mühlacker","POP_MAX":26793,"POP_YEAR":"2025","POP1950":null,"ADM0CAP":0,"ADM0NAME":"Germany","ADM1NAME":"Baden-Württemberg","WIKIDATA":"Q80670"},"geometry":{"type":"Point","coordinates":[8.83917,48.95]}},
{"type":"Feature","properties":{"NAME":"Overath","NAME_DE":"Overath","NAME_EN":"Overath","NAME_IT":"Overath","POP_MAX":26707,"POP_YEAR":"2025","POP1950":null,"ADM0CAP":0,"ADM0NAME":"Germany","ADM1NAME":"Nordrhein-Westfalen","WIKIDATA":"Q245438"},"geometry":{"type":"Point","coordinates":[7.28389,50.93278]}},
{"type":"Feature","properties":{"NAME":"Weiterstadt","NAME_DE":"Weiterstadt","NAME_EN":"Weiterstadt","NAME_IT":"Weiterstadt","POP_MAX":26638,"POP_YEAR":"2025","POP1950":null,"ADM0CAP":0,"ADM0NAME":"Germany","ADM1NAME":"Hessen","WIKIDATA":"Q285140"},"geometry":{"type":"Point","coordinates":[8.6,49.9]}},
{"type":"Feature","properties":{"NAME":"Unterhaching","NAME_DE":"Unterhaching","NAME_EN":"Unterhaching","NAME_IT":"Unterhaching","POP_MAX":26611,"POP_YEAR":"2025","POP1950":null,"ADM0CAP":0,"ADM0NAME":"Germany","ADM1NAME":"Bayern","WIKIDATA":"Q264899"},"geometry":{"type":"Point","coordinates":[11.61,48.06583]}},
{"type":"Feature","properties":{"NAME":"Hennigsdorf","NAME_DE":"Hennigsdorf","NAME_EN":"Hennigsdorf","NAME_IT":"Hennigsdorf","POP_MAX":26602,"POP_YEAR":"2025","POP1950":null,"ADM0CAP":0,"ADM0NAME":"Germany","ADM1NAME":"Brandenburg","WIKIDATA":"Q583462"},"geometry":{"type":"Point","coordinates":[13.20361,52.63778]}},
{"type":"Feature","properties":{"NAME":"Kulmbach","NAME_DE":"Kulmbach","NAME_EN":"Kulmbach","NAME_IT":"Kulmbach","POP_MAX":26511,"POP_YEAR":"2025","POP1950":null,"ADM0CAP":0,"ADM0NAME":"Germany","ADM1NAME":"Bayern","WIKIDATA":"Q157598"},"geometry":{"type":"Point","coordinates":[11.45556,50.10806]}},
{"type":"Feature","properties":{"NAME":"Neckarsulm","NAME_DE":"Neckarsulm","NAME_EN":"Neckarsulm","NAME_IT":"Neckarsulm","POP_MAX":26470,"POP_YEAR":"2025","POP1950":null,"ADM0CAP":0,"ADM0NAME":"Germany","ADM1NAME":"Baden-Württemberg","WIKIDATA":"Q488708"},"geometry":{"type":"Point","coordinates":[9.22444,49.19167]}},
{"type":"Feature","properties":{"NAME":"Schloß Holte-Stukenbrock","NAME_DE":"Schloß Holte-Stukenbrock","NAME_EN":"Schloß Holte-Stukenbrock","NAME_IT":"Schloß Holte-Stukenbrock","POP_MAX":26297,"POP_YEAR":"2025","POP1950":null,"ADM0CAP":0,"ADM0NAME":"Germany","ADM1NAME":"Nordrhein-Westfalen","WIKIDATA":"Q225432"},"geometry":{"type":"Point","coordinates":[8.61667,51.88333]}},
{"type":"Feature","properties":{"NAME":"Zirndorf","NAME_DE":"Zirndorf","NAME_EN":"Zirndorf","NAME_IT":"Zirndorf","POP_MAX":26229,"POP_YEAR":"2025","POP1950":null,"ADM0CAP":0,"ADM0NAME":"Germany","ADM1NAME":"Bayern","WIKIDATA":"Q72977"},"geometry":{"type":"Point","coordinates":[10.95,49.45]}},
{"type":"Feature","properties":{"NAME":"Remseck am Neckar","NAME_DE":"Remseck am Neckar","NAME_EN":"Remseck am Neckar","NAME_IT":"Remseck am Neckar","POP_MAX":26089,"POP_YEAR":"2025","POP1950":null,"ADM0CAP":0,"ADM0NAME":"Germany","ADM1NAME":"Baden-Württemberg","WIKIDATA":"Q61668"},"geometry":{"type":"Point","coordinates":[9.27639,48.86889]}},
{"type":"Feature","properties":{"NAME":"Friedrichsdorf","NAME_DE":"Friedrichsdorf","NAME_EN":"Friedrichsdorf","NAME_IT":"Friedrichsdorf","POP_MAX":26054,"POP_YEAR":"2025","POP1950":null,"ADM0CAP":0,"ADM0NAME":"Germany","ADM1NAME":"Hessen","WIKIDATA":"Q627742"},"geometry":{"type":"Point","coordinates":[8.64181,50.25688]}},
{"type":"Feature","properties":{"NAME":"Wetter (Ruhr)","NAME_DE":"Wetter (Ruhr)","NAME_EN":"Wetter","NAME_IT":"Wetter (Ruhr)","POP_MAX":25959,"POP_YEAR":"2025","POP1950":null,"ADM0CAP":0,"ADM0NAME":"Germany","ADM1NAME":"Nordrhein-Westfalen","WIKIDATA":"Q11343"},"geometry":{"type":"Point","coordinates":[7.39074,51.38374]}},
{"type":"Feature","properties":{"NAME":"Geretsried","NAME_DE":"Geretsried","NAME_EN":"Geretsried","NAME_IT":"Geretsried","POP_MAX":25907,"POP_YEAR":"2025","POP1950":null,"ADM0CAP":0,"ADM0NAME":"Germany","ADM1NAME":"Bayern","WIKIDATA":"Q504780"},"geometry":{"type":"Point","coordinates":[11.46667,47.86667]}},
{"type":"Feature","properties":{"NAME":"Öhringen","NAME_DE":"Öhringen","NAME_EN":"Öhringen","NAME_IT":"Öhringen","POP_MAX":25871,"POP_YEAR":"2025","POP1950":null,"ADM0CAP":0,"ADM0NAME":"Germany","ADM1NAME":"Baden-Württemberg","WIKIDATA":"Q294783"},"geometry":{"type":"Point","coordinates":[9.5,49.2]}},
{"type":"Feature","properties":{"NAME":"Waldkraiburg","NAME_DE":"Waldkraiburg","NAME_EN":"Waldkraiburg","NAME_IT":"Waldkraiburg","POP_MAX":25851,"POP_YEAR":"2025","POP1950":null,"ADM0CAP":0,"ADM0NAME":"Germany","ADM1NAME":"Bayern","WIKIDATA":"Q282458"},"geometry":{"type":"Point","coordinates":[12.4,48.21667]}},
{"type":"Feature","properties":{"NAME":"Heiligenhaus","NAME_DE":"Heiligenhaus","NAME_EN":"Heiligenhaus","NAME_IT":"Heiligenhaus","POP_MAX":25844,"POP_YEAR":"2025","POP1950":null,"ADM0CAP":0,"ADM0NAME":"Germany","ADM1NAME":"Nordrhein-Westfalen","WIKIDATA":"Q161673"},"geometry":{"type":"Point","coordinates":[6.971,51.3265]}},
{"type":"Feature","properties":{"NAME":"Selm","NAME_DE":"Selm","NAME_EN":"Selm","NAME_IT":"Selm","POP_MAX":25817,"POP_YEAR":"2025","POP1950":null,"ADM0CAP":0,"ADM0NAME":"Germany","ADM1NAME":"Nordrhein-Westfalen","WIKIDATA":"Q10935"},"geometry":{"type":"Point","coordinates":[7.48333,51.68333]}},
{"type":"Feature","properties":{"NAME":"Nordenham","NAME_DE":"Nordenham","NAME_EN":"Nordenham","NAME_IT":"Nordenham","POP_MAX":25759,"POP_YEAR":"2025","POP1950":null,"ADM0CAP":0,"ADM0NAME":"Germany","ADM1NAME":"Niedersachsen","WIKIDATA":"Q503711"},"geometry":{"type":"Point","coordinates":[8.46667,53.5]}},
{"type":"Feature","properties":{"NAME":"Lauf an der Pegnitz","NAME_DE":"Lauf an der Pegnitz","NAME_EN":"Lauf an der Pegnitz","NAME_IT":"Lauf an der Pegnitz","POP_MAX":25754,"POP_YEAR":"2025","POP1950":null,"ADM0CAP":0,"ADM0NAME":"Germany","ADM1NAME":"Bayern","WIKIDATA":"Q504334"},"geometry":{"type":"Point","coordinates":[11.27722,49.51028]}},
{"type":"Feature","properties":{"NAME":"Delitzsch","NAME_DE":"Delitzsch","NAME_EN":"Delitzsch","NAME_IT":"Delitzsch","POP_MAX":25750,"POP_YEAR":"2025","POP1950":null,"ADM0CAP":0,"ADM0NAME":"Germany","ADM1NAME":"Sachsen","WIKIDATA":"Q12052"},"geometry":{"type":"Point","coordinates":[12.3425,51.52639]}},
{"type":"Feature","properties":{"NAME":"Idstein","NAME_DE":"Idstein","NAME_EN":"Idstein","NAME_IT":"Idstein","POP_MAX":25724,"POP_YEAR":"2025","POP1950":null,"ADM0CAP":0,"ADM0NAME":"Germany","ADM1NAME":"Hessen","WIKIDATA":"Q525659"},"geometry":{"type":"Point","coordinates":[8.26917,50.22056]}},
{"type":"Feature","properties":{"NAME":"Lindau","NAME_DE":"Lindau","NAME_EN":"Lindau","NAME_IT":"Lindau (Bodensee)","POP_MAX":25702,"POP_YEAR":"2025","POP1950":null,"ADM0CAP":0,"ADM0NAME":"Germany","ADM1NAME":"Bayern","WIKIDATA":"Q153969"},"geometry":{"type":"Point","coordinates":[9.68389,47.54583]}},
{"type":"Feature","properties":{"NAME":"Horb am Neckar","NAME_DE":"Horb am Neckar","NAME_EN":"Horb am Neckar","NAME_IT":"Horb am Neckar","POP_MAX":25687,"POP_YEAR":"2025","POP1950":null,"ADM0CAP":0,"ADM0NAME":"Germany","ADM1NAME":"Baden-Württemberg","WIKIDATA":"Q82690"},"geometry":{"type":"Point","coordinates":[8.69111,48.445]}},
{"type":"Feature","properties":{"NAME":"Verl","NAME_DE":"Verl","NAME_EN":"Verl","NAME_IT":"Verl","POP_MAX":25574,"POP_YEAR":"2025","POP1950":null,"ADM0CAP":0,"ADM0NAME":"Germany","ADM1NAME":"Nordrhein-Westfalen","WIKIDATA":"Q225375"},"geometry":{"type":"Point","coordinates":[8.51667,51.88306]}},
{"type":"Feature","properties":{"NAME":"Schleswig","NAME_DE":"Schleswig","NAME_EN":"Schleswig","NAME_IT":"Schleswig","POP_MAX":25567,"POP_YEAR":"2025","POP1950":null,"ADM0CAP":0,"ADM0NAME":"Germany","ADM1NAME":"Schleswig-Holstein","WIKIDATA":"Q501661"},"geometry":{"type":"Point","coordinates":[9.56972,54.51528]}},
{"type":"Feature","properties":{"NAME":"Espelkamp","NAME_DE":"Espelkamp","NAME_EN":"Espelkamp","NAME_IT":"Espelkamp","POP_MAX":25486,"POP_YEAR":"2025","POP1950":null,"ADM0CAP":0,"ADM0NAME":"Germany","ADM1NAME":"Nordrhein-Westfalen","WIKIDATA":"Q182691"},"geometry":{"type":"Point","coordinates":[8.63278,52.37722]}},
{"type":"Feature","properties":{"NAME":"Harsewinkel","NAME_DE":"Harsewinkel","NAME_EN":"Harsewinkel","NAME_IT":"Harsewinkel","POP_MAX":25480,"POP_YEAR":"2025","POP1950":null,"ADM0CAP":0,"ADM0NAME":"Germany","ADM1NAME":"Nordrhein-Westfalen","WIKIDATA":"Q225729"},"geometry":{"type":"Point","coordinates":[8.23306,51.96667]}},
{"type":"Feature","properties":{"NAME":"Pfungstadt","NAME_DE":"Pfungstadt","NAME_EN":"Pfungstadt","NAME_IT":"Pfungstadt","POP_MAX":25475,"POP_YEAR":"2025","POP1950":null,"ADM0CAP":0,"ADM0NAME":"Germany","ADM1NAME":"Hessen","WIKIDATA":"Q516500"},"geometry":{"type":"Point","coordinates":[8.60444,49.80556]}},
{"type":"Feature","properties":{"NAME":"Roth","NAME_DE":"Roth","NAME_EN":"Roth","NAME_IT":"Roth","POP_MAX":25473,"POP_YEAR":"2025","POP1950":null,"ADM0CAP":0,"ADM0NAME":"Germany","ADM1NAME":"Bayern","WIKIDATA":"Q504019"},"geometry":{"type":"Point","coordinates":[11.09111,49.24611]}},
{"type":"Feature","properties":{"NAME":"Bingen am Rhein","NAME_DE":"Bingen am Rhein","NAME_EN":"Bingen am Rhein","NAME_IT":"Bingen am Rhein","POP_MAX":25424,"POP_YEAR":"2025","POP1950":null,"ADM0CAP":0,"ADM0NAME":"Germany","ADM1NAME":"Rheinland-Pfalz","WIKIDATA":"Q285879"},"geometry":{"type":"Point","coordinates":[7.895,49.96694]}},
{"type":"Feature","properties":{"NAME":"Stutensee","NAME_DE":"Stutensee","NAME_EN":"Stutensee","NAME_IT":"Stutensee","POP_MAX":25422,"POP_YEAR":"2025","POP1950":null,"ADM0CAP":0,"ADM0NAME":"Germany","ADM1NAME":"Baden-Württemberg","WIKIDATA":"Q22884"},"geometry":{"type":"Point","coordinates":[8.47167,49.06472]}},
{"type":"Feature","properties":{"NAME":"Groß-Gerau","NAME_DE":"Groß-Gerau","NAME_EN":"Groß-Gerau","NAME_IT":"Groß-Gerau","POP_MAX":25401,"POP_YEAR":"2025","POP1950":null,"ADM0CAP":0,"ADM0NAME":"Germany","ADM1NAME":"Hessen","WIKIDATA":"Q251689"},"geometry":{"type":"Point","coordinates":[8.48181,49.92139]}},
{"type":"Feature","properties":{"NAME":"Rinteln","NAME_DE":"Rinteln","NAME_EN":"Rinteln","NAME_IT":"Rinteln","POP_MAX":25382,"POP_YEAR":"2025","POP1950":null,"ADM0CAP":0,"ADM0NAME":"Germany","ADM1NAME":"Niedersachsen","WIKIDATA":"Q498571"},"geometry":{"type":"Point","coordinates":[9.07917,52.18604]}},
{"type":"Feature","properties":{"NAME":"Obertshausen","NAME_DE":"Obertshausen","NAME_EN":"Obertshausen","NAME_IT":"Obertshausen","POP_MAX":25381,"POP_YEAR":"2025","POP1950":null,"ADM0CAP":0,"ADM0NAME":"Germany","ADM1NAME":"Hessen","WIKIDATA":"Q569628"},"geometry":{"type":"Point","coordinates":[8.84819,50.07153]}},
{"type":"Feature","properties":{"NAME":"St. Wendel","NAME_DE":"St. Wendel","NAME_EN":"Sankt Wendel","NAME_IT":"St. Wendel","POP_MAX":25365,"POP_YEAR":"2025","POP1950":null,"ADM0CAP":0,"ADM0NAME":"Germany","ADM1NAME":"Saarland","WIKIDATA":"Q569676"},"geometry":{"type":"Point","coordinates":[7.16667,49.46667]}},
{"type":"Feature","properties":{"NAME":"Aschersleben","NAME_DE":"Aschersleben","NAME_EN":"Aschersleben","NAME_IT":"Aschersleben","POP_MAX":25364,"POP_YEAR":"2025","POP1950":null,"ADM0CAP":0,"ADM0NAME":"Germany","ADM1NAME":"Sachsen-Anhalt","WIKIDATA":"Q486991"},"geometry":{"type":"Point","coordinates":[11.46667,51.75]}},
{"type":"Feature","properties":{"NAME":"Markkleeberg","NAME_DE":"Markkleeberg","NAME_EN":"Markkleeberg","NAME_IT":"Markkleeberg","POP_MAX":25354,"POP_YEAR":"2025","POP1950":null,"ADM0CAP":0,"ADM0NAME":"Germany","ADM1NAME":"Sachsen","WIKIDATA":"Q10782"},"geometry":{"type":"Point","coordinates":[12.36917,51.27555]}},
{"type":"Feature","properties":{"NAME":"Syke","NAME_DE":"Syke","NAME_EN":"Syke","NAME_IT":"Syke","POP_MAX":25301,"POP_YEAR":"2025","POP1950":null,"ADM0CAP":0,"ADM0NAME":"Germany","ADM1NAME":"Niedersachsen","WIKIDATA":"Q503751"},"geometry":{"type":"Point","coordinates":[8.81861,52.91611]}},
{"type":"Feature","properties":{"NAME":"Salzkotten","NAME_DE":"Salzkotten","NAME_EN":"Salzkotten","NAME_IT":"Salzkotten","POP_MAX":25293,"POP_YEAR":"2025","POP1950":null,"ADM0CAP":0,"ADM0NAME":"Germany","ADM1NAME":"Nordrhein-Westfalen","WIKIDATA":"Q183515"},"geometry":{"type":"Point","coordinates":[8.60472,51.67083]}},
{"type":"Feature","properties":{"NAME":"Brilon","NAME_DE":"Brilon","NAME_EN":"Brilon","NAME_IT":"Brilon","POP_MAX":25236,"POP_YEAR":"2025","POP1950":null,"ADM0CAP":0,"ADM0NAME":"Germany","ADM1NAME":"Nordrhein-Westfalen","WIKIDATA":"Q5642"},"geometry":{"type":"Point","coordinates":[8.56778,51.39556]}},
{"type":"Feature","properties":{"NAME":"Wiehl","NAME_DE":"Wiehl","NAME_EN":"Wiehl","NAME_IT":"Wiehl","POP_MAX":25213,"POP_YEAR":"2025","POP1950":null,"ADM0CAP":0,"ADM0NAME":"Germany","ADM1NAME":"Nordrhein-Westfalen","WIKIDATA":"Q11043"},"geometry":{"type":"Point","coordinates":[7.53333,50.95]}},
{"type":"Feature","properties":{"NAME":"Bedburg","NAME_DE":"Bedburg","NAME_EN":"Bedburg","NAME_IT":"Bedburg","POP_MAX":25210,"POP_YEAR":"2025","POP1950":null,"ADM0CAP":0,"ADM0NAME":"Germany","ADM1NAME":"Nordrhein-Westfalen","WIKIDATA":"Q245292"},"geometry":{"type":"Point","coordinates":[6.5625,51]}},
{"type":"Feature","properties":{"NAME":"Petershagen","NAME_DE":"Petershagen","NAME_EN":"Petershagen","NAME_IT":"Petershagen","POP_MAX":25192,"POP_YEAR":"2025","POP1950":null,"ADM0CAP":0,"ADM0NAME":"Germany","ADM1NAME":"Nordrhein-Westfalen","WIKIDATA":"Q182857"},"geometry":{"type":"Point","coordinates":[8.96667,52.38333]}},
{"type":"Feature","properties":{"NAME":"Sangerhausen","NAME_DE":"Sangerhausen","NAME_EN":"Sangerhausen","NAME_IT":"Sangerhausen","POP_MAX":25163,"POP_YEAR":"2025","POP1950":null,"ADM0CAP":0,"ADM0NAME":"Germany","ADM1NAME":"Sachsen-Anhalt","WIKIDATA":"Q502434"},"geometry":{"type":"Point","coordinates":[11.3,51.46667]}},
{"type":"Feature","properties":{"NAME":"Waldshut-Tiengen","NAME_DE":"Waldshut-Tiengen","NAME_EN":"Waldshut-Tiengen","NAME_IT":"Waldshut-Tiengen","POP_MAX":25084,"POP_YEAR":"2025","POP1950":null,"ADM0CAP":0,"ADM0NAME":"Germany","ADM1NAME":"Baden-Württemberg","WIKIDATA":"Q505433"},"geometry":{"type":"Point","coordinates":[8.21444,47.62306]}},
{"type":"Feature","properties":{"NAME":"Helmstedt","NAME_DE":"Helmstedt","NAME_EN":"Helmstedt","NAME_IT":"Helmstedt","POP_MAX":25048,"POP_YEAR":"2025","POP1950":null,"ADM0CAP":0,"ADM0NAME":"Germany","ADM1NAME":"Niedersachsen","WIKIDATA":"Q486562"},"geometry":{"type":"Point","coordinates":[11.01056,52.22806]}},
{"type":"Feature","properties":{"NAME":"Lüdinghausen","NAME_DE":"Lüdinghausen","NAME_EN":"Lüdinghausen","NAME_IT":"Lüdinghausen","POP_MAX":25039,"POP_YEAR":"2025","POP1950":null,"ADM0CAP":0,"ADM0NAME":"Germany","ADM1NAME":"Nordrhein-Westfalen","WIKIDATA":"Q14934"},"geometry":{"type":"Point","coordinates":[7.44444,51.76806]}},
{"type":"Feature","properties":{"NAME":"Vaterstetten","NAME_DE":"Vaterstetten","NAME_EN":"Vaterstetten","NAME_IT":"Vaterstetten","POP_MAX":25039,"POP_YEAR":"2025","POP1950":null,"ADM0CAP":0,"ADM0NAME":"Germany","ADM1NAME":"Bayern","WIKIDATA":"Q542921"},"geometry":{"type":"Point","coordinates":[11.77056,48.105]}},
{"type":"Feature","properties":{"NAME":"Weingarten","NAME_DE":"Weingarten","NAME_EN":"Weingarten","NAME_IT":"Weingarten","POP_MAX":25034,"POP_YEAR":"2025","POP1950":null,"ADM0CAP":0,"ADM0NAME":"Germany","ADM1NAME":"Baden-Württemberg","WIKIDATA":"Q572427"},"geometry":{"type":"Point","coordinates":[9.64172,47.80777]}},
{"type":"Feature","properties":{"NAME":"Rottweil","NAME_DE":"Rottweil","NAME_EN":"Rottweil","NAME_IT":"Rottweil","POP_MAX":25001,"POP_YEAR":"2025","POP1950":null,"ADM0CAP":0,"ADM0NAME":"Germany","ADM1NAME":"Baden-Württemberg","WIKIDATA":"Q82960"},"geometry":{"type":"Point","coordinates":[8.62472,48.16806]}},
{"type":"Feature","properties":{"NAME":"Bad Oldesloe","NAME_DE":"Bad Oldesloe","NAME_EN":"Bad Oldesloe","NAME_IT":"Bad Oldesloe","POP_MAX":24981,"POP_YEAR":"2025","POP1950":null,"ADM0CAP":0,"ADM0NAME":"Germany","ADM1NAME":"Schleswig-Holstein","WIKIDATA":"Q155226"},"geometry":{"type":"Point","coordinates":[10.37417,53.81167]}},
{"type":"Feature","properties":{"NAME":"Norden","NAME_DE":"Norden","NAME_EN":"Norden","NAME_IT":"Norden","POP_MAX":24978,"POP_YEAR":"2025","POP1950":null,"ADM0CAP":0,"ADM0NAME":"Germany","ADM1NAME":"Niedersachsen","WIKIDATA":"Q492366"},"geometry":{"type":"Point","coordinates":[7.20556,53.59667]}},
{"type":"Feature","properties":{"NAME":"Zittau","NAME_DE":"Zittau","NAME_EN":"Zittau","NAME_IT":"Zittau","POP_MAX":24958,"POP_YEAR":"2025","POP1950":null,"ADM0CAP":0,"ADM0NAME":"Germany","ADM1NAME":"Sachsen","WIKIDATA":"Q157200"},"geometry":{"type":"Point","coordinates":[14.80722,50.89611]}},
{"type":"Feature","properties":{"NAME":"Meckenheim","NAME_DE":"Meckenheim","NAME_EN":"Meckenheim","NAME_IT":"Meckenheim","POP_MAX":24936,"POP_YEAR":"2025","POP1950":null,"ADM0CAP":0,"ADM0NAME":"Germany","ADM1NAME":"Nordrhein-Westfalen","WIKIDATA":"Q12464"},"geometry":{"type":"Point","coordinates":[7.01667,50.63333]}},
{"type":"Feature","properties":{"NAME":"Bad Honnef","NAME_DE":"Bad Honnef","NAME_EN":"Bad Honnef","NAME_IT":"Bad Honnef","POP_MAX":24930,"POP_YEAR":"2025","POP1950":null,"ADM0CAP":0,"ADM0NAME":"Germany","ADM1NAME":"Nordrhein-Westfalen","WIKIDATA":"Q12434"},"geometry":{"type":"Point","coordinates":[7.22694,50.645]}},
{"type":"Feature","properties":{"NAME":"Warstein","NAME_DE":"Warstein","NAME_EN":"Warstein","NAME_IT":"Warstein","POP_MAX":24857,"POP_YEAR":"2025","POP1950":null,"ADM0CAP":0,"ADM0NAME":"Germany","ADM1NAME":"Nordrhein-Westfalen","WIKIDATA":"Q11119"},"geometry":{"type":"Point","coordinates":[8.36667,51.45]}},
{"type":"Feature","properties":{"NAME":"Meiningen","NAME_DE":"Meiningen","NAME_EN":"Meiningen","NAME_IT":"Meiningen","POP_MAX":24810,"POP_YEAR":"2025","POP1950":null,"ADM0CAP":0,"ADM0NAME":"Germany","ADM1NAME":"Thüringen","WIKIDATA":"Q487278"},"geometry":{"type":"Point","coordinates":[10.41667,50.55]}},
{"type":"Feature","properties":{"NAME":"Eisenhüttenstadt","NAME_DE":"Eisenhüttenstadt","NAME_EN":"Eisenhüttenstadt","NAME_IT":"Eisenhüttenstadt","POP_MAX":24791,"POP_YEAR":"2025","POP1950":null,"ADM0CAP":0,"ADM0NAME":"Germany","ADM1NAME":"Brandenburg","WIKIDATA":"Q16106"},"geometry":{"type":"Point","coordinates":[14.63001,52.14655]}},
{"type":"Feature","properties":{"NAME":"Rathenow","NAME_DE":"Rathenow","NAME_EN":"Rathenow","NAME_IT":"Rathenow","POP_MAX":24761,"POP_YEAR":"2025","POP1950":null,"ADM0CAP":0,"ADM0NAME":"Germany","ADM1NAME":"Brandenburg","WIKIDATA":"Q525425"},"geometry":{"type":"Point","coordinates":[12.33333,52.6]}},
{"type":"Feature","properties":{"NAME":"Calw","NAME_DE":"Calw","NAME_EN":"Calw","NAME_IT":"Calw","POP_MAX":24750,"POP_YEAR":"2025","POP1950":null,"ADM0CAP":0,"ADM0NAME":"Germany","ADM1NAME":"Baden-Württemberg","WIKIDATA":"Q487921"},"geometry":{"type":"Point","coordinates":[8.7375,48.71444]}},
{"type":"Feature","properties":{"NAME":"Schmallenberg","NAME_DE":"Schmallenberg","NAME_EN":"Schmallenberg","NAME_IT":"Schmallenberg","POP_MAX":24728,"POP_YEAR":"2025","POP1950":null,"ADM0CAP":0,"ADM0NAME":"Germany","ADM1NAME":"Nordrhein-Westfalen","WIKIDATA":"Q5628"},"geometry":{"type":"Point","coordinates":[8.28528,51.15361]}},
{"type":"Feature","properties":{"NAME":"Varel","NAME_DE":"Varel","NAME_EN":"Varel","NAME_IT":"Varel","POP_MAX":24635,"POP_YEAR":"2025","POP1950":null,"ADM0CAP":0,"ADM0NAME":"Germany","ADM1NAME":"Niedersachsen","WIKIDATA":"Q496056"},"geometry":{"type":"Point","coordinates":[8.13611,53.39694]}},
{"type":"Feature","properties":{"NAME":"Wandlitz","NAME_DE":"Wandlitz","NAME_EN":"Wandlitz","NAME_IT":"Wandlitz","POP_MAX":24633,"POP_YEAR":"2025","POP1950":null,"ADM0CAP":0,"ADM0NAME":"Germany","ADM1NAME":"Brandenburg","WIKIDATA":"Q525555"},"geometry":{"type":"Point","coordinates":[13.44972,52.75]}},
{"type":"Feature","properties":{"NAME":"Starnberg","NAME_DE":"Starnberg","NAME_EN":"Starnberg","NAME_IT":"Starnberg","POP_MAX":24602,"POP_YEAR":"2025","POP1950":null,"ADM0CAP":0,"ADM0NAME":"Germany","ADM1NAME":"Bayern","WIKIDATA":"Q61936"},"geometry":{"type":"Point","coordinates":[11.34056,47.99722]}},
{"type":"Feature","properties":{"NAME":"Ellwangen","NAME_DE":"Ellwangen","NAME_EN":"Ellwangen","NAME_IT":"Ellwangen","POP_MAX":24589,"POP_YEAR":"2025","POP1950":null,"ADM0CAP":0,"ADM0NAME":"Germany","ADM1NAME":"Baden-Württemberg","WIKIDATA":"Q163973"},"geometry":{"type":"Point","coordinates":[10.13056,48.96111]}},
{"type":"Feature","properties":{"NAME":"Rudolstadt","NAME_DE":"Rudolstadt","NAME_EN":"Rudolstadt","NAME_IT":"Rudolstadt","POP_MAX":24560,"POP_YEAR":"2025","POP1950":null,"ADM0CAP":0,"ADM0NAME":"Germany","ADM1NAME":"Thüringen","WIKIDATA":"Q517107"},"geometry":{"type":"Point","coordinates":[11.3275,50.71694]}},
{"type":"Feature","properties":{"NAME":"Freudenstadt","NAME_DE":"Freudenstadt","NAME_EN":"Freudenstadt","NAME_IT":"Freudenstadt","POP_MAX":24537,"POP_YEAR":"2025","POP1950":null,"ADM0CAP":0,"ADM0NAME":"Germany","ADM1NAME":"Baden-Württemberg","WIKIDATA":"Q82838"},"geometry":{"type":"Point","coordinates":[8.41111,48.46333]}},
{"type":"Feature","properties":{"NAME":"Olpe","NAME_DE":"Olpe","NAME_EN":"Olpe","NAME_IT":"Olpe","POP_MAX":24518,"POP_YEAR":"2025","POP1950":null,"ADM0CAP":0,"ADM0NAME":"Germany","ADM1NAME":"Nordrhein-Westfalen","WIKIDATA":"Q10898"},"geometry":{"type":"Point","coordinates":[7.84389,51.02944]}},
{"type":"Feature","properties":{"NAME":"Mosbach","NAME_DE":"Mosbach","NAME_EN":"Mosbach","NAME_IT":"Mosbach","POP_MAX":24393,"POP_YEAR":"2025","POP1950":null,"ADM0CAP":0,"ADM0NAME":"Germany","ADM1NAME":"Baden-Württemberg","WIKIDATA":"Q23008"},"geometry":{"type":"Point","coordinates":[9.13333,49.35]}},
{"type":"Feature","properties":{"NAME":"Leutkirch im Allgäu","NAME_DE":"Leutkirch im Allgäu","NAME_EN":"Leutkirch im Allgäu","NAME_IT":"Leutkirch im Allgäu","POP_MAX":24325,"POP_YEAR":"2025","POP1950":null,"ADM0CAP":0,"ADM0NAME":"Germany","ADM1NAME":"Baden-Württemberg","WIKIDATA":"Q539645"},"geometry":{"type":"Point","coordinates":[10.02222,47.82556]}},
{"type":"Feature","properties":{"NAME":"Herzogenaurach","NAME_DE":"Herzogenaurach","NAME_EN":"Herzogenaurach","NAME_IT":"Herzogenaurach","POP_MAX":24312,"POP_YEAR":"2025","POP1950":null,"ADM0CAP":0,"ADM0NAME":"Germany","ADM1NAME":"Bayern","WIKIDATA":"Q1615401"},"geometry":{"type":"Point","coordinates":[10.88194,49.57]}},
{"type":"Feature","properties":{"NAME":"Plettenberg","NAME_DE":"Plettenberg","NAME_EN":"Plettenberg","NAME_IT":"Plettenberg","POP_MAX":24189,"POP_YEAR":"2025","POP1950":null,"ADM0CAP":0,"ADM0NAME":"Germany","ADM1NAME":"Nordrhein-Westfalen","WIKIDATA":"Q5542"},"geometry":{"type":"Point","coordinates":[7.87152,51.21276]}},
{"type":"Feature","properties":{"NAME":"Haren","NAME_DE":"Haren","NAME_EN":"Haren","NAME_IT":"Haren","POP_MAX":24175,"POP_YEAR":"2025","POP1950":null,"ADM0CAP":0,"ADM0NAME":"Germany","ADM1NAME":"Niedersachsen","WIKIDATA":"Q529185"},"geometry":{"type":"Point","coordinates":[7.23806,52.79167]}},
{"type":"Feature","properties":{"NAME":"Übach-Palenberg","NAME_DE":"Übach-Palenberg","NAME_EN":"Übach-Palenberg","NAME_IT":"Übach-Palenberg","POP_MAX":24144,"POP_YEAR":"2025","POP1950":null,"ADM0CAP":0,"ADM0NAME":"Germany","ADM1NAME":"Nordrhein-Westfalen","WIKIDATA":"Q204966"},"geometry":{"type":"Point","coordinates":[6.11944,50.91972]}},
{"type":"Feature","properties":{"NAME":"Sprockhövel","NAME_DE":"Sprockhövel","NAME_EN":"Sprockhövel","NAME_IT":"Sprockhövel","POP_MAX":24116,"POP_YEAR":"2025","POP1950":null,"ADM0CAP":0,"ADM0NAME":"Germany","ADM1NAME":"Nordrhein-Westfalen","WIKIDATA":"Q11340"},"geometry":{"type":"Point","coordinates":[7.24402,51.3614]}},
{"type":"Feature","properties":{"NAME":"Bad Mergentheim","NAME_DE":"Bad Mergentheim","NAME_EN":"Bad Mergentheim","NAME_IT":"Bad Mergentheim","POP_MAX":24084,"POP_YEAR":"2025","POP1950":null,"ADM0CAP":0,"ADM0NAME":"Germany","ADM1NAME":"Baden-Württemberg","WIKIDATA":"Q61942"},"geometry":{"type":"Point","coordinates":[9.77306,49.49083]}},
{"type":"Feature","properties":{"NAME":"Lennestadt","NAME_DE":"Lennestadt","NAME_EN":"Lennestadt","NAME_IT":"Lennestadt","POP_MAX":24025,"POP_YEAR":"2025","POP1950":null,"ADM0CAP":0,"ADM0NAME":"Germany","ADM1NAME":"Nordrhein-Westfalen","WIKIDATA":"Q10893"},"geometry":{"type":"Point","coordinates":[8.06806,51.12361]}},
{"type":"Feature","properties":{"NAME":"Isernhagen","NAME_DE":"Isernhagen","NAME_EN":"Isernhagen","NAME_IT":"Isernhagen","POP_MAX":23979,"POP_YEAR":"2025","POP1950":null,"ADM0CAP":0,"ADM0NAME":"Germany","ADM1NAME":"Niedersachsen","WIKIDATA":"Q514571"},"geometry":{"type":"Point","coordinates":[9.85722,52.43417]}},
{"type":"Feature","properties":{"NAME":"Husum","NAME_DE":"Husum","NAME_EN":"Husum","NAME_IT":"Husum","POP_MAX":23976,"POP_YEAR":"2025","POP1950":null,"ADM0CAP":0,"ADM0NAME":"Germany","ADM1NAME":"Schleswig-Holstein","WIKIDATA":"Q21159"},"geometry":{"type":"Point","coordinates":[9.05111,54.47694]}},
{"type":"Feature","properties":{"NAME":"Westerstede","NAME_DE":"Westerstede","NAME_EN":"Westerstede","NAME_IT":"Westerstede","POP_MAX":23956,"POP_YEAR":"2025","POP1950":null,"ADM0CAP":0,"ADM0NAME":"Germany","ADM1NAME":"Niedersachsen","WIKIDATA":"Q492360"},"geometry":{"type":"Point","coordinates":[7.91667,53.25]}},
{"type":"Feature","properties":{"NAME":"Döbeln","NAME_DE":"Döbeln","NAME_EN":"Döbeln","NAME_IT":"Döbeln","POP_MAX":23907,"POP_YEAR":"2025","POP1950":null,"ADM0CAP":0,"ADM0NAME":"Germany","ADM1NAME":"Sachsen","WIKIDATA":"Q71163"},"geometry":{"type":"Point","coordinates":[13.11278,51.11944]}},
{"type":"Feature","properties":{"NAME":"Jüchen","NAME_DE":"Jüchen","NAME_EN":"Jüchen","NAME_IT":"Jüchen","POP_MAX":23901,"POP_YEAR":"2025","POP1950":null,"ADM0CAP":0,"ADM0NAME":"Germany","ADM1NAME":"Nordrhein-Westfalen","WIKIDATA":"Q255416"},"geometry":{"type":"Point","coordinates":[6.50167,51.10111]}},
{"type":"Feature","properties":{"NAME":"Köthen","NAME_DE":"Köthen","NAME_EN":"Köthen","NAME_IT":"Köthen (Anhalt)","POP_MAX":23831,"POP_YEAR":"2025","POP1950":null,"ADM0CAP":0,"ADM0NAME":"Germany","ADM1NAME":"Sachsen-Anhalt","WIKIDATA":"Q1796771"},"geometry":{"type":"Point","coordinates":[11.97361,51.75111]}},
{"type":"Feature","properties":{"NAME":"Nagold","NAME_DE":"Nagold","NAME_EN":"Nagold","NAME_IT":"Nagold","POP_MAX":23813,"POP_YEAR":"2025","POP1950":null,"ADM0CAP":0,"ADM0NAME":"Germany","ADM1NAME":"Baden-Württemberg","WIKIDATA":"Q26344"},"geometry":{"type":"Point","coordinates":[8.72556,48.55194]}},
{"type":"Feature","properties":{"NAME":"Ronnenberg","NAME_DE":"Ronnenberg","NAME_EN":"Ronnenberg","NAME_IT":"Ronnenberg","POP_MAX":23807,"POP_YEAR":"2025","POP1950":null,"ADM0CAP":0,"ADM0NAME":"Germany","ADM1NAME":"Niedersachsen","WIKIDATA":"Q555643"},"geometry":{"type":"Point","coordinates":[9.65556,52.31944]}},
{"type":"Feature","properties":{"NAME":"Alfter","NAME_DE":"Alfter","NAME_EN":"Alfter","NAME_IT":"Alfter","POP_MAX":23766,"POP_YEAR":"2025","POP1950":null,"ADM0CAP":0,"ADM0NAME":"Germany","ADM1NAME":"Nordrhein-Westfalen","WIKIDATA":"Q254774"},"geometry":{"type":"Point","coordinates":[7.00917,50.73556]}},
{"type":"Feature","properties":{"NAME":"Senden","NAME_DE":"Senden","NAME_EN":"Senden","NAME_IT":"Senden","POP_MAX":23676,"POP_YEAR":"2025","POP1950":null,"ADM0CAP":0,"ADM0NAME":"Germany","ADM1NAME":"Bayern","WIKIDATA":"Q502627"},"geometry":{"type":"Point","coordinates":[10.04417,48.32361]}},
{"type":"Feature","properties":{"NAME":"Kaltenkirchen","NAME_DE":"Kaltenkirchen","NAME_EN":"Kaltenkirchen","NAME_IT":"Kaltenkirchen","POP_MAX":23585,"POP_YEAR":"2025","POP1950":null,"ADM0CAP":0,"ADM0NAME":"Germany","ADM1NAME":"Schleswig-Holstein","WIKIDATA":"Q492390"},"geometry":{"type":"Point","coordinates":[9.96028,53.83972]}},
{"type":"Feature","properties":{"NAME":"Neu Wulmstorf","NAME_DE":"Neu Wulmstorf","NAME_EN":"Neu Wulmstorf","NAME_IT":"Neu Wulmstorf","POP_MAX":23552,"POP_YEAR":"2025","POP1950":null,"ADM0CAP":0,"ADM0NAME":"Germany","ADM1NAME":"Niedersachsen","WIKIDATA":"Q508054"},"geometry":{"type":"Point","coordinates":[9.79556,53.46278]}},
{"type":"Feature","properties":{"NAME":"Sehnde","NAME_DE":"Sehnde","NAME_EN":"Sehnde","NAME_IT":"Sehnde","POP_MAX":23414,"POP_YEAR":"2025","POP1950":null,"ADM0CAP":0,"ADM0NAME":"Germany","ADM1NAME":"Niedersachsen","WIKIDATA":"Q625095"},"geometry":{"type":"Point","coordinates":[9.96417,52.31611]}},
{"type":"Feature","properties":{"NAME":"Gersthofen","NAME_DE":"Gersthofen","NAME_EN":"Gersthofen","NAME_IT":"Gersthofen","POP_MAX":23409,"POP_YEAR":"2025","POP1950":null,"ADM0CAP":0,"ADM0NAME":"Germany","ADM1NAME":"Bayern","WIKIDATA":"Q502767"},"geometry":{"type":"Point","coordinates":[10.86667,48.41667]}},
{"type":"Feature","properties":{"NAME":"Weilheim in Oberbayern","NAME_DE":"Weilheim in Oberbayern","NAME_EN":"Weilheim in Oberbayern","NAME_IT":"Weilheim in Alta Baviera","POP_MAX":23406,"POP_YEAR":"2025","POP1950":null,"ADM0CAP":0,"ADM0NAME":"Germany","ADM1NAME":"Bayern","WIKIDATA":"Q535674"},"geometry":{"type":"Point","coordinates":[11.13333,47.83333]}},
{"type":"Feature","properties":{"NAME":"Gelnhausen","NAME_DE":"Gelnhausen","NAME_EN":"Gelnhausen","NAME_IT":"Gelnhausen","POP_MAX":23401,"POP_YEAR":"2025","POP1950":null,"ADM0CAP":0,"ADM0NAME":"Germany","ADM1NAME":"Hessen","WIKIDATA":"Q494733"},"geometry":{"type":"Point","coordinates":[9.19055,50.20268]}},
{"type":"Feature","properties":{"NAME":"Limbach-Oberfrohna","NAME_DE":"Limbach-Oberfrohna","NAME_EN":"Limbach-Oberfrohna","NAME_IT":"Limbach-Oberfrohna","POP_MAX":23394,"POP_YEAR":"2025","POP1950":null,"ADM0CAP":0,"ADM0NAME":"Germany","ADM1NAME":"Sachsen","WIKIDATA":"Q20076"},"geometry":{"type":"Point","coordinates":[12.75,50.86667]}},
{"type":"Feature","properties":{"NAME":"Attendorn","NAME_DE":"Attendorn","NAME_EN":"Attendorn","NAME_IT":"Attendorn","POP_MAX":23376,"POP_YEAR":"2025","POP1950":null,"ADM0CAP":0,"ADM0NAME":"Germany","ADM1NAME":"Nordrhein-Westfalen","WIKIDATA":"Q10887"},"geometry":{"type":"Point","coordinates":[7.90333,51.12645]}},
{"type":"Feature","properties":{"NAME":"Hann. Münden","NAME_DE":"Hann. Münden","NAME_EN":"Hann. Münden","NAME_IT":"Hann. Münden","POP_MAX":23367,"POP_YEAR":"2025","POP1950":null,"ADM0CAP":0,"ADM0NAME":"Germany","ADM1NAME":"Niedersachsen","WIKIDATA":"Q165380"},"geometry":{"type":"Point","coordinates":[9.65,51.41667]}},
{"type":"Feature","properties":{"NAME":"Moormerland","NAME_DE":"Moormerland","NAME_EN":"Moormerland","NAME_IT":"Moormerland","POP_MAX":23357,"POP_YEAR":"2025","POP1950":null,"ADM0CAP":0,"ADM0NAME":"Germany","ADM1NAME":"Niedersachsen","WIKIDATA":"Q559496"},"geometry":{"type":"Point","coordinates":[7.42278,53.31972]}},
{"type":"Feature","properties":{"NAME":"Metzingen","NAME_DE":"Metzingen","NAME_EN":"Metzingen","NAME_IT":"Metzingen","POP_MAX":23305,"POP_YEAR":"2025","POP1950":null,"ADM0CAP":0,"ADM0NAME":"Germany","ADM1NAME":"Baden-Württemberg","WIKIDATA":"Q82881"},"geometry":{"type":"Point","coordinates":[9.28583,48.53667]}},
{"type":"Feature","properties":{"NAME":"Riedstadt","NAME_DE":"Riedstadt","NAME_EN":"Riedstadt","NAME_IT":"Riedstadt","POP_MAX":23274,"POP_YEAR":"2025","POP1950":null,"ADM0CAP":0,"ADM0NAME":"Germany","ADM1NAME":"Hessen","WIKIDATA":"Q569656"},"geometry":{"type":"Point","coordinates":[8.4975,49.83583]}},
{"type":"Feature","properties":{"NAME":"Rotenburg","NAME_DE":"Rotenburg","NAME_EN":"Rotenburg an der Wümme","NAME_IT":"Rotenburg (Wümme)","POP_MAX":23211,"POP_YEAR":"2025","POP1950":null,"ADM0CAP":0,"ADM0NAME":"Germany","ADM1NAME":"Niedersachsen","WIKIDATA":"Q498560"},"geometry":{"type":"Point","coordinates":[9.41083,53.11139]}},
{"type":"Feature","properties":{"NAME":"Warburg","NAME_DE":"Warburg","NAME_EN":"Warburg","NAME_IT":"Warburg","POP_MAX":23210,"POP_YEAR":"2025","POP1950":null,"ADM0CAP":0,"ADM0NAME":"Germany","ADM1NAME":"Nordrhein-Westfalen","WIKIDATA":"Q968"},"geometry":{"type":"Point","coordinates":[9.14,51.48806]}},
{"type":"Feature","properties":{"NAME":"Bad Kissingen","NAME_DE":"Bad Kissingen","NAME_EN":"Bad Kissingen","NAME_IT":"Bad Kissingen","POP_MAX":23191,"POP_YEAR":"2025","POP1950":null,"ADM0CAP":0,"ADM0NAME":"Germany","ADM1NAME":"Bayern","WIKIDATA":"Q488346"},"geometry":{"type":"Point","coordinates":[10.06667,50.2]}},
{"type":"Feature","properties":{"NAME":"Senftenberg","NAME_DE":"Senftenberg","NAME_EN":"Senftenberg","NAME_IT":"Senftenberg","POP_MAX":23147,"POP_YEAR":"2025","POP1950":null,"ADM0CAP":0,"ADM0NAME":"Germany","ADM1NAME":"Brandenburg","WIKIDATA":"Q491754"},"geometry":{"type":"Point","coordinates":[14.01667,51.51667]}},
{"type":"Feature","properties":{"NAME":"Bad Soden am Taunus","NAME_DE":"Bad Soden am Taunus","NAME_EN":"Bad Soden am Taunus","NAME_IT":"Bad Soden am Taunus","POP_MAX":23096,"POP_YEAR":"2025","POP1950":null,"ADM0CAP":0,"ADM0NAME":"Germany","ADM1NAME":"Hessen","WIKIDATA":"Q39785"},"geometry":{"type":"Point","coordinates":[8.49972,50.14243]}},
{"type":"Feature","properties":{"NAME":"Vreden","NAME_DE":"Vreden","NAME_EN":"Vreden","NAME_IT":"Vreden","POP_MAX":23083,"POP_YEAR":"2025","POP1950":null,"ADM0CAP":0,"ADM0NAME":"Germany","ADM1NAME":"Nordrhein-Westfalen","WIKIDATA":"Q200528"},"geometry":{"type":"Point","coordinates":[6.83306,52.03306]}},
{"type":"Feature","properties":{"NAME":"Quedlinburg","NAME_DE":"Quedlinburg","NAME_EN":"Quedlinburg","NAME_IT":"Quedlinburg","POP_MAX":23069,"POP_YEAR":"2025","POP1950":null,"ADM0CAP":0,"ADM0NAME":"Germany","ADM1NAME":"Sachsen-Anhalt","WIKIDATA":"Q40623"},"geometry":{"type":"Point","coordinates":[11.14722,51.79167]}},
{"type":"Feature","properties":{"NAME":"Kitzingen","NAME_DE":"Kitzingen","NAME_EN":"Kitzingen","NAME_IT":"Kitzingen","POP_MAX":23028,"POP_YEAR":"2025","POP1950":null,"ADM0CAP":0,"ADM0NAME":"Germany","ADM1NAME":"Bayern","WIKIDATA":"Q269447"},"geometry":{"type":"Point","coordinates":[10.16667,49.73333]}},
{"type":"Feature","properties":{"NAME":"Neusäß","NAME_DE":"Neusäß","NAME_EN":"Neusäß","NAME_IT":"Neusäß","POP_MAX":23026,"POP_YEAR":"2025","POP1950":null,"ADM0CAP":0,"ADM0NAME":"Germany","ADM1NAME":"Bayern","WIKIDATA":"Q503208"},"geometry":{"type":"Point","coordinates":[10.83333,48.4]}},
{"type":"Feature","properties":{"NAME":"Netphen","NAME_DE":"Netphen","NAME_EN":"Netphen","NAME_IT":"Netphen","POP_MAX":22972,"POP_YEAR":"2025","POP1950":null,"ADM0CAP":0,"ADM0NAME":"Germany","ADM1NAME":"Nordrhein-Westfalen","WIKIDATA":"Q10950"},"geometry":{"type":"Point","coordinates":[8.1,50.91472]}},
{"type":"Feature","properties":{"NAME":"Rastede","NAME_DE":"Rastede","NAME_EN":"Rastede","NAME_IT":"Rastede","POP_MAX":22936,"POP_YEAR":"2025","POP1950":null,"ADM0CAP":0,"ADM0NAME":"Germany","ADM1NAME":"Niedersachsen","WIKIDATA":"Q512640"},"geometry":{"type":"Point","coordinates":[8.2,53.25]}},
{"type":"Feature","properties":{"NAME":"Haar","NAME_DE":"Haar","NAME_EN":"Haar","NAME_IT":"Haar","POP_MAX":22934,"POP_YEAR":"2025","POP1950":null,"ADM0CAP":0,"ADM0NAME":"Germany","ADM1NAME":"Bayern","WIKIDATA":"Q504820"},"geometry":{"type":"Point","coordinates":[11.73111,48.11139]}},
{"type":"Feature","properties":{"NAME":"Salzwedel","NAME_DE":"Salzwedel","NAME_EN":"Salzwedel","NAME_IT":"Salzwedel","POP_MAX":22924,"POP_YEAR":"2025","POP1950":null,"ADM0CAP":0,"ADM0NAME":"Germany","ADM1NAME":"Sachsen-Anhalt","WIKIDATA":"Q486985"},"geometry":{"type":"Point","coordinates":[11.15,52.85]}},
{"type":"Feature","properties":{"NAME":"Staßfurt","NAME_DE":"Staßfurt","NAME_EN":"Staßfurt","NAME_IT":"Staßfurt","POP_MAX":22900,"POP_YEAR":"2025","POP1950":null,"ADM0CAP":0,"ADM0NAME":"Germany","ADM1NAME":"Sachsen-Anhalt","WIKIDATA":"Q525409"},"geometry":{"type":"Point","coordinates":[11.58892,51.85149]}},
{"type":"Feature","properties":{"NAME":"Dillenburg","NAME_DE":"Dillenburg","NAME_EN":"Dillenburg","NAME_IT":"Dillenburg","POP_MAX":22895,"POP_YEAR":"2025","POP1950":null,"ADM0CAP":0,"ADM0NAME":"Germany","ADM1NAME":"Hessen","WIKIDATA":"Q517381"},"geometry":{"type":"Point","coordinates":[8.28333,50.73333]}},
{"type":"Feature","properties":{"NAME":"Burg","NAME_DE":"Burg","NAME_EN":"Burg","NAME_IT":"Burg","POP_MAX":22838,"POP_YEAR":"2025","POP1950":null,"ADM0CAP":0,"ADM0NAME":"Germany","ADM1NAME":"Sachsen-Anhalt","WIKIDATA":"Q525632"},"geometry":{"type":"Point","coordinates":[11.855,52.2725]}},
{"type":"Feature","properties":{"NAME":"Laupheim","NAME_DE":"Laupheim","NAME_EN":"Laupheim","NAME_IT":"Laupheim","POP_MAX":22836,"POP_YEAR":"2025","POP1950":null,"ADM0CAP":0,"ADM0NAME":"Germany","ADM1NAME":"Baden-Württemberg","WIKIDATA":"Q574314"},"geometry":{"type":"Point","coordinates":[9.87972,48.22889]}},
{"type":"Feature","properties":{"NAME":"Wertheim","NAME_DE":"Wertheim","NAME_EN":"Wertheim","NAME_IT":"Wertheim","POP_MAX":22808,"POP_YEAR":"2025","POP1950":null,"ADM0CAP":0,"ADM0NAME":"Germany","ADM1NAME":"Baden-Württemberg","WIKIDATA":"Q61912"},"geometry":{"type":"Point","coordinates":[9.51667,49.75]}},
{"type":"Feature","properties":{"NAME":"Friesoythe","NAME_DE":"Friesoythe","NAME_EN":"Friesoythe","NAME_IT":"Friesoythe","POP_MAX":22806,"POP_YEAR":"2025","POP1950":null,"ADM0CAP":0,"ADM0NAME":"Germany","ADM1NAME":"Niedersachsen","WIKIDATA":"Q559637"},"geometry":{"type":"Point","coordinates":[7.85861,53.02056]}},
{"type":"Feature","properties":{"NAME":"Überlingen","NAME_DE":"Überlingen","NAME_EN":"Überlingen","NAME_IT":"Überlingen","POP_MAX":22799,"POP_YEAR":"2025","POP1950":null,"ADM0CAP":0,"ADM0NAME":"Germany","ADM1NAME":"Baden-Württemberg","WIKIDATA":"Q332952"},"geometry":{"type":"Point","coordinates":[9.165,47.76667]}},
{"type":"Feature","properties":{"NAME":"Eppingen","NAME_DE":"Eppingen","NAME_EN":"Eppingen","NAME_IT":"Eppingen","POP_MAX":22796,"POP_YEAR":"2025","POP1950":null,"ADM0CAP":0,"ADM0NAME":"Germany","ADM1NAME":"Baden-Württemberg","WIKIDATA":"Q506450"},"geometry":{"type":"Point","coordinates":[8.91667,49.13333]}},
{"type":"Feature","properties":{"NAME":"Korbach","NAME_DE":"Korbach","NAME_EN":"Korbach","NAME_IT":"Korbach","POP_MAX":22789,"POP_YEAR":"2025","POP1950":null,"ADM0CAP":0,"ADM0NAME":"Germany","ADM1NAME":"Hessen","WIKIDATA":"Q500147"},"geometry":{"type":"Point","coordinates":[8.87306,51.27194]}},
{"type":"Feature","properties":{"NAME":"Ottobrunn","NAME_DE":"Ottobrunn","NAME_EN":"Ottobrunn","NAME_IT":"Ottobrunn","POP_MAX":22729,"POP_YEAR":"2025","POP1950":null,"ADM0CAP":0,"ADM0NAME":"Germany","ADM1NAME":"Bayern","WIKIDATA":"Q506388"},"geometry":{"type":"Point","coordinates":[11.66667,48.06667]}},
{"type":"Feature","properties":{"NAME":"Bad Rappenau","NAME_DE":"Bad Rappenau","NAME_EN":"Bad Rappenau","NAME_IT":"Bad Rappenau","POP_MAX":22728,"POP_YEAR":"2025","POP1950":null,"ADM0CAP":0,"ADM0NAME":"Germany","ADM1NAME":"Baden-Württemberg","WIKIDATA":"Q27918"},"geometry":{"type":"Point","coordinates":[9.10278,49.23889]}},
{"type":"Feature","properties":{"NAME":"Herdecke","NAME_DE":"Herdecke","NAME_EN":"Herdecke","NAME_IT":"Herdecke","POP_MAX":22704,"POP_YEAR":"2025","POP1950":null,"ADM0CAP":0,"ADM0NAME":"Germany","ADM1NAME":"Nordrhein-Westfalen","WIKIDATA":"Q11337"},"geometry":{"type":"Point","coordinates":[7.43333,51.4]}},
{"type":"Feature","properties":{"NAME":"Quickborn","NAME_DE":"Quickborn","NAME_EN":"Quickborn","NAME_IT":"Quickborn","POP_MAX":22662,"POP_YEAR":"2025","POP1950":null,"ADM0CAP":0,"ADM0NAME":"Germany","ADM1NAME":"Schleswig-Holstein","WIKIDATA":"Q516623"},"geometry":{"type":"Point","coordinates":[9.89722,53.73333]}},
{"type":"Feature","properties":{"NAME":"Sonneberg","NAME_DE":"Sonneberg","NAME_EN":"Sonneberg","NAME_IT":"Sonneberg","POP_MAX":22649,"POP_YEAR":"2025","POP1950":null,"ADM0CAP":0,"ADM0NAME":"Germany","ADM1NAME":"Thüringen","WIKIDATA":"Q499278"},"geometry":{"type":"Point","coordinates":[11.16667,50.35]}},
{"type":"Feature","properties":{"NAME":"Mühldorf am Inn","NAME_DE":"Mühldorf am Inn","NAME_EN":"Mühldorf am Inn","NAME_IT":"Mühldorf am Inn","POP_MAX":22624,"POP_YEAR":"2025","POP1950":null,"ADM0CAP":0,"ADM0NAME":"Germany","ADM1NAME":"Bayern","WIKIDATA":"Q502615"},"geometry":{"type":"Point","coordinates":[12.52278,48.24556]}},
{"type":"Feature","properties":{"NAME":"Lengerich","NAME_DE":"Lengerich","NAME_EN":"Lengerich","NAME_IT":"Lengerich","POP_MAX":22591,"POP_YEAR":"2025","POP1950":null,"ADM0CAP":0,"ADM0NAME":"Germany","ADM1NAME":"Nordrhein-Westfalen","WIKIDATA":"Q181609"},"geometry":{"type":"Point","coordinates":[7.8525,52.18972]}},
{"type":"Feature","properties":{"NAME":"Wallenhorst","NAME_DE":"Wallenhorst","NAME_EN":"Wallenhorst","NAME_IT":"Wallenhorst","POP_MAX":22591,"POP_YEAR":"2025","POP1950":null,"ADM0CAP":0,"ADM0NAME":"Germany","ADM1NAME":"Niedersachsen","WIKIDATA":"Q628324"},"geometry":{"type":"Point","coordinates":[8.01667,52.35]}},
{"type":"Feature","properties":{"NAME":"Apolda","NAME_DE":"Apolda","NAME_EN":"Apolda","NAME_IT":"Apolda","POP_MAX":22572,"POP_YEAR":"2025","POP1950":null,"ADM0CAP":0,"ADM0NAME":"Germany","ADM1NAME":"Thüringen","WIKIDATA":"Q490689"},"geometry":{"type":"Point","coordinates":[11.51389,51.02472]}},
{"type":"Feature","properties":{"NAME":"Stadthagen","NAME_DE":"Stadthagen","NAME_EN":"Stadthagen","NAME_IT":"Stadthagen","POP_MAX":22556,"POP_YEAR":"2025","POP1950":null,"ADM0CAP":0,"ADM0NAME":"Germany","ADM1NAME":"Niedersachsen","WIKIDATA":"Q544501"},"geometry":{"type":"Point","coordinates":[9.20694,52.32472]}},
{"type":"Feature","properties":{"NAME":"Ditzingen","NAME_DE":"Ditzingen","NAME_EN":"Ditzingen","NAME_IT":"Ditzingen","POP_MAX":22551,"POP_YEAR":"2025","POP1950":null,"ADM0CAP":0,"ADM0NAME":"Germany","ADM1NAME":"Baden-Württemberg","WIKIDATA":"Q61658"},"geometry":{"type":"Point","coordinates":[9.06667,48.82639]}},
{"type":"Feature","properties":{"NAME":"Soltau","NAME_DE":"Soltau","NAME_EN":"Soltau","NAME_IT":"Soltau","POP_MAX":22522,"POP_YEAR":"2025","POP1950":null,"ADM0CAP":0,"ADM0NAME":"Germany","ADM1NAME":"Niedersachsen","WIKIDATA":"Q504754"},"geometry":{"type":"Point","coordinates":[9.83333,52.98333]}},
{"type":"Feature","properties":{"NAME":"Karben","NAME_DE":"Karben","NAME_EN":"Karben","NAME_IT":"Karben","POP_MAX":22486,"POP_YEAR":"2025","POP1950":null,"ADM0CAP":0,"ADM0NAME":"Germany","ADM1NAME":"Hessen","WIKIDATA":"Q570057"},"geometry":{"type":"Point","coordinates":[8.76806,50.23222]}},
{"type":"Feature","properties":{"NAME":"Eschborn","NAME_DE":"Eschborn","NAME_EN":"Eschborn","NAME_IT":"Eschborn","POP_MAX":22478,"POP_YEAR":"2025","POP1950":null,"ADM0CAP":0,"ADM0NAME":"Germany","ADM1NAME":"Hessen","WIKIDATA":"Q569648"},"geometry":{"type":"Point","coordinates":[8.56903,50.14375]}},
{"type":"Feature","properties":{"NAME":"Edewecht","NAME_DE":"Edewecht","NAME_EN":"Edewecht","NAME_IT":"Edewecht","POP_MAX":22389,"POP_YEAR":"2025","POP1950":null,"ADM0CAP":0,"ADM0NAME":"Germany","ADM1NAME":"Niedersachsen","WIKIDATA":"Q503410"},"geometry":{"type":"Point","coordinates":[7.9825,53.12583]}},
{"type":"Feature","properties":{"NAME":"Waghäusel","NAME_DE":"Waghäusel","NAME_EN":"Waghäusel","NAME_IT":"Waghäusel","POP_MAX":22301,"POP_YEAR":"2025","POP1950":null,"ADM0CAP":0,"ADM0NAME":"Germany","ADM1NAME":"Baden-Württemberg","WIKIDATA":"Q504457"},"geometry":{"type":"Point","coordinates":[8.51694,49.25]}},
{"type":"Feature","properties":{"NAME":"Bad Salzungen","NAME_DE":"Bad Salzungen","NAME_EN":"Bad Salzungen","NAME_IT":"Bad Salzungen","POP_MAX":22234,"POP_YEAR":"2025","POP1950":null,"ADM0CAP":0,"ADM0NAME":"Germany","ADM1NAME":"Thüringen","WIKIDATA":"Q502662"},"geometry":{"type":"Point","coordinates":[10.23333,50.81167]}},
{"type":"Feature","properties":{"NAME":"Eisleben","NAME_DE":"Eisleben","NAME_EN":"Eisleben","NAME_IT":"Lutherstadt Eisleben","POP_MAX":22225,"POP_YEAR":"2025","POP1950":null,"ADM0CAP":0,"ADM0NAME":"Germany","ADM1NAME":"Sachsen-Anhalt","WIKIDATA":"Q484870"},"geometry":{"type":"Point","coordinates":[11.55,51.51667]}},
{"type":"Feature","properties":{"NAME":"Eislingen/Fils","NAME_DE":"Eislingen/Fils","NAME_EN":"Eislingen/Fils","NAME_IT":"Eislingen/Fils","POP_MAX":22168,"POP_YEAR":"2025","POP1950":null,"ADM0CAP":0,"ADM0NAME":"Germany","ADM1NAME":"Baden-Württemberg","WIKIDATA":"Q81905"},"geometry":{"type":"Point","coordinates":[9.70667,48.69333]}},
{"type":"Feature","properties":{"NAME":"Heide","NAME_DE":"Heide","NAME_EN":"Heide","NAME_IT":"Heide","POP_MAX":22125,"POP_YEAR":"2025","POP1950":null,"ADM0CAP":0,"ADM0NAME":"Germany","ADM1NAME":"Schleswig-Holstein","WIKIDATA":"Q492322"},"geometry":{"type":"Point","coordinates":[9.09333,54.19611]}},
{"type":"Feature","properties":{"NAME":"Büdingen","NAME_DE":"Büdingen","NAME_EN":"Büdingen","NAME_IT":"Büdingen","POP_MAX":22068,"POP_YEAR":"2025","POP1950":null,"ADM0CAP":0,"ADM0NAME":"Germany","ADM1NAME":"Hessen","WIKIDATA":"Q382481"},"geometry":{"type":"Point","coordinates":[9.1125,50.29083]}},
{"type":"Feature","properties":{"NAME":"Aichach","NAME_DE":"Aichach","NAME_EN":"Aichach","NAME_IT":"Aichach","POP_MAX":22011,"POP_YEAR":"2025","POP1950":null,"ADM0CAP":0,"ADM0NAME":"Germany","ADM1NAME":"Bayern","WIKIDATA":"Q251678"},"geometry":{"type":"Point","coordinates":[11.13333,48.45]}},
{"type":"Feature","properties":{"NAME":"Zülpich","NAME_DE":"Zülpich","NAME_EN":"Zülpich","NAME_IT":"Zülpich","POP_MAX":21906,"POP_YEAR":"2025","POP1950":null,"ADM0CAP":0,"ADM0NAME":"Germany","ADM1NAME":"Nordrhein-Westfalen","WIKIDATA":"Q5398"},"geometry":{"type":"Point","coordinates":[6.65,50.7]}},
{"type":"Feature","properties":{"NAME":"Schwetzingen","NAME_DE":"Schwetzingen","NAME_EN":"Schwetzingen","NAME_IT":"Schwetzingen","POP_MAX":21864,"POP_YEAR":"2025","POP1950":null,"ADM0CAP":0,"ADM0NAME":"Germany","ADM1NAME":"Baden-Württemberg","WIKIDATA":"Q3232"},"geometry":{"type":"Point","coordinates":[8.56667,49.38333]}},
{"type":"Feature","properties":{"NAME":"Donaueschingen","NAME_DE":"Donaueschingen","NAME_EN":"Donaueschingen","NAME_IT":"Donaueschingen","POP_MAX":21734,"POP_YEAR":"2025","POP1950":null,"ADM0CAP":0,"ADM0NAME":"Germany","ADM1NAME":"Baden-Württemberg","WIKIDATA":"Q83062"},"geometry":{"type":"Point","coordinates":[8.50333,47.95306]}},
{"type":"Feature","properties":{"NAME":"Waldkirch","NAME_DE":"Waldkirch","NAME_EN":"Waldkirch","NAME_IT":"Waldkirch","POP_MAX":21725,"POP_YEAR":"2025","POP1950":null,"ADM0CAP":0,"ADM0NAME":"Germany","ADM1NAME":"Baden-Württemberg","WIKIDATA":"Q505447"},"geometry":{"type":"Point","coordinates":[7.96083,48.09389]}},
{"type":"Feature","properties":{"NAME":"Gauting","NAME_DE":"Gauting","NAME_EN":"Gauting","NAME_IT":"Gauting","POP_MAX":21684,"POP_YEAR":"2025","POP1950":null,"ADM0CAP":0,"ADM0NAME":"Germany","ADM1NAME":"Bayern","WIKIDATA":"Q74057"},"geometry":{"type":"Point","coordinates":[11.37389,48.06778]}},
{"type":"Feature","properties":{"NAME":"Gardelegen","NAME_DE":"Gardelegen","NAME_EN":"Gardelegen","NAME_IT":"Gardelegen","POP_MAX":21661,"POP_YEAR":"2025","POP1950":null,"ADM0CAP":0,"ADM0NAME":"Germany","ADM1NAME":"Sachsen-Anhalt","WIKIDATA":"Q492374"},"geometry":{"type":"Point","coordinates":[11.3925,52.52639]}},
{"type":"Feature","properties":{"NAME":"Mössingen","NAME_DE":"Mössingen","NAME_EN":"Mössingen","NAME_IT":"Mössingen","POP_MAX":21658,"POP_YEAR":"2025","POP1950":null,"ADM0CAP":0,"ADM0NAME":"Germany","ADM1NAME":"Baden-Württemberg","WIKIDATA":"Q525575"},"geometry":{"type":"Point","coordinates":[9.0575,48.40639]}},
{"type":"Feature","properties":{"NAME":"Sonthofen","NAME_DE":"Sonthofen","NAME_EN":"Sonthofen","NAME_IT":"Sonthofen","POP_MAX":21641,"POP_YEAR":"2025","POP1950":null,"ADM0CAP":0,"ADM0NAME":"Germany","ADM1NAME":"Bayern","WIKIDATA":"Q162845"},"geometry":{"type":"Point","coordinates":[10.28167,47.51417]}},
{"type":"Feature","properties":{"NAME":"Bad Krozingen","NAME_DE":"Bad Krozingen","NAME_EN":"Bad Krozingen","NAME_IT":"Bad Krozingen","POP_MAX":21620,"POP_YEAR":"2025","POP1950":null,"ADM0CAP":0,"ADM0NAME":"Germany","ADM1NAME":"Baden-Württemberg","WIKIDATA":"Q496391"},"geometry":{"type":"Point","coordinates":[7.7025,47.91806]}},
{"type":"Feature","properties":{"NAME":"Eckernförde","NAME_DE":"Eckernförde","NAME_EN":"Eckernförde","NAME_IT":"Eckernförde","POP_MAX":21599,"POP_YEAR":"2025","POP1950":null,"ADM0CAP":0,"ADM0NAME":"Germany","ADM1NAME":"Schleswig-Holstein","WIKIDATA":"Q490453"},"geometry":{"type":"Point","coordinates":[9.83778,54.47417]}},
{"type":"Feature","properties":{"NAME":"Hockenheim","NAME_DE":"Hockenheim","NAME_EN":"Hockenheim","NAME_IT":"Hockenheim","POP_MAX":21599,"POP_YEAR":"2025","POP1950":null,"ADM0CAP":0,"ADM0NAME":"Germany","ADM1NAME":"Baden-Württemberg","WIKIDATA":"Q8336"},"geometry":{"type":"Point","coordinates":[8.54722,49.31806]}},
{"type":"Feature","properties":{"NAME":"Zossen","NAME_DE":"Zossen","NAME_EN":"Zossen","NAME_IT":"Zossen","POP_MAX":21558,"POP_YEAR":"2025","POP1950":null,"ADM0CAP":0,"ADM0NAME":"Germany","ADM1NAME":"Brandenburg","WIKIDATA":"Q226884"},"geometry":{"type":"Point","coordinates":[13.44972,52.21667]}},
{"type":"Feature","properties":{"NAME":"Germersheim","NAME_DE":"Germersheim","NAME_EN":"Germersheim","NAME_IT":"Germersheim","POP_MAX":21532,"POP_YEAR":"2025","POP1950":null,"ADM0CAP":0,"ADM0NAME":"Germany","ADM1NAME":"Rheinland-Pfalz","WIKIDATA":"Q22629"},"geometry":{"type":"Point","coordinates":[8.36667,49.21667]}},
{"type":"Feature","properties":{"NAME":"Ilsede","NAME_DE":"Ilsede","NAME_EN":"Ilsede","NAME_IT":"Ilsede","POP_MAX":21525,"POP_YEAR":"2025","POP1950":null,"ADM0CAP":0,"ADM0NAME":"Germany","ADM1NAME":"Niedersachsen","WIKIDATA":"Q428515"},"geometry":{"type":"Point","coordinates":[10.22361,52.2675]}},
{"type":"Feature","properties":{"NAME":"Lindlar","NAME_DE":"Lindlar","NAME_EN":"Lindlar","NAME_IT":"Lindlar","POP_MAX":21521,"POP_YEAR":"2025","POP1950":null,"ADM0CAP":0,"ADM0NAME":"Germany","ADM1NAME":"Nordrhein-Westfalen","WIKIDATA":"Q11047"},"geometry":{"type":"Point","coordinates":[7.38333,51.01667]}},
{"type":"Feature","properties":{"NAME":"Wipperfürth","NAME_DE":"Wipperfürth","NAME_EN":"Wipperfürth","NAME_IT":"Wipperfürth","POP_MAX":21480,"POP_YEAR":"2025","POP1950":null,"ADM0CAP":0,"ADM0NAME":"Germany","ADM1NAME":"Nordrhein-Westfalen","WIKIDATA":"Q11045"},"geometry":{"type":"Point","coordinates":[7.4,51.11667]}},
{"type":"Feature","properties":{"NAME":"Osterode am Harz","NAME_DE":"Osterode am Harz","NAME_EN":"Osterode am Harz","NAME_IT":"Osterode am Harz","POP_MAX":21474,"POP_YEAR":"2025","POP1950":null,"ADM0CAP":0,"ADM0NAME":"Germany","ADM1NAME":"Niedersachsen","WIKIDATA":"Q327727"},"geometry":{"type":"Point","coordinates":[10.25222,51.72861]}},
{"type":"Feature","properties":{"NAME":"Radevormwald","NAME_DE":"Radevormwald","NAME_EN":"Radevormwald","NAME_IT":"Radevormwald","POP_MAX":21457,"POP_YEAR":"2025","POP1950":null,"ADM0CAP":0,"ADM0NAME":"Germany","ADM1NAME":"Nordrhein-Westfalen","WIKIDATA":"Q11039"},"geometry":{"type":"Point","coordinates":[7.35,51.2]}},
{"type":"Feature","properties":{"NAME":"Rees","NAME_DE":"Rees","NAME_EN":"Rees","NAME_IT":"Rees","POP_MAX":21446,"POP_YEAR":"2025","POP1950":null,"ADM0CAP":0,"ADM0NAME":"Germany","ADM1NAME":"Nordrhein-Westfalen","WIKIDATA":"Q243474"},"geometry":{"type":"Point","coordinates":[6.39778,51.7625]}},
{"type":"Feature","properties":{"NAME":"Karlsfeld","NAME_DE":"Karlsfeld","NAME_EN":"Karlsfeld","NAME_IT":"Karlsfeld","POP_MAX":21425,"POP_YEAR":"2025","POP1950":null,"ADM0CAP":0,"ADM0NAME":"Germany","ADM1NAME":"Bayern","WIKIDATA":"Q268707"},"geometry":{"type":"Point","coordinates":[11.46701,48.227]}},
{"type":"Feature","properties":{"NAME":"Schifferstadt","NAME_DE":"Schifferstadt","NAME_EN":"Schifferstadt","NAME_IT":"Schifferstadt","POP_MAX":21392,"POP_YEAR":"2025","POP1950":null,"ADM0CAP":0,"ADM0NAME":"Germany","ADM1NAME":"Rheinland-Pfalz","WIKIDATA":"Q23002"},"geometry":{"type":"Point","coordinates":[8.37611,49.38611]}},
{"type":"Feature","properties":{"NAME":"Halle (Westf.)","NAME_DE":"Halle (Westf.)","NAME_EN":"Halle","NAME_IT":"Halle","POP_MAX":21366,"POP_YEAR":"2025","POP1950":null,"ADM0CAP":0,"ADM0NAME":"Germany","ADM1NAME":"Nordrhein-Westfalen","WIKIDATA":"Q225774"},"geometry":{"type":"Point","coordinates":[8.35972,52.06083]}},
{"type":"Feature","properties":{"NAME":"Wildeshausen","NAME_DE":"Wildeshausen","NAME_EN":"Wildeshausen","NAME_IT":"Wildeshausen","POP_MAX":21347,"POP_YEAR":"2025","POP1950":null,"ADM0CAP":0,"ADM0NAME":"Germany","ADM1NAME":"Niedersachsen","WIKIDATA":"Q501626"},"geometry":{"type":"Point","coordinates":[8.43139,52.89306]}},
{"type":"Feature","properties":{"NAME":"Panketal","NAME_DE":"Panketal","NAME_EN":"Panketal","NAME_IT":"Panketal","POP_MAX":21343,"POP_YEAR":"2025","POP1950":null,"ADM0CAP":0,"ADM0NAME":"Germany","ADM1NAME":"Brandenburg","WIKIDATA":"Q126189"},"geometry":{"type":"Point","coordinates":[13.55,52.63306]}},
{"type":"Feature","properties":{"NAME":"Versmold","NAME_DE":"Versmold","NAME_EN":"Versmold","NAME_IT":"Versmold","POP_MAX":21343,"POP_YEAR":"2025","POP1950":null,"ADM0CAP":0,"ADM0NAME":"Germany","ADM1NAME":"Nordrhein-Westfalen","WIKIDATA":"Q225334"},"geometry":{"type":"Point","coordinates":[8.15,52.04361]}},
{"type":"Feature","properties":{"NAME":"Glauchau","NAME_DE":"Glauchau","NAME_EN":"Glauchau","NAME_IT":"Glauchau","POP_MAX":21341,"POP_YEAR":"2025","POP1950":null,"ADM0CAP":0,"ADM0NAME":"Germany","ADM1NAME":"Sachsen","WIKIDATA":"Q20071"},"geometry":{"type":"Point","coordinates":[12.54444,50.82333]}},
{"type":"Feature","properties":{"NAME":"Dillingen/Saar","NAME_DE":"Dillingen/Saar","NAME_EN":"Dillingen","NAME_IT":"Dillingen/ Saar","POP_MAX":21295,"POP_YEAR":"2025","POP1950":null,"ADM0CAP":0,"ADM0NAME":"Germany","ADM1NAME":"Saarland","WIKIDATA":"Q158408"},"geometry":{"type":"Point","coordinates":[6.7196,49.35738]}},
{"type":"Feature","properties":{"NAME":"Günzburg","NAME_DE":"Günzburg","NAME_EN":"Günzburg","NAME_IT":"Günzburg","POP_MAX":21291,"POP_YEAR":"2025","POP1950":null,"ADM0CAP":0,"ADM0NAME":"Germany","ADM1NAME":"Bayern","WIKIDATA":"Q489685"},"geometry":{"type":"Point","coordinates":[10.27111,48.4525]}},
{"type":"Feature","properties":{"NAME":"Stadtallendorf","NAME_DE":"Stadtallendorf","NAME_EN":"Stadtallendorf","NAME_IT":"Stadtallendorf","POP_MAX":21291,"POP_YEAR":"2025","POP1950":null,"ADM0CAP":0,"ADM0NAME":"Germany","ADM1NAME":"Hessen","WIKIDATA":"Q573514"},"geometry":{"type":"Point","coordinates":[9.01667,50.83333]}},
{"type":"Feature","properties":{"NAME":"Elsdorf","NAME_DE":"Elsdorf","NAME_EN":"Elsdorf","NAME_IT":"Elsdorf","POP_MAX":21284,"POP_YEAR":"2025","POP1950":null,"ADM0CAP":0,"ADM0NAME":"Germany","ADM1NAME":"Nordrhein-Westfalen","WIKIDATA":"Q4615"},"geometry":{"type":"Point","coordinates":[6.56667,50.93333]}},
{"type":"Feature","properties":{"NAME":"Flörsheim am Main","NAME_DE":"Flörsheim am Main","NAME_EN":"Flörsheim am Main","NAME_IT":"Flörsheim am Main","POP_MAX":21257,"POP_YEAR":"2025","POP1950":null,"ADM0CAP":0,"ADM0NAME":"Germany","ADM1NAME":"Hessen","WIKIDATA":"Q622593"},"geometry":{"type":"Point","coordinates":[8.42806,50.01167]}},
{"type":"Feature","properties":{"NAME":"Rheinstetten","NAME_DE":"Rheinstetten","NAME_EN":"Rheinstetten","NAME_IT":"Rheinstetten","POP_MAX":21233,"POP_YEAR":"2025","POP1950":null,"ADM0CAP":0,"ADM0NAME":"Germany","ADM1NAME":"Baden-Württemberg","WIKIDATA":"Q520595"},"geometry":{"type":"Point","coordinates":[8.28972,48.96056]}},
{"type":"Feature","properties":{"NAME":"Seligenstadt","NAME_DE":"Seligenstadt","NAME_EN":"Seligenstadt","NAME_IT":"Seligenstadt","POP_MAX":21225,"POP_YEAR":"2025","POP1950":null,"ADM0CAP":0,"ADM0NAME":"Germany","ADM1NAME":"Hessen","WIKIDATA":"Q516529"},"geometry":{"type":"Point","coordinates":[8.97535,50.0441]}},
{"type":"Feature","properties":{"NAME":"Groß-Umstadt","NAME_DE":"Groß-Umstadt","NAME_EN":"Groß-Umstadt","NAME_IT":"Groß-Umstadt","POP_MAX":21171,"POP_YEAR":"2025","POP1950":null,"ADM0CAP":0,"ADM0NAME":"Germany","ADM1NAME":"Hessen","WIKIDATA":"Q516474"},"geometry":{"type":"Point","coordinates":[8.92899,49.8684]}},
{"type":"Feature","properties":{"NAME":"Xanten","NAME_DE":"Xanten","NAME_EN":"Xanten","NAME_IT":"Xanten","POP_MAX":21121,"POP_YEAR":"2025","POP1950":null,"ADM0CAP":0,"ADM0NAME":"Germany","ADM1NAME":"Nordrhein-Westfalen","WIKIDATA":"Q162890"},"geometry":{"type":"Point","coordinates":[6.45389,51.66222]}},
{"type":"Feature","properties":{"NAME":"Westoverledingen","NAME_DE":"Westoverledingen","NAME_EN":"Westoverledingen","NAME_IT":"Westoverledingen","POP_MAX":21119,"POP_YEAR":"2025","POP1950":null,"ADM0CAP":0,"ADM0NAME":"Germany","ADM1NAME":"Niedersachsen","WIKIDATA":"Q559595"},"geometry":{"type":"Point","coordinates":[7.46667,53.15]}},
{"type":"Feature","properties":{"NAME":"Luckenwalde","NAME_DE":"Luckenwalde","NAME_EN":"Luckenwalde","NAME_IT":"Luckenwalde","POP_MAX":21077,"POP_YEAR":"2025","POP1950":null,"ADM0CAP":0,"ADM0NAME":"Germany","ADM1NAME":"Brandenburg","WIKIDATA":"Q574146"},"geometry":{"type":"Point","coordinates":[13.16667,52.08306]}},
{"type":"Feature","properties":{"NAME":"Neufahrn bei Freising","NAME_DE":"Neufahrn bei Freising","NAME_EN":"Neufahrn bei Freising","NAME_IT":"Neufahrn bei Freising","POP_MAX":21066,"POP_YEAR":"2025","POP1950":null,"ADM0CAP":0,"ADM0NAME":"Germany","ADM1NAME":"Bayern","WIKIDATA":"Q31658"},"geometry":{"type":"Point","coordinates":[11.66316,48.31588]}},
{"type":"Feature","properties":{"NAME":"Geseke","NAME_DE":"Geseke","NAME_EN":"Geseke","NAME_IT":"Geseke","POP_MAX":21013,"POP_YEAR":"2025","POP1950":null,"ADM0CAP":0,"ADM0NAME":"Germany","ADM1NAME":"Nordrhein-Westfalen","WIKIDATA":"Q11102"},"geometry":{"type":"Point","coordinates":[8.50861,51.63972]}},
{"type":"Feature","properties":{"NAME":"Schortens","NAME_DE":"Schortens","NAME_EN":"Schortens","NAME_IT":"Schortens","POP_MAX":21001,"POP_YEAR":"2025","POP1950":null,"ADM0CAP":0,"ADM0NAME":"Germany","ADM1NAME":"Niedersachsen","WIKIDATA":"Q382061"},"geometry":{"type":"Point","coordinates":[7.95,53.53333]}},
{"type":"Feature","properties":{"NAME":"Senden","NAME_DE":"Senden","NAME_EN":"Senden","NAME_IT":"Senden","POP_MAX":21000,"POP_YEAR":"2025","POP1950":null,"ADM0CAP":0,"ADM0NAME":"Germany","ADM1NAME":"Nordrhein-Westfalen","WIKIDATA":"Q14926"},"geometry":{"type":"Point","coordinates":[7.48278,51.85722]}},
{"type":"Feature","properties":{"NAME":"Traunstein","NAME_DE":"Traunstein","NAME_EN":"Traunstein","NAME_IT":"Traunstein","POP_MAX":20977,"POP_YEAR":"2025","POP1950":null,"ADM0CAP":0,"ADM0NAME":"Germany","ADM1NAME":"Bayern","WIKIDATA":"Q253119"},"geometry":{"type":"Point","coordinates":[12.64333,47.86833]}},
{"type":"Feature","properties":{"NAME":"Büren","NAME_DE":"Büren","NAME_EN":"Büren","NAME_IT":"Büren","POP_MAX":20930,"POP_YEAR":"2025","POP1950":null,"ADM0CAP":0,"ADM0NAME":"Germany","ADM1NAME":"Nordrhein-Westfalen","WIKIDATA":"Q183404"},"geometry":{"type":"Point","coordinates":[8.56667,51.55]}},
{"type":"Feature","properties":{"NAME":"Bad Waldsee","NAME_DE":"Bad Waldsee","NAME_EN":"Bad Waldsee","NAME_IT":"Bad Waldsee","POP_MAX":20910,"POP_YEAR":"2025","POP1950":null,"ADM0CAP":0,"ADM0NAME":"Germany","ADM1NAME":"Baden-Württemberg","WIKIDATA":"Q515423"},"geometry":{"type":"Point","coordinates":[9.75194,47.92111]}},
{"type":"Feature","properties":{"NAME":"Spremberg","NAME_DE":"Spremberg","NAME_EN":"Spremberg","NAME_IT":"Spremberg","POP_MAX":20900,"POP_YEAR":"2025","POP1950":null,"ADM0CAP":0,"ADM0NAME":"Germany","ADM1NAME":"Brandenburg","WIKIDATA":"Q572559"},"geometry":{"type":"Point","coordinates":[14.37944,51.57167]}},
{"type":"Feature","properties":{"NAME":"Puchheim","NAME_DE":"Puchheim","NAME_EN":"Puchheim","NAME_IT":"Puchheim","POP_MAX":20896,"POP_YEAR":"2025","POP1950":null,"ADM0CAP":0,"ADM0NAME":"Germany","ADM1NAME":"Bayern","WIKIDATA":"Q254778"},"geometry":{"type":"Point","coordinates":[11.35,48.15]}},
{"type":"Feature","properties":{"NAME":"Dingolfing","NAME_DE":"Dingolfing","NAME_EN":"Dingolfing","NAME_IT":"Dingolfing","POP_MAX":20890,"POP_YEAR":"2025","POP1950":null,"ADM0CAP":0,"ADM0NAME":"Germany","ADM1NAME":"Bayern","WIKIDATA":"Q225909"},"geometry":{"type":"Point","coordinates":[12.5,48.63333]}},
{"type":"Feature","properties":{"NAME":"Stadtlohn","NAME_DE":"Stadtlohn","NAME_EN":"Stadtlohn","NAME_IT":"Stadtlohn","POP_MAX":20856,"POP_YEAR":"2025","POP1950":null,"ADM0CAP":0,"ADM0NAME":"Germany","ADM1NAME":"Nordrhein-Westfalen","WIKIDATA":"Q200567"},"geometry":{"type":"Point","coordinates":[6.915,51.9925]}},
{"type":"Feature","properties":{"NAME":"Zerbst/Anhalt","NAME_DE":"Zerbst/Anhalt","NAME_EN":"Zerbst","NAME_IT":"Zerbst/Anhalt","POP_MAX":20779,"POP_YEAR":"2025","POP1950":null,"ADM0CAP":0,"ADM0NAME":"Germany","ADM1NAME":"Sachsen-Anhalt","WIKIDATA":"Q155981"},"geometry":{"type":"Point","coordinates":[12.08444,51.96806]}},
{"type":"Feature","properties":{"NAME":"Wülfrath","NAME_DE":"Wülfrath","NAME_EN":"Wülfrath","NAME_IT":"Wülfrath","POP_MAX":20704,"POP_YEAR":"2025","POP1950":null,"ADM0CAP":0,"ADM0NAME":"Germany","ADM1NAME":"Nordrhein-Westfalen","WIKIDATA":"Q161729"},"geometry":{"type":"Point","coordinates":[7.03333,51.28333]}},
{"type":"Feature","properties":{"NAME":"Sondershausen","NAME_DE":"Sondershausen","NAME_EN":"Sondershausen","NAME_IT":"Sondershausen","POP_MAX":20590,"POP_YEAR":"2025","POP1950":null,"ADM0CAP":0,"ADM0NAME":"Germany","ADM1NAME":"Thüringen","WIKIDATA":"Q517407"},"geometry":{"type":"Point","coordinates":[10.86667,51.36667]}},
{"type":"Feature","properties":{"NAME":"Tettnang","NAME_DE":"Tettnang","NAME_EN":"Tettnang","NAME_IT":"Tettnang","POP_MAX":20522,"POP_YEAR":"2025","POP1950":null,"ADM0CAP":0,"ADM0NAME":"Germany","ADM1NAME":"Baden-Württemberg","WIKIDATA":"Q506323"},"geometry":{"type":"Point","coordinates":[9.5875,47.67083]}},
{"type":"Feature","properties":{"NAME":"Enger","NAME_DE":"Enger","NAME_EN":"Enger","NAME_IT":"Enger","POP_MAX":20518,"POP_YEAR":"2025","POP1950":null,"ADM0CAP":0,"ADM0NAME":"Germany","ADM1NAME":"Nordrhein-Westfalen","WIKIDATA":"Q53901"},"geometry":{"type":"Point","coordinates":[8.56667,52.13333]}},
{"type":"Feature","properties":{"NAME":"Coswig","NAME_DE":"Coswig","NAME_EN":"Coswig","NAME_IT":"Coswig","POP_MAX":20479,"POP_YEAR":"2025","POP1950":null,"ADM0CAP":0,"ADM0NAME":"Germany","ADM1NAME":"Sachsen","WIKIDATA":"Q8693"},"geometry":{"type":"Point","coordinates":[13.58333,51.13333]}},
{"type":"Feature","properties":{"NAME":"Lichtenfels","NAME_DE":"Lichtenfels","NAME_EN":"Lichtenfels","NAME_IT":"Lichtenfels","POP_MAX":20452,"POP_YEAR":"2025","POP1950":null,"ADM0CAP":0,"ADM0NAME":"Germany","ADM1NAME":"Bayern","WIKIDATA":"Q160405"},"geometry":{"type":"Point","coordinates":[11.06833,50.14694]}},
{"type":"Feature","properties":{"NAME":"Nördlingen","NAME_DE":"Nördlingen","NAME_EN":"Nördlingen","NAME_IT":"Nördlingen","POP_MAX":20442,"POP_YEAR":"2025","POP1950":null,"ADM0CAP":0,"ADM0NAME":"Germany","ADM1NAME":"Bayern","WIKIDATA":"Q489902"},"geometry":{"type":"Point","coordinates":[10.5,48.85]}},
{"type":"Feature","properties":{"NAME":"Schramberg","NAME_DE":"Schramberg","NAME_EN":"Schramberg","NAME_IT":"Schramberg","POP_MAX":20415,"POP_YEAR":"2025","POP1950":null,"ADM0CAP":0,"ADM0NAME":"Germany","ADM1NAME":"Baden-Württemberg","WIKIDATA":"Q82886"},"geometry":{"type":"Point","coordinates":[8.38417,48.22694]}},
{"type":"Feature","properties":{"NAME":"Haßloch","NAME_DE":"Haßloch","NAME_EN":"Haßloch","NAME_IT":"Haßloch","POP_MAX":20395,"POP_YEAR":"2025","POP1950":null,"ADM0CAP":0,"ADM0NAME":"Germany","ADM1NAME":"Rheinland-Pfalz","WIKIDATA":"Q664857"},"geometry":{"type":"Point","coordinates":[8.25575,49.36326]}},
{"type":"Feature","properties":{"NAME":"Traunreut","NAME_DE":"Traunreut","NAME_EN":"Traunreut","NAME_IT":"Traunreut","POP_MAX":20381,"POP_YEAR":"2025","POP1950":null,"ADM0CAP":0,"ADM0NAME":"Germany","ADM1NAME":"Bayern","WIKIDATA":"Q257379"},"geometry":{"type":"Point","coordinates":[12.58333,47.96667]}},
{"type":"Feature","properties":{"NAME":"Ochtrup","NAME_DE":"Ochtrup","NAME_EN":"Ochtrup","NAME_IT":"Ochtrup","POP_MAX":20358,"POP_YEAR":"2025","POP1950":null,"ADM0CAP":0,"ADM0NAME":"Germany","ADM1NAME":"Nordrhein-Westfalen","WIKIDATA":"Q181673"},"geometry":{"type":"Point","coordinates":[7.19028,52.20556]}},
{"type":"Feature","properties":{"NAME":"Bruchköbel","NAME_DE":"Bruchköbel","NAME_EN":"Bruchköbel","NAME_IT":"Bruchköbel","POP_MAX":20347,"POP_YEAR":"2025","POP1950":null,"ADM0CAP":0,"ADM0NAME":"Germany","ADM1NAME":"Hessen","WIKIDATA":"Q569636"},"geometry":{"type":"Point","coordinates":[8.91667,50.18333]}},
{"type":"Feature","properties":{"NAME":"Fröndenberg/Ruhr","NAME_DE":"Fröndenberg/Ruhr","NAME_EN":"Fröndenberg","NAME_IT":"Fröndenberg/Ruhr","POP_MAX":20330,"POP_YEAR":"2025","POP1950":null,"ADM0CAP":0,"ADM0NAME":"Germany","ADM1NAME":"Nordrhein-Westfalen","WIKIDATA":"Q10933"},"geometry":{"type":"Point","coordinates":[7.76583,51.47194]}},
{"type":"Feature","properties":{"NAME":"Burgwedel","NAME_DE":"Burgwedel","NAME_EN":"Burgwedel","NAME_IT":"Burgwedel","POP_MAX":20328,"POP_YEAR":"2025","POP1950":null,"ADM0CAP":0,"ADM0NAME":"Germany","ADM1NAME":"Niedersachsen","WIKIDATA":"Q499873"},"geometry":{"type":"Point","coordinates":[9.86669,52.49997]}},
{"type":"Feature","properties":{"NAME":"Neunkirchen-Seelscheid","NAME_DE":"Neunkirchen-Seelscheid","NAME_EN":"Neunkirchen-Seelscheid","NAME_IT":"Neunkirchen-Seelscheid","POP_MAX":20321,"POP_YEAR":"2025","POP1950":null,"ADM0CAP":0,"ADM0NAME":"Germany","ADM1NAME":"Nordrhein-Westfalen","WIKIDATA":"Q254171"},"geometry":{"type":"Point","coordinates":[7.33333,50.86667]}},
{"type":"Feature","properties":{"NAME":"Herborn","NAME_DE":"Herborn","NAME_EN":"Herborn","NAME_IT":"Herborn","POP_MAX":20276,"POP_YEAR":"2025","POP1950":null,"ADM0CAP":0,"ADM0NAME":"Germany","ADM1NAME":"Hessen","WIKIDATA":"Q18998"},"geometry":{"type":"Point","coordinates":[8.30611,50.6825]}},
{"type":"Feature","properties":{"NAME":"Steinhagen","NAME_DE":"Steinhagen","NAME_EN":"Steinhagen","NAME_IT":"Steinhagen","POP_MAX":20251,"POP_YEAR":"2025","POP1950":null,"ADM0CAP":0,"ADM0NAME":"Germany","ADM1NAME":"Nordrhein-Westfalen","WIKIDATA":"Q225002"},"geometry":{"type":"Point","coordinates":[8.41472,52.005]}},
{"type":"Feature","properties":{"NAME":"Müllheim im Markgräflerland","NAME_DE":"Müllheim im Markgräflerland","NAME_EN":"Müllheim im Markgräflerland","NAME_IT":"Müllheim","POP_MAX":20241,"POP_YEAR":"2025","POP1950":null,"ADM0CAP":0,"ADM0NAME":"Germany","ADM1NAME":"Baden-Württemberg","WIKIDATA":"Q505468"},"geometry":{"type":"Point","coordinates":[7.63083,47.80833]}},
{"type":"Feature","properties":{"NAME":"Wachtberg","NAME_DE":"Wachtberg","NAME_EN":"Wachtberg","NAME_IT":"Wachtberg","POP_MAX":20230,"POP_YEAR":"2025","POP1950":null,"ADM0CAP":0,"ADM0NAME":"Germany","ADM1NAME":"Nordrhein-Westfalen","WIKIDATA":"Q253498"},"geometry":{"type":"Point","coordinates":[7.13222,50.62417]}},
{"type":"Feature","properties":{"NAME":"Waren","NAME_DE":"Waren","NAME_EN":"Waren","NAME_IT":"Waren","POP_MAX":20211,"POP_YEAR":"2025","POP1950":null,"ADM0CAP":0,"ADM0NAME":"Germany","ADM1NAME":"Mecklenburg-Vorpommern","WIKIDATA":"Q4346"},"geometry":{"type":"Point","coordinates":[12.68333,53.51667]}},
{"type":"Feature","properties":{"NAME":"Werdau","NAME_DE":"Werdau","NAME_EN":"Werdau","NAME_IT":"Werdau","POP_MAX":20209,"POP_YEAR":"2025","POP1950":null,"ADM0CAP":0,"ADM0NAME":"Germany","ADM1NAME":"Sachsen","WIKIDATA":"Q20077"},"geometry":{"type":"Point","coordinates":[12.38333,50.73333]}},
{"type":"Feature","properties":{"NAME":"Schopfheim","NAME_DE":"Schopfheim","NAME_EN":"Schopfheim","NAME_IT":"Schopfheim","POP_MAX":20198,"POP_YEAR":"2025","POP1950":null,"ADM0CAP":0,"ADM0NAME":"Germany","ADM1NAME":"Baden-Württemberg","WIKIDATA":"Q61734"},"geometry":{"type":"Point","coordinates":[7.82472,47.64944]}},
{"type":"Feature","properties":{"NAME":"Duderstadt","NAME_DE":"Duderstadt","NAME_EN":"Duderstadt","NAME_IT":"Duderstadt","POP_MAX":20173,"POP_YEAR":"2025","POP1950":null,"ADM0CAP":0,"ADM0NAME":"Germany","ADM1NAME":"Niedersachsen","WIKIDATA":"Q498596"},"geometry":{"type":"Point","coordinates":[10.25972,51.5125]}},
{"type":"Feature","properties":{"NAME":"Lilienthal","NAME_DE":"Lilienthal","NAME_EN":"Lilienthal","NAME_IT":"Lilienthal","POP_MAX":20148,"POP_YEAR":"2025","POP1950":null,"ADM0CAP":0,"ADM0NAME":"Germany","ADM1NAME":"Niedersachsen","WIKIDATA":"Q499920"},"geometry":{"type":"Point","coordinates":[8.90778,53.14444]}},
{"type":"Feature","properties":{"NAME":"Neustrelitz","NAME_DE":"Neustrelitz","NAME_EN":"Neustrelitz","NAME_IT":"Neustrelitz","POP_MAX":20136,"POP_YEAR":"2025","POP1950":null,"ADM0CAP":0,"ADM0NAME":"Germany","ADM1NAME":"Mecklenburg-Vorpommern","WIKIDATA":"Q20352"},"geometry":{"type":"Point","coordinates":[13.06361,53.36472]}},
{"type":"Feature","properties":{"NAME":"Nidderau","NAME_DE":"Nidderau","NAME_EN":"Nidderau","NAME_IT":"Nidderau","POP_MAX":20131,"POP_YEAR":"2025","POP1950":null,"ADM0CAP":0,"ADM0NAME":"Germany","ADM1NAME":"Hessen","WIKIDATA":"Q540743"},"geometry":{"type":"Point","coordinates":[8.9,50.25]}},
{"type":"Feature","properties":{"NAME":"Borna","NAME_DE":"Borna","NAME_EN":"Borna","NAME_IT":"Borna","POP_MAX":20129,"POP_YEAR":"2025","POP1950":null,"ADM0CAP":0,"ADM0NAME":"Germany","ADM1NAME":"Sachsen","WIKIDATA":"Q10744"},"geometry":{"type":"Point","coordinates":[12.5,51.11667]}},
{"type":"Feature","properties":{"NAME":"Telgte","NAME_DE":"Telgte","NAME_EN":"Telgte","NAME_IT":"Telgte","POP_MAX":20128,"POP_YEAR":"2025","POP1950":null,"ADM0CAP":0,"ADM0NAME":"Germany","ADM1NAME":"Nordrhein-Westfalen","WIKIDATA":"Q2789"},"geometry":{"type":"Point","coordinates":[7.78556,51.98194]}},
{"type":"Feature","properties":{"NAME":"Moosburg an der Isar","NAME_DE":"Moosburg an der Isar","NAME_EN":"Moosburg an der Isar","NAME_IT":"Moosburg an der Isar","POP_MAX":20107,"POP_YEAR":"2025","POP1950":null,"ADM0CAP":0,"ADM0NAME":"Germany","ADM1NAME":"Bayern","WIKIDATA":"Q31872"},"geometry":{"type":"Point","coordinates":[11.93333,48.46667]}},
{"type":"Feature","properties":{"NAME":"Uetze","NAME_DE":"Uetze","NAME_EN":"Uetze","NAME_IT":"Uetze","POP_MAX":20107,"POP_YEAR":"2025","POP1950":null,"ADM0CAP":0,"ADM0NAME":"Germany","ADM1NAME":"Niedersachsen","WIKIDATA":"Q638645"},"geometry":{"type":"Point","coordinates":[10.20389,52.46611]}},
{"type":"Feature","properties":{"NAME":"Hörstel","NAME_DE":"Hörstel","NAME_EN":"Hörstel","NAME_IT":"Hörstel","POP_MAX":20101,"POP_YEAR":"2025","POP1950":null,"ADM0CAP":0,"ADM0NAME":"Germany","ADM1NAME":"Nordrhein-Westfalen","WIKIDATA":"Q181504"},"geometry":{"type":"Point","coordinates":[7.58611,52.29722]}},
{"type":"Feature","properties":{"NAME":"Pfullingen","NAME_DE":"Pfullingen","NAME_EN":"Pfullingen","NAME_IT":"Pfullingen","POP_MAX":20032,"POP_YEAR":"2025","POP1950":null,"ADM0CAP":0,"ADM0NAME":"Germany","ADM1NAME":"Baden-Württemberg","WIKIDATA":"Q82053"},"geometry":{"type":"Point","coordinates":[9.22611,48.46556]}},
{"type":"Feature","properties":{"NAME":"Donauwörth","NAME_DE":"Donauwörth","NAME_EN":"Donauwörth","NAME_IT":"Donauwörth","POP_MAX":20024,"POP_YEAR":"2025","POP1950":null,"ADM0CAP":0,"ADM0NAME":"Germany","ADM1NAME":"Bayern","WIKIDATA":"Q53742"},"geometry":{"type":"Point","coordinates":[10.77699,48.71843]}},
{"type":"Feature","properties":{"NAME":"Nottuln","NAME_DE":"Nottuln","NAME_EN":"Nottuln","NAME_IT":"Nottuln","POP_MAX":20003,"POP_YEAR":"2025","POP1950":null,"ADM0CAP":0,"ADM0NAME":"Germany","ADM1NAME":"Nordrhein-Westfalen","WIKIDATA":"Q14939"},"geometry":{"type":"Point","coordinates":[7.35417,51.92778]}},
{"type":"Feature","properties":{"NAME":"Meinerzhagen","NAME_DE":"Meinerzhagen","NAME_EN":"Meinerzhagen","NAME_IT":"Meinerzhagen","POP_MAX":20003,"POP_YEAR":"2025","POP1950":null,"ADM0CAP":0,"ADM0NAME":"Germany","ADM1NAME":"Nordrhein-Westfalen","WIKIDATA":"Q5573"},"geometry":{"type":"Point","coordinates":[7.64028,51.10611]}},
{"type":"Feature","properties":{"NAME":"Oberkirch","NAME_DE":"Oberkirch","NAME_EN":"Oberkirch","NAME_IT":"Oberkirch","POP_MAX":19977,"POP_YEAR":"2025","POP1950":null,"ADM0CAP":0,"ADM0NAME":"Germany","ADM1NAME":"Baden-Württemberg","WIKIDATA":"Q541381"},"geometry":{"type":"Point","coordinates":[8.07861,48.53222]}},
{"type":"Feature","properties":{"NAME":"Wittmund","NAME_DE":"Wittmund","NAME_EN":"Wittmund","NAME_IT":"Wittmund","POP_MAX":19951,"POP_YEAR":"2025","POP1950":null,"ADM0CAP":0,"ADM0NAME":"Germany","ADM1NAME":"Niedersachsen","WIKIDATA":"Q509353"},"geometry":{"type":"Point","coordinates":[7.78083,53.57472]}},
{"type":"Feature","properties":{"NAME":"Wilnsdorf","NAME_DE":"Wilnsdorf","NAME_EN":"Wilnsdorf","NAME_IT":"Wilnsdorf","POP_MAX":19936,"POP_YEAR":"2025","POP1950":null,"ADM0CAP":0,"ADM0NAME":"Germany","ADM1NAME":"Nordrhein-Westfalen","WIKIDATA":"Q10960"},"geometry":{"type":"Point","coordinates":[8.1,50.81667]}},
{"type":"Feature","properties":{"NAME":"Blieskastel","NAME_DE":"Blieskastel","NAME_EN":"Blieskastel","NAME_IT":"Blieskastel","POP_MAX":19935,"POP_YEAR":"2025","POP1950":null,"ADM0CAP":0,"ADM0NAME":"Germany","ADM1NAME":"Saarland","WIKIDATA":"Q523709"},"geometry":{"type":"Point","coordinates":[7.25292,49.23727]}},
{"type":"Feature","properties":{"NAME":"Bad Schwartau","NAME_DE":"Bad Schwartau","NAME_EN":"Bad Schwartau","NAME_IT":"Bad Schwartau","POP_MAX":19918,"POP_YEAR":"2025","POP1950":null,"ADM0CAP":0,"ADM0NAME":"Germany","ADM1NAME":"Schleswig-Holstein","WIKIDATA":"Q516432"},"geometry":{"type":"Point","coordinates":[10.6975,53.91944]}},
{"type":"Feature","properties":{"NAME":"Schwanewede","NAME_DE":"Schwanewede","NAME_EN":"Schwanewede","NAME_IT":"Schwanewede","POP_MAX":19918,"POP_YEAR":"2025","POP1950":null,"ADM0CAP":0,"ADM0NAME":"Germany","ADM1NAME":"Niedersachsen","WIKIDATA":"Q686830"},"geometry":{"type":"Point","coordinates":[8.59569,53.23372]}},
{"type":"Feature","properties":{"NAME":"Kürten","NAME_DE":"Kürten","NAME_EN":"Kürten","NAME_IT":"Kürten","POP_MAX":19915,"POP_YEAR":"2025","POP1950":null,"ADM0CAP":0,"ADM0NAME":"Germany","ADM1NAME":"Nordrhein-Westfalen","WIKIDATA":"Q245542"},"geometry":{"type":"Point","coordinates":[7.26667,51.05]}},
{"type":"Feature","properties":{"NAME":"Bad Friedrichshall","NAME_DE":"Bad Friedrichshall","NAME_EN":"Bad Friedrichshall","NAME_IT":"Bad Friedrichshall","POP_MAX":19910,"POP_YEAR":"2025","POP1950":null,"ADM0CAP":0,"ADM0NAME":"Germany","ADM1NAME":"Baden-Württemberg","WIKIDATA":"Q502646"},"geometry":{"type":"Point","coordinates":[9.21667,49.23333]}},
{"type":"Feature","properties":{"NAME":"Schenefeld","NAME_DE":"Schenefeld","NAME_EN":"Schenefeld","NAME_IT":"Schenefeld","POP_MAX":19875,"POP_YEAR":"2025","POP1950":null,"ADM0CAP":0,"ADM0NAME":"Germany","ADM1NAME":"Schleswig-Holstein","WIKIDATA":"Q503893"},"geometry":{"type":"Point","coordinates":[9.82333,53.60278]}},
{"type":"Feature","properties":{"NAME":"Giengen an der Brenz","NAME_DE":"Giengen an der Brenz","NAME_EN":"Giengen an der Brenz","NAME_IT":"Giengen an der Brenz","POP_MAX":19857,"POP_YEAR":"2025","POP1950":null,"ADM0CAP":0,"ADM0NAME":"Germany","ADM1NAME":"Baden-Württemberg","WIKIDATA":"Q547710"},"geometry":{"type":"Point","coordinates":[10.245,48.62167]}},
{"type":"Feature","properties":{"NAME":"Torgau","NAME_DE":"Torgau","NAME_EN":"Torgau","NAME_IT":"Torgau","POP_MAX":19855,"POP_YEAR":"2025","POP1950":null,"ADM0CAP":0,"ADM0NAME":"Germany","ADM1NAME":"Sachsen","WIKIDATA":"Q12062"},"geometry":{"type":"Point","coordinates":[13.00556,51.56028]}},
{"type":"Feature","properties":{"NAME":"Nauen","NAME_DE":"Nauen","NAME_EN":"Nauen","NAME_IT":"Nauen","POP_MAX":19854,"POP_YEAR":"2025","POP1950":null,"ADM0CAP":0,"ADM0NAME":"Germany","ADM1NAME":"Brandenburg","WIKIDATA":"Q581994"},"geometry":{"type":"Point","coordinates":[12.88306,52.6]}},
{"type":"Feature","properties":{"NAME":"Leinefelde-Worbis","NAME_DE":"Leinefelde-Worbis","NAME_EN":"Leinefelde-Worbis","NAME_IT":"Leinefelde-Worbis","POP_MAX":19812,"POP_YEAR":"2025","POP1950":null,"ADM0CAP":0,"ADM0NAME":"Germany","ADM1NAME":"Thüringen","WIKIDATA":"Q518446"},"geometry":{"type":"Point","coordinates":[10.33333,51.38333]}},
{"type":"Feature","properties":{"NAME":"Mayen","NAME_DE":"Mayen","NAME_EN":"Mayen","NAME_IT":"Mayen","POP_MAX":19794,"POP_YEAR":"2025","POP1950":null,"ADM0CAP":0,"ADM0NAME":"Germany","ADM1NAME":"Rheinland-Pfalz","WIKIDATA":"Q516611"},"geometry":{"type":"Point","coordinates":[7.21667,50.33333]}},
{"type":"Feature","properties":{"NAME":"Engelskirchen","NAME_DE":"Engelskirchen","NAME_EN":"Engelskirchen","NAME_IT":"Engelskirchen","POP_MAX":19775,"POP_YEAR":"2025","POP1950":null,"ADM0CAP":0,"ADM0NAME":"Germany","ADM1NAME":"Nordrhein-Westfalen","WIKIDATA":"Q11046"},"geometry":{"type":"Point","coordinates":[7.41667,50.98333]}},
{"type":"Feature","properties":{"NAME":"Hechingen","NAME_DE":"Hechingen","NAME_EN":"Hechingen","NAME_IT":"Hechingen","POP_MAX":19760,"POP_YEAR":"2025","POP1950":null,"ADM0CAP":0,"ADM0NAME":"Germany","ADM1NAME":"Baden-Württemberg","WIKIDATA":"Q494529"},"geometry":{"type":"Point","coordinates":[8.96333,48.35167]}},
{"type":"Feature","properties":{"NAME":"Waldbröl","NAME_DE":"Waldbröl","NAME_EN":"Waldbröl","NAME_IT":"Waldbröl","POP_MAX":19716,"POP_YEAR":"2025","POP1950":null,"ADM0CAP":0,"ADM0NAME":"Germany","ADM1NAME":"Nordrhein-Westfalen","WIKIDATA":"Q11040"},"geometry":{"type":"Point","coordinates":[7.615,50.87889]}},
{"type":"Feature","properties":{"NAME":"Bad Pyrmont","NAME_DE":"Bad Pyrmont","NAME_EN":"Bad Pyrmont","NAME_IT":"Bad Pyrmont","POP_MAX":19715,"POP_YEAR":"2025","POP1950":null,"ADM0CAP":0,"ADM0NAME":"Germany","ADM1NAME":"Niedersachsen","WIKIDATA":"Q556352"},"geometry":{"type":"Point","coordinates":[9.26361,51.98667]}},
{"type":"Feature","properties":{"NAME":"Wassenberg","NAME_DE":"Wassenberg","NAME_EN":"Wassenberg","NAME_IT":"Wassenberg","POP_MAX":19687,"POP_YEAR":"2025","POP1950":null,"ADM0CAP":0,"ADM0NAME":"Germany","ADM1NAME":"Nordrhein-Westfalen","WIKIDATA":"Q204919"},"geometry":{"type":"Point","coordinates":[6.15,51.1]}},
{"type":"Feature","properties":{"NAME":"Rhede","NAME_DE":"Rhede","NAME_EN":"Rhede","NAME_IT":"Rhede","POP_MAX":19679,"POP_YEAR":"2025","POP1950":null,"ADM0CAP":0,"ADM0NAME":"Germany","ADM1NAME":"Nordrhein-Westfalen","WIKIDATA":"Q200581"},"geometry":{"type":"Point","coordinates":[6.70056,51.83333]}},
{"type":"Feature","properties":{"NAME":"Korntal-Münchingen","NAME_DE":"Korntal-Münchingen","NAME_EN":"Korntal-Münchingen","NAME_IT":"Korntal-Münchingen","POP_MAX":19666,"POP_YEAR":"2025","POP1950":null,"ADM0CAP":0,"ADM0NAME":"Germany","ADM1NAME":"Baden-Württemberg","WIKIDATA":"Q61663"},"geometry":{"type":"Point","coordinates":[9.12139,48.83056]}},
{"type":"Feature","properties":{"NAME":"Bad Tölz","NAME_DE":"Bad Tölz","NAME_EN":"Bad Tölz","NAME_IT":"Bad Tölz","POP_MAX":19652,"POP_YEAR":"2025","POP1950":null,"ADM0CAP":0,"ADM0NAME":"Germany","ADM1NAME":"Bayern","WIKIDATA":"Q280491"},"geometry":{"type":"Point","coordinates":[11.55667,47.76028]}},
{"type":"Feature","properties":{"NAME":"Dillingen an der Donau","NAME_DE":"Dillingen an der Donau","NAME_EN":"Dillingen an der Donau","NAME_IT":"Dillingen an der Donau","POP_MAX":19643,"POP_YEAR":"2025","POP1950":null,"ADM0CAP":0,"ADM0NAME":"Germany","ADM1NAME":"Bayern","WIKIDATA":"Q494702"},"geometry":{"type":"Point","coordinates":[10.49389,48.57694]}},
{"type":"Feature","properties":{"NAME":"Ennigerloh","NAME_DE":"Ennigerloh","NAME_EN":"Ennigerloh","NAME_IT":"Ennigerloh","POP_MAX":19640,"POP_YEAR":"2025","POP1950":null,"ADM0CAP":0,"ADM0NAME":"Germany","ADM1NAME":"Nordrhein-Westfalen","WIKIDATA":"Q2760"},"geometry":{"type":"Point","coordinates":[8.02556,51.83667]}},
{"type":"Feature","properties":{"NAME":"Hiddenhausen","NAME_DE":"Hiddenhausen","NAME_EN":"Hiddenhausen","NAME_IT":"Hiddenhausen","POP_MAX":19639,"POP_YEAR":"2025","POP1950":null,"ADM0CAP":0,"ADM0NAME":"Germany","ADM1NAME":"Nordrhein-Westfalen","WIKIDATA":"Q53908"},"geometry":{"type":"Point","coordinates":[8.61667,52.16667]}},
{"type":"Feature","properties":{"NAME":"Wolfratshausen","NAME_DE":"Wolfratshausen","NAME_EN":"Wolfratshausen","NAME_IT":"Wolfratshausen","POP_MAX":19536,"POP_YEAR":"2025","POP1950":null,"ADM0CAP":0,"ADM0NAME":"Germany","ADM1NAME":"Bayern","WIKIDATA":"Q503160"},"geometry":{"type":"Point","coordinates":[11.42778,47.91333]}},
{"type":"Feature","properties":{"NAME":"Mölln","NAME_DE":"Mölln","NAME_EN":"Mölln","NAME_IT":"Mölln","POP_MAX":19513,"POP_YEAR":"2025","POP1950":null,"ADM0CAP":0,"ADM0NAME":"Germany","ADM1NAME":"Schleswig-Holstein","WIKIDATA":"Q498036"},"geometry":{"type":"Point","coordinates":[10.68472,53.62694]}},
{"type":"Feature","properties":{"NAME":"Reichenbach im Vogtland","NAME_DE":"Reichenbach im Vogtland","NAME_EN":"Reichenbach im Vogtland","NAME_IT":"Reichenbach im Vogtland","POP_MAX":19510,"POP_YEAR":"2025","POP1950":null,"ADM0CAP":0,"ADM0NAME":"Germany","ADM1NAME":"Sachsen","WIKIDATA":"Q46849"},"geometry":{"type":"Point","coordinates":[12.3,50.61667]}},
{"type":"Feature","properties":{"NAME":"Bad Harzburg","NAME_DE":"Bad Harzburg","NAME_EN":"Bad Harzburg","NAME_IT":"Bad Harzburg","POP_MAX":19503,"POP_YEAR":"2025","POP1950":null,"ADM0CAP":0,"ADM0NAME":"Germany","ADM1NAME":"Niedersachsen","WIKIDATA":"Q522459"},"geometry":{"type":"Point","coordinates":[10.56167,51.88278]}},
{"type":"Feature","properties":{"NAME":"Sarstedt","NAME_DE":"Sarstedt","NAME_EN":"Sarstedt","NAME_IT":"Sarstedt","POP_MAX":19483,"POP_YEAR":"2025","POP1950":null,"ADM0CAP":0,"ADM0NAME":"Germany","ADM1NAME":"Niedersachsen","WIKIDATA":"Q558620"},"geometry":{"type":"Point","coordinates":[9.86056,52.23944]}},
{"type":"Feature","properties":{"NAME":"Windeck","NAME_DE":"Windeck","NAME_EN":"Windeck","NAME_IT":"Windeck","POP_MAX":19482,"POP_YEAR":"2025","POP1950":null,"ADM0CAP":0,"ADM0NAME":"Germany","ADM1NAME":"Nordrhein-Westfalen","WIKIDATA":"Q253185"},"geometry":{"type":"Point","coordinates":[7.56667,50.8]}},
{"type":"Feature","properties":{"NAME":"Wenden","NAME_DE":"Wenden","NAME_EN":"Wenden","NAME_IT":"Wenden","POP_MAX":19462,"POP_YEAR":"2025","POP1950":null,"ADM0CAP":0,"ADM0NAME":"Germany","ADM1NAME":"Nordrhein-Westfalen","WIKIDATA":"Q10912"},"geometry":{"type":"Point","coordinates":[7.86667,50.96667]}},
{"type":"Feature","properties":{"NAME":"Heusenstamm","NAME_DE":"Heusenstamm","NAME_EN":"Heusenstamm","NAME_IT":"Heusenstamm","POP_MAX":19397,"POP_YEAR":"2025","POP1950":null,"ADM0CAP":0,"ADM0NAME":"Germany","ADM1NAME":"Hessen","WIKIDATA":"Q569659"},"geometry":{"type":"Point","coordinates":[8.80681,50.05958]}},
{"type":"Feature","properties":{"NAME":"Burghausen","NAME_DE":"Burghausen","NAME_EN":"Burghausen","NAME_IT":"Burghausen","POP_MAX":19381,"POP_YEAR":"2025","POP1950":null,"ADM0CAP":0,"ADM0NAME":"Germany","ADM1NAME":"Bayern","WIKIDATA":"Q262669"},"geometry":{"type":"Point","coordinates":[12.83333,48.16667]}},
{"type":"Feature","properties":{"NAME":"Marsberg","NAME_DE":"Marsberg","NAME_EN":"Marsberg","NAME_IT":"Marsberg","POP_MAX":19368,"POP_YEAR":"2025","POP1950":null,"ADM0CAP":0,"ADM0NAME":"Germany","ADM1NAME":"Nordrhein-Westfalen","WIKIDATA":"Q5645"},"geometry":{"type":"Point","coordinates":[8.85556,51.46]}},
{"type":"Feature","properties":{"NAME":"Schönefeld","NAME_DE":"Schönefeld","NAME_EN":"Schönefeld","NAME_IT":"Schönefeld","POP_MAX":19351,"POP_YEAR":"2025","POP1950":null,"ADM0CAP":0,"ADM0NAME":"Germany","ADM1NAME":"Brandenburg","WIKIDATA":"Q521475"},"geometry":{"type":"Point","coordinates":[13.50038,52.39171]}},
{"type":"Feature","properties":{"NAME":"Weil der Stadt","NAME_DE":"Weil der Stadt","NAME_EN":"Weil der Stadt","NAME_IT":"Weil der Stadt","POP_MAX":19311,"POP_YEAR":"2025","POP1950":null,"ADM0CAP":0,"ADM0NAME":"Germany","ADM1NAME":"Baden-Württemberg","WIKIDATA":"Q505147"},"geometry":{"type":"Point","coordinates":[8.87056,48.75083]}},
{"type":"Feature","properties":{"NAME":"Alzey","NAME_DE":"Alzey","NAME_EN":"Alzey","NAME_IT":"Alzey","POP_MAX":19305,"POP_YEAR":"2025","POP1950":null,"ADM0CAP":0,"ADM0NAME":"Germany","ADM1NAME":"Rheinland-Pfalz","WIKIDATA":"Q450726"},"geometry":{"type":"Point","coordinates":[8.11611,49.75167]}},
{"type":"Feature","properties":{"NAME":"Neuenhagen bei Berlin","NAME_DE":"Neuenhagen bei Berlin","NAME_EN":"Neuenhagen bei Berlin","NAME_IT":"Neuenhagen bei Berlin","POP_MAX":19295,"POP_YEAR":"2025","POP1950":null,"ADM0CAP":0,"ADM0NAME":"Germany","ADM1NAME":"Brandenburg","WIKIDATA":"Q582690"},"geometry":{"type":"Point","coordinates":[13.68306,52.53306]}},
{"type":"Feature","properties":{"NAME":"Lebach","NAME_DE":"Lebach","NAME_EN":"Lebach","NAME_IT":"Lebach","POP_MAX":19269,"POP_YEAR":"2025","POP1950":null,"ADM0CAP":0,"ADM0NAME":"Germany","ADM1NAME":"Saarland","WIKIDATA":"Q558593"},"geometry":{"type":"Point","coordinates":[6.91,49.41]}},
{"type":"Feature","properties":{"NAME":"Sulzbach-Rosenberg","NAME_DE":"Sulzbach-Rosenberg","NAME_EN":"Sulzbach-Rosenberg","NAME_IT":"Sulzbach-Rosenberg","POP_MAX":19255,"POP_YEAR":"2025","POP1950":null,"ADM0CAP":0,"ADM0NAME":"Germany","ADM1NAME":"Bayern","WIKIDATA":"Q503633"},"geometry":{"type":"Point","coordinates":[11.75,49.5]}},
{"type":"Feature","properties":{"NAME":"Gröbenzell","NAME_DE":"Gröbenzell","NAME_EN":"Gröbenzell","NAME_IT":"Gröbenzell","POP_MAX":19206,"POP_YEAR":"2025","POP1950":null,"ADM0CAP":0,"ADM0NAME":"Germany","ADM1NAME":"Bayern","WIKIDATA":"Q278609"},"geometry":{"type":"Point","coordinates":[11.37188,48.1927]}},
{"type":"Feature","properties":{"NAME":"Wittlich","NAME_DE":"Wittlich","NAME_EN":"Wittlich","NAME_IT":"Wittlich","POP_MAX":19186,"POP_YEAR":"2025","POP1950":null,"ADM0CAP":0,"ADM0NAME":"Germany","ADM1NAME":"Rheinland-Pfalz","WIKIDATA":"Q559514"},"geometry":{"type":"Point","coordinates":[6.88972,49.98694]}},
{"type":"Feature","properties":{"NAME":"Kleinmachnow","NAME_DE":"Kleinmachnow","NAME_EN":"Kleinmachnow","NAME_IT":"Kleinmachnow","POP_MAX":19174,"POP_YEAR":"2025","POP1950":null,"ADM0CAP":0,"ADM0NAME":"Germany","ADM1NAME":"Brandenburg","WIKIDATA":"Q104192"},"geometry":{"type":"Point","coordinates":[13.22028,52.40361]}},
{"type":"Feature","properties":{"NAME":"Haldensleben","NAME_DE":"Haldensleben","NAME_EN":"Haldensleben","NAME_IT":"Haldensleben","POP_MAX":19170,"POP_YEAR":"2025","POP1950":null,"ADM0CAP":0,"ADM0NAME":"Germany","ADM1NAME":"Sachsen-Anhalt","WIKIDATA":"Q186557"},"geometry":{"type":"Point","coordinates":[11.41667,52.28333]}},
{"type":"Feature","properties":{"NAME":"Gilching","NAME_DE":"Gilching","NAME_EN":"Gilching","NAME_IT":"Gilching","POP_MAX":19159,"POP_YEAR":"2025","POP1950":null,"ADM0CAP":0,"ADM0NAME":"Germany","ADM1NAME":"Bayern","WIKIDATA":"Q552131"},"geometry":{"type":"Point","coordinates":[11.30111,48.11028]}},
{"type":"Feature","properties":{"NAME":"Kolbermoor","NAME_DE":"Kolbermoor","NAME_EN":"Kolbermoor","NAME_IT":"Kolbermoor","POP_MAX":19149,"POP_YEAR":"2025","POP1950":null,"ADM0CAP":0,"ADM0NAME":"Germany","ADM1NAME":"Bayern","WIKIDATA":"Q253445"},"geometry":{"type":"Point","coordinates":[12.06667,47.85]}},
{"type":"Feature","properties":{"NAME":"Schkeuditz","NAME_DE":"Schkeuditz","NAME_EN":"Schkeuditz","NAME_IT":"Schkeuditz","POP_MAX":19145,"POP_YEAR":"2025","POP1950":null,"ADM0CAP":0,"ADM0NAME":"Germany","ADM1NAME":"Sachsen","WIKIDATA":"Q12058"},"geometry":{"type":"Point","coordinates":[12.21667,51.4]}},
{"type":"Feature","properties":{"NAME":"Schmalkalden","NAME_DE":"Schmalkalden","NAME_EN":"Schmalkalden","NAME_IT":"Smalcalda","POP_MAX":19141,"POP_YEAR":"2025","POP1950":null,"ADM0CAP":0,"ADM0NAME":"Germany","ADM1NAME":"Thüringen","WIKIDATA":"Q489147"},"geometry":{"type":"Point","coordinates":[10.45,50.71667]}},
{"type":"Feature","properties":{"NAME":"Greiz","NAME_DE":"Greiz","NAME_EN":"Greiz","NAME_IT":"Greiz","POP_MAX":19136,"POP_YEAR":"2025","POP1950":null,"ADM0CAP":0,"ADM0NAME":"Germany","ADM1NAME":"Thüringen","WIKIDATA":"Q502710"},"geometry":{"type":"Point","coordinates":[12.19972,50.65472]}},
{"type":"Feature","properties":{"NAME":"Burscheid","NAME_DE":"Burscheid","NAME_EN":"Burscheid","NAME_IT":"Burscheid","POP_MAX":19104,"POP_YEAR":"2025","POP1950":null,"ADM0CAP":0,"ADM0NAME":"Germany","ADM1NAME":"Nordrhein-Westfalen","WIKIDATA":"Q245579"},"geometry":{"type":"Point","coordinates":[7.11361,51.08556]}},
{"type":"Feature","properties":{"NAME":"Bückeburg","NAME_DE":"Bückeburg","NAME_EN":"Bückeburg","NAME_IT":"Bückeburg","POP_MAX":19016,"POP_YEAR":"2025","POP1950":null,"ADM0CAP":0,"ADM0NAME":"Germany","ADM1NAME":"Niedersachsen","WIKIDATA":"Q157035"},"geometry":{"type":"Point","coordinates":[9.04917,52.26083]}},
{"type":"Feature","properties":{"NAME":"Schneverdingen","NAME_DE":"Schneverdingen","NAME_EN":"Schneverdingen","NAME_IT":"Schneverdingen","POP_MAX":19016,"POP_YEAR":"2024","POP1950":null,"ADM0CAP":0,"ADM0NAME":"Germany","ADM1NAME":"Niedersachsen","WIKIDATA":"Q503006"},"geometry":{"type":"Point","coordinates":[9.8,53.11667]}},
{"type":"Feature","properties":{"NAME":"Eitorf","NAME_DE":"Eitorf","NAME_EN":"Eitorf","NAME_IT":"Eitorf","POP_MAX":19011,"POP_YEAR":"2025","POP1950":null,"ADM0CAP":0,"ADM0NAME":"Germany","ADM1NAME":"Nordrhein-Westfalen","WIKIDATA":"Q254649"},"geometry":{"type":"Point","coordinates":[7.45167,50.76972]}},
{"type":"Feature","properties":{"NAME":"Bad Dürkheim","NAME_DE":"Bad Dürkheim","NAME_EN":"Bad Dürkheim","NAME_IT":"Bad Dürkheim","POP_MAX":19002,"POP_YEAR":"2025","POP1950":null,"ADM0CAP":0,"ADM0NAME":"Germany","ADM1NAME":"Rheinland-Pfalz","WIKIDATA":"Q22901"},"geometry":{"type":"Point","coordinates":[8.17236,49.4618]}},
{"type":"Feature","properties":{"NAME":"Aue-Bad Schlema","NAME_DE":"Aue-Bad Schlema","NAME_EN":"Aue-Bad Schlema","NAME_IT":"Aue-Bad Schlema","POP_MAX":18968,"POP_YEAR":"2025","POP1950":null,"ADM0CAP":0,"ADM0NAME":"Germany","ADM1NAME":"Sachsen","WIKIDATA":"Q59564401"},"geometry":{"type":"Point","coordinates":[12.68501,50.59653]}},
{"type":"Feature","properties":{"NAME":"Uetersen","NAME_DE":"Uetersen","NAME_EN":"Uetersen","NAME_IT":"Uetersen","POP_MAX":18936,"POP_YEAR":"2025","POP1950":null,"ADM0CAP":0,"ADM0NAME":"Germany","ADM1NAME":"Schleswig-Holstein","WIKIDATA":"Q1404"},"geometry":{"type":"Point","coordinates":[9.66917,53.68722]}},
{"type":"Feature","properties":{"NAME":"Holzminden","NAME_DE":"Holzminden","NAME_EN":"Holzminden","NAME_IT":"Holzminden","POP_MAX":18921,"POP_YEAR":"2025","POP1950":null,"ADM0CAP":0,"ADM0NAME":"Germany","ADM1NAME":"Niedersachsen","WIKIDATA":"Q55425"},"geometry":{"type":"Point","coordinates":[9.44833,51.82972]}},
{"type":"Feature","properties":{"NAME":"Weilerswist","NAME_DE":"Weilerswist","NAME_EN":"Weilerswist","NAME_IT":"Weilerswist","POP_MAX":18920,"POP_YEAR":"2025","POP1950":null,"ADM0CAP":0,"ADM0NAME":"Germany","ADM1NAME":"Nordrhein-Westfalen","WIKIDATA":"Q240039"},"geometry":{"type":"Point","coordinates":[6.83778,50.7525]}},
{"type":"Feature","properties":{"NAME":"Lahnstein","NAME_DE":"Lahnstein","NAME_EN":"Lahnstein","NAME_IT":"Lahnstein","POP_MAX":18887,"POP_YEAR":"2025","POP1950":null,"ADM0CAP":0,"ADM0NAME":"Germany","ADM1NAME":"Rheinland-Pfalz","WIKIDATA":"Q569639"},"geometry":{"type":"Point","coordinates":[7.60556,50.30111]}},
{"type":"Feature","properties":{"NAME":"Annaberg-Buchholz","NAME_DE":"Annaberg-Buchholz","NAME_EN":"Annaberg-Buchholz","NAME_IT":"Annaberg-Buchholz","POP_MAX":18882,"POP_YEAR":"2025","POP1950":null,"ADM0CAP":0,"ADM0NAME":"Germany","ADM1NAME":"Sachsen","WIKIDATA":"Q57944"},"geometry":{"type":"Point","coordinates":[13.01061,50.57888]}},
{"type":"Feature","properties":{"NAME":"Bad Driburg","NAME_DE":"Bad Driburg","NAME_EN":"Bad Driburg","NAME_IT":"Bad Driburg","POP_MAX":18876,"POP_YEAR":"2025","POP1950":null,"ADM0CAP":0,"ADM0NAME":"Germany","ADM1NAME":"Nordrhein-Westfalen","WIKIDATA":"Q242195"},"geometry":{"type":"Point","coordinates":[9.01667,51.73333]}},
{"type":"Feature","properties":{"NAME":"Haiger","NAME_DE":"Haiger","NAME_EN":"Haiger","NAME_IT":"Haiger","POP_MAX":18865,"POP_YEAR":"2025","POP1950":null,"ADM0CAP":0,"ADM0NAME":"Germany","ADM1NAME":"Hessen","WIKIDATA":"Q516448"},"geometry":{"type":"Point","coordinates":[8.20389,50.74222]}},
{"type":"Feature","properties":{"NAME":"Glinde","NAME_DE":"Glinde","NAME_EN":"Glinde","NAME_IT":"Glinde","POP_MAX":18856,"POP_YEAR":"2025","POP1950":null,"ADM0CAP":0,"ADM0NAME":"Germany","ADM1NAME":"Schleswig-Holstein","WIKIDATA":"Q569696"},"geometry":{"type":"Point","coordinates":[10.21111,53.54056]}},
{"type":"Feature","properties":{"NAME":"Oschersleben (Bode)","NAME_DE":"Oschersleben (Bode)","NAME_EN":"Oschersleben (Bode)","NAME_IT":"Oschersleben","POP_MAX":18855,"POP_YEAR":"2025","POP1950":null,"ADM0CAP":0,"ADM0NAME":"Germany","ADM1NAME":"Sachsen-Anhalt","WIKIDATA":"Q525392"},"geometry":{"type":"Point","coordinates":[11.25,52.01667]}},
{"type":"Feature","properties":{"NAME":"Schwalmtal","NAME_DE":"Schwalmtal","NAME_EN":"Schwalmtal","NAME_IT":"Schwalmtal","POP_MAX":18833,"POP_YEAR":"2025","POP1950":null,"ADM0CAP":0,"ADM0NAME":"Germany","ADM1NAME":"Nordrhein-Westfalen","WIKIDATA":"Q163917"},"geometry":{"type":"Point","coordinates":[6.2625,51.2225]}},
{"type":"Feature","properties":{"NAME":"Hemmingen","NAME_DE":"Hemmingen","NAME_EN":"Hemmingen","NAME_IT":"Hemmingen","POP_MAX":18815,"POP_YEAR":"2025","POP1950":null,"ADM0CAP":0,"ADM0NAME":"Germany","ADM1NAME":"Niedersachsen","WIKIDATA":"Q534259"},"geometry":{"type":"Point","coordinates":[9.72556,52.32361]}},
{"type":"Feature","properties":{"NAME":"Prenzlau","NAME_DE":"Prenzlau","NAME_EN":"Prenzlau","NAME_IT":"Prenzlau","POP_MAX":18779,"POP_YEAR":"2025","POP1950":null,"ADM0CAP":0,"ADM0NAME":"Germany","ADM1NAME":"Brandenburg","WIKIDATA":"Q537214"},"geometry":{"type":"Point","coordinates":[13.86267,53.30975]}},
{"type":"Feature","properties":{"NAME":"Blankenburg","NAME_DE":"Blankenburg","NAME_EN":"Blankenburg","NAME_IT":"Blankenburg","POP_MAX":18765,"POP_YEAR":"2025","POP1950":null,"ADM0CAP":0,"ADM0NAME":"Germany","ADM1NAME":"Sachsen-Anhalt","WIKIDATA":"Q525960"},"geometry":{"type":"Point","coordinates":[10.96222,51.79528]}},
{"type":"Feature","properties":{"NAME":"Renningen","NAME_DE":"Renningen","NAME_EN":"Renningen","NAME_IT":"Renningen","POP_MAX":18728,"POP_YEAR":"2025","POP1950":null,"ADM0CAP":0,"ADM0NAME":"Germany","ADM1NAME":"Baden-Württemberg","WIKIDATA":"Q550676"},"geometry":{"type":"Point","coordinates":[8.93472,48.76611]}},
{"type":"Feature","properties":{"NAME":"Bergneustadt","NAME_DE":"Bergneustadt","NAME_EN":"Bergneustadt","NAME_IT":"Bergneustadt","POP_MAX":18701,"POP_YEAR":"2025","POP1950":null,"ADM0CAP":0,"ADM0NAME":"Germany","ADM1NAME":"Nordrhein-Westfalen","WIKIDATA":"Q10976"},"geometry":{"type":"Point","coordinates":[7.64806,51.02083]}},
{"type":"Feature","properties":{"NAME":"Eschwege","NAME_DE":"Eschwege","NAME_EN":"Eschwege","NAME_IT":"Eschwege","POP_MAX":18687,"POP_YEAR":"2025","POP1950":null,"ADM0CAP":0,"ADM0NAME":"Germany","ADM1NAME":"Hessen","WIKIDATA":"Q1468"},"geometry":{"type":"Point","coordinates":[10.05278,51.18806]}},
{"type":"Feature","properties":{"NAME":"Radeberg","NAME_DE":"Radeberg","NAME_EN":"Radeberg","NAME_IT":"Radeberg","POP_MAX":18667,"POP_YEAR":"2025","POP1950":null,"ADM0CAP":0,"ADM0NAME":"Germany","ADM1NAME":"Sachsen","WIKIDATA":"Q81729"},"geometry":{"type":"Point","coordinates":[13.91667,51.11667]}},
{"type":"Feature","properties":{"NAME":"Swisttal","NAME_DE":"Swisttal","NAME_EN":"Swisttal","NAME_IT":"Swisttal","POP_MAX":18662,"POP_YEAR":"2025","POP1950":null,"ADM0CAP":0,"ADM0NAME":"Germany","ADM1NAME":"Nordrhein-Westfalen","WIKIDATA":"Q253784"},"geometry":{"type":"Point","coordinates":[6.92028,50.71778]}},
{"type":"Feature","properties":{"NAME":"Hohe Börde","NAME_DE":"Hohe Börde","NAME_EN":"Hohe Börde","NAME_IT":"Hohe Börde","POP_MAX":18648,"POP_YEAR":"2025","POP1950":null,"ADM0CAP":0,"ADM0NAME":"Germany","ADM1NAME":"Sachsen-Anhalt","WIKIDATA":"Q689996"},"geometry":{"type":"Point","coordinates":[11.48333,52.16667]}},
{"type":"Feature","properties":{"NAME":"Seesen","NAME_DE":"Seesen","NAME_EN":"Seesen","NAME_IT":"Seesen","POP_MAX":18612,"POP_YEAR":"2025","POP1950":null,"ADM0CAP":0,"ADM0NAME":"Germany","ADM1NAME":"Niedersachsen","WIKIDATA":"Q540934"},"geometry":{"type":"Point","coordinates":[10.17833,51.89306]}},
{"type":"Feature","properties":{"NAME":"Kronberg im Taunus","NAME_DE":"Kronberg im Taunus","NAME_EN":"Kronberg im Taunus","NAME_IT":"Kronberg im Taunus","POP_MAX":18577,"POP_YEAR":"2025","POP1950":null,"ADM0CAP":0,"ADM0NAME":"Germany","ADM1NAME":"Hessen","WIKIDATA":"Q569634"},"geometry":{"type":"Point","coordinates":[8.50854,50.17965]}},
{"type":"Feature","properties":{"NAME":"Bad Aibling","NAME_DE":"Bad Aibling","NAME_EN":"Bad Aibling","NAME_IT":"Bad Aibling","POP_MAX":18575,"POP_YEAR":"2025","POP1950":null,"ADM0CAP":0,"ADM0NAME":"Germany","ADM1NAME":"Bayern","WIKIDATA":"Q5758"},"geometry":{"type":"Point","coordinates":[12.01,47.86389]}},
{"type":"Feature","properties":{"NAME":"Sachsenheim","NAME_DE":"Sachsenheim","NAME_EN":"Sachsenheim","NAME_IT":"Sachsenheim","POP_MAX":18549,"POP_YEAR":"2025","POP1950":null,"ADM0CAP":0,"ADM0NAME":"Germany","ADM1NAME":"Baden-Württemberg","WIKIDATA":"Q61920"},"geometry":{"type":"Point","coordinates":[9.06472,48.96]}},
{"type":"Feature","properties":{"NAME":"Reichshof","NAME_DE":"Reichshof","NAME_EN":"Reichshof","NAME_IT":"Reichshof","POP_MAX":18509,"POP_YEAR":"2025","POP1950":null,"ADM0CAP":0,"ADM0NAME":"Germany","ADM1NAME":"Nordrhein-Westfalen","WIKIDATA":"Q11058"},"geometry":{"type":"Point","coordinates":[7.7,50.96667]}},
{"type":"Feature","properties":{"NAME":"Bad Segeberg","NAME_DE":"Bad Segeberg","NAME_EN":"Bad Segeberg","NAME_IT":"Bad Segeberg","POP_MAX":18508,"POP_YEAR":"2025","POP1950":null,"ADM0CAP":0,"ADM0NAME":"Germany","ADM1NAME":"Schleswig-Holstein","WIKIDATA":"Q496050"},"geometry":{"type":"Point","coordinates":[10.30972,53.93611]}},
{"type":"Feature","properties":{"NAME":"Illertissen","NAME_DE":"Illertissen","NAME_EN":"Illertissen","NAME_IT":"Illertissen","POP_MAX":18484,"POP_YEAR":"2025","POP1950":null,"ADM0CAP":0,"ADM0NAME":"Germany","ADM1NAME":"Bayern","WIKIDATA":"Q503295"},"geometry":{"type":"Point","coordinates":[10.10528,48.22278]}},
{"type":"Feature","properties":{"NAME":"Schwalmstadt","NAME_DE":"Schwalmstadt","NAME_EN":"Schwalmstadt","NAME_IT":"Schwalmstadt","POP_MAX":18482,"POP_YEAR":"2025","POP1950":null,"ADM0CAP":0,"ADM0NAME":"Germany","ADM1NAME":"Hessen","WIKIDATA":"Q516599"},"geometry":{"type":"Point","coordinates":[9.18889,50.91278]}},
{"type":"Feature","properties":{"NAME":"Sömmerda","NAME_DE":"Sömmerda","NAME_EN":"Sömmerda","NAME_IT":"Sömmerda","POP_MAX":18465,"POP_YEAR":"2025","POP1950":null,"ADM0CAP":0,"ADM0NAME":"Germany","ADM1NAME":"Thüringen","WIKIDATA":"Q530794"},"geometry":{"type":"Point","coordinates":[11.11694,51.16167]}},
{"type":"Feature","properties":{"NAME":"Marktoberdorf","NAME_DE":"Marktoberdorf","NAME_EN":"Marktoberdorf","NAME_IT":"Marktoberdorf","POP_MAX":18463,"POP_YEAR":"2025","POP1950":null,"ADM0CAP":0,"ADM0NAME":"Germany","ADM1NAME":"Bayern","WIKIDATA":"Q502955"},"geometry":{"type":"Point","coordinates":[10.61667,47.76667]}},
{"type":"Feature","properties":{"NAME":"Hochheim am Main","NAME_DE":"Hochheim am Main","NAME_EN":"Hochheim am Main","NAME_IT":"Hochheim am Main","POP_MAX":18425,"POP_YEAR":"2025","POP1950":null,"ADM0CAP":0,"ADM0NAME":"Germany","ADM1NAME":"Hessen","WIKIDATA":"Q632750"},"geometry":{"type":"Point","coordinates":[8.35076,50.01083]}},
{"type":"Feature","properties":{"NAME":"Bremervörde","NAME_DE":"Bremervörde","NAME_EN":"Bremervörde","NAME_IT":"Bremervörde","POP_MAX":18409,"POP_YEAR":"2025","POP1950":null,"ADM0CAP":0,"ADM0NAME":"Germany","ADM1NAME":"Niedersachsen","WIKIDATA":"Q501875"},"geometry":{"type":"Point","coordinates":[9.13333,53.48333]}},
{"type":"Feature","properties":{"NAME":"Langen","NAME_DE":"Langen","NAME_EN":"Langen","NAME_IT":"Langen","POP_MAX":18395,"POP_YEAR":"2014","POP1950":null,"ADM0CAP":0,"ADM0NAME":"Germany","ADM1NAME":"Niedersachsen","WIKIDATA":"Q512667"},"geometry":{"type":"Point","coordinates":[8.60322,53.61161]}},
{"type":"Feature","properties":{"NAME":"Heusweiler","NAME_DE":"Heusweiler","NAME_EN":"Heusweiler","NAME_IT":"Heusweiler","POP_MAX":18385,"POP_YEAR":"2025","POP1950":null,"ADM0CAP":0,"ADM0NAME":"Germany","ADM1NAME":"Saarland","WIKIDATA":"Q658459"},"geometry":{"type":"Point","coordinates":[6.9301,49.3375]}},
{"type":"Feature","properties":{"NAME":"Bad Münstereifel","NAME_DE":"Bad Münstereifel","NAME_EN":"Bad Münstereifel","NAME_IT":"Bad Münstereifel","POP_MAX":18375,"POP_YEAR":"2025","POP1950":null,"ADM0CAP":0,"ADM0NAME":"Germany","ADM1NAME":"Nordrhein-Westfalen","WIKIDATA":"Q241450"},"geometry":{"type":"Point","coordinates":[6.76611,50.55306]}},
{"type":"Feature","properties":{"NAME":"Südbrookmerland","NAME_DE":"Südbrookmerland","NAME_EN":"Südbrookmerland","NAME_IT":"Südbrookmerland","POP_MAX":18373,"POP_YEAR":"2025","POP1950":null,"ADM0CAP":0,"ADM0NAME":"Germany","ADM1NAME":"Niedersachsen","WIKIDATA":"Q137696"},"geometry":{"type":"Point","coordinates":[7.35755,53.4907]}},
{"type":"Feature","properties":{"NAME":"Hessisch Oldendorf","NAME_DE":"Hessisch Oldendorf","NAME_EN":"Hessisch Oldendorf","NAME_IT":"Hessisch Oldendorf","POP_MAX":18352,"POP_YEAR":"2025","POP1950":null,"ADM0CAP":0,"ADM0NAME":"Germany","ADM1NAME":"Niedersachsen","WIKIDATA":"Q533826"},"geometry":{"type":"Point","coordinates":[9.25,52.16667]}},
{"type":"Feature","properties":{"NAME":"Wörth am Rhein","NAME_DE":"Wörth am Rhein","NAME_EN":"Wörth am Rhein","NAME_IT":"Wörth am Rhein","POP_MAX":18350,"POP_YEAR":"2025","POP1950":null,"ADM0CAP":0,"ADM0NAME":"Germany","ADM1NAME":"Rheinland-Pfalz","WIKIDATA":"Q522165"},"geometry":{"type":"Point","coordinates":[8.26028,49.05167]}},
{"type":"Feature","properties":{"NAME":"Püttlingen","NAME_DE":"Püttlingen","NAME_EN":"Püttlingen","NAME_IT":"Püttlingen","POP_MAX":18314,"POP_YEAR":"2025","POP1950":null,"ADM0CAP":0,"ADM0NAME":"Germany","ADM1NAME":"Saarland","WIKIDATA":"Q544908"},"geometry":{"type":"Point","coordinates":[6.88333,49.28333]}},
{"type":"Feature","properties":{"NAME":"Gerlingen","NAME_DE":"Gerlingen","NAME_EN":"Gerlingen","NAME_IT":"Gerlingen","POP_MAX":18307,"POP_YEAR":"2025","POP1950":null,"ADM0CAP":0,"ADM0NAME":"Germany","ADM1NAME":"Baden-Württemberg","WIKIDATA":"Q61843"},"geometry":{"type":"Point","coordinates":[9.06528,48.8]}},
{"type":"Feature","properties":{"NAME":"Buchen","NAME_DE":"Buchen","NAME_EN":"Buchen","NAME_IT":"Buchen (Odenwald)","POP_MAX":18293,"POP_YEAR":"2025","POP1950":null,"ADM0CAP":0,"ADM0NAME":"Germany","ADM1NAME":"Baden-Württemberg","WIKIDATA":"Q179252"},"geometry":{"type":"Point","coordinates":[9.32333,49.52167]}},
{"type":"Feature","properties":{"NAME":"Pfinztal","NAME_DE":"Pfinztal","NAME_EN":"Pfinztal","NAME_IT":"Pfinztal","POP_MAX":18291,"POP_YEAR":"2025","POP1950":null,"ADM0CAP":0,"ADM0NAME":"Germany","ADM1NAME":"Baden-Württemberg","WIKIDATA":"Q504462"},"geometry":{"type":"Point","coordinates":[8.54333,48.98778]}},
{"type":"Feature","properties":{"NAME":"Vlotho","NAME_DE":"Vlotho","NAME_EN":"Vlotho","NAME_IT":"Vlotho","POP_MAX":18286,"POP_YEAR":"2025","POP1950":null,"ADM0CAP":0,"ADM0NAME":"Germany","ADM1NAME":"Nordrhein-Westfalen","WIKIDATA":"Q53907"},"geometry":{"type":"Point","coordinates":[8.84972,52.16667]}},
{"type":"Feature","properties":{"NAME":"Bad Reichenhall","NAME_DE":"Bad Reichenhall","NAME_EN":"Bad Reichenhall","NAME_IT":"Bad Reichenhall","POP_MAX":18284,"POP_YEAR":"2025","POP1950":null,"ADM0CAP":0,"ADM0NAME":"Germany","ADM1NAME":"Bayern","WIKIDATA":"Q487971"},"geometry":{"type":"Point","coordinates":[12.87694,47.72472]}},
{"type":"Feature","properties":{"NAME":"Bad Berleburg","NAME_DE":"Bad Berleburg","NAME_EN":"Bad Berleburg","NAME_IT":"Bad Berleburg","POP_MAX":18251,"POP_YEAR":"2025","POP1950":null,"ADM0CAP":0,"ADM0NAME":"Germany","ADM1NAME":"Nordrhein-Westfalen","WIKIDATA":"Q10944"},"geometry":{"type":"Point","coordinates":[8.4,51.04972]}},
{"type":"Feature","properties":{"NAME":"Kreuzau","NAME_DE":"Kreuzau","NAME_EN":"Kreuzau","NAME_IT":"Kreuzau","POP_MAX":18204,"POP_YEAR":"2025","POP1950":null,"ADM0CAP":0,"ADM0NAME":"Germany","ADM1NAME":"Nordrhein-Westfalen","WIKIDATA":"Q199988"},"geometry":{"type":"Point","coordinates":[6.49069,50.74699]}},
{"type":"Feature","properties":{"NAME":"Rhauderfehn","NAME_DE":"Rhauderfehn","NAME_EN":"Rhauderfehn","NAME_IT":"Rhauderfehn","POP_MAX":18199,"POP_YEAR":"2025","POP1950":null,"ADM0CAP":0,"ADM0NAME":"Germany","ADM1NAME":"Niedersachsen","WIKIDATA":"Q559610"},"geometry":{"type":"Point","coordinates":[7.55,53.16667]}},
{"type":"Feature","properties":{"NAME":"Vilshofen an der Donau","NAME_DE":"Vilshofen an der Donau","NAME_EN":"Vilshofen an der Donau","NAME_IT":"Vilshofen an der Donau","POP_MAX":18184,"POP_YEAR":"2025","POP1950":null,"ADM0CAP":0,"ADM0NAME":"Germany","ADM1NAME":"Bayern","WIKIDATA":"Q278312"},"geometry":{"type":"Point","coordinates":[13.18833,48.63306]}},
{"type":"Feature","properties":{"NAME":"Weißenburg in Bayern","NAME_DE":"Weißenburg in Bayern","NAME_EN":"Weißenburg in Bayern","NAME_IT":"Weißenburg in Bayern","POP_MAX":18172,"POP_YEAR":"2025","POP1950":null,"ADM0CAP":0,"ADM0NAME":"Germany","ADM1NAME":"Bayern","WIKIDATA":"Q44500"},"geometry":{"type":"Point","coordinates":[10.97194,49.03056]}},
{"type":"Feature","properties":{"NAME":"Halstenbek","NAME_DE":"Halstenbek","NAME_EN":"Halstenbek","NAME_IT":"Halstenbek","POP_MAX":18168,"POP_YEAR":"2025","POP1950":null,"ADM0CAP":0,"ADM0NAME":"Germany","ADM1NAME":"Schleswig-Holstein","WIKIDATA":"Q542824"},"geometry":{"type":"Point","coordinates":[9.8372,53.6334]}},
{"type":"Feature","properties":{"NAME":"Taufkirchen","NAME_DE":"Taufkirchen","NAME_EN":"Taufkirchen","NAME_IT":"Taufkirchen","POP_MAX":18130,"POP_YEAR":"2025","POP1950":null,"ADM0CAP":0,"ADM0NAME":"Germany","ADM1NAME":"Bayern","WIKIDATA":"Q257018"},"geometry":{"type":"Point","coordinates":[11.61667,48.05]}},
{"type":"Feature","properties":{"NAME":"Bobingen","NAME_DE":"Bobingen","NAME_EN":"Bobingen","NAME_IT":"Bobingen","POP_MAX":18108,"POP_YEAR":"2025","POP1950":null,"ADM0CAP":0,"ADM0NAME":"Germany","ADM1NAME":"Bayern","WIKIDATA":"Q254801"},"geometry":{"type":"Point","coordinates":[10.81667,48.26667]}},
{"type":"Feature","properties":{"NAME":"Konz","NAME_DE":"Konz","NAME_EN":"Konz","NAME_IT":"Konz","POP_MAX":18099,"POP_YEAR":"2025","POP1950":null,"ADM0CAP":0,"ADM0NAME":"Germany","ADM1NAME":"Rheinland-Pfalz","WIKIDATA":"Q503185"},"geometry":{"type":"Point","coordinates":[6.57944,49.70278]}},
{"type":"Feature","properties":{"NAME":"Hoppegarten","NAME_DE":"Hoppegarten","NAME_EN":"Hoppegarten","NAME_IT":"Hoppegarten","POP_MAX":18085,"POP_YEAR":"2025","POP1950":null,"ADM0CAP":0,"ADM0NAME":"Germany","ADM1NAME":"Brandenburg","WIKIDATA":"Q375199"},"geometry":{"type":"Point","coordinates":[13.66777,52.51555]}},
{"type":"Feature","properties":{"NAME":"Heilbad Heiligenstadt","NAME_DE":"Heilbad Heiligenstadt","NAME_EN":"Heilbad Heiligenstadt","NAME_IT":"Heilbad Heiligenstadt","POP_MAX":18072,"POP_YEAR":"2025","POP1950":null,"ADM0CAP":0,"ADM0NAME":"Germany","ADM1NAME":"Thüringen","WIKIDATA":"Q564765"},"geometry":{"type":"Point","coordinates":[10.13444,51.3775]}},
{"type":"Feature","properties":{"NAME":"Vechelde","NAME_DE":"Vechelde","NAME_EN":"Vechelde","NAME_IT":"Vechelde","POP_MAX":18060,"POP_YEAR":"2025","POP1950":null,"ADM0CAP":0,"ADM0NAME":"Germany","ADM1NAME":"Niedersachsen","WIKIDATA":"Q554288"},"geometry":{"type":"Point","coordinates":[10.37194,52.26083]}},
{"type":"Feature","properties":{"NAME":"Ismaning","NAME_DE":"Ismaning","NAME_EN":"Ismaning","NAME_IT":"Ismaning","POP_MAX":18038,"POP_YEAR":"2025","POP1950":null,"ADM0CAP":0,"ADM0NAME":"Germany","ADM1NAME":"Bayern","WIKIDATA":"Q254897"},"geometry":{"type":"Point","coordinates":[11.6725,48.22639]}},
{"type":"Feature","properties":{"NAME":"Alfeld","NAME_DE":"Alfeld","NAME_EN":"Alfeld","NAME_IT":"Alfeld","POP_MAX":17991,"POP_YEAR":"2025","POP1950":null,"ADM0CAP":0,"ADM0NAME":"Germany","ADM1NAME":"Niedersachsen","WIKIDATA":"Q486543"},"geometry":{"type":"Point","coordinates":[9.82694,51.98861]}},
{"type":"Feature","properties":{"NAME":"Wadgassen","NAME_DE":"Wadgassen","NAME_EN":"Wadgassen","NAME_IT":"Wadgassen","POP_MAX":17987,"POP_YEAR":"2025","POP1950":null,"ADM0CAP":0,"ADM0NAME":"Germany","ADM1NAME":"Saarland","WIKIDATA":"Q253419"},"geometry":{"type":"Point","coordinates":[6.78333,49.2667]}},
{"type":"Feature","properties":{"NAME":"Großenhain","NAME_DE":"Großenhain","NAME_EN":"Großenhain","NAME_IT":"Großenhain","POP_MAX":17974,"POP_YEAR":"2025","POP1950":null,"ADM0CAP":0,"ADM0NAME":"Germany","ADM1NAME":"Sachsen","WIKIDATA":"Q8714"},"geometry":{"type":"Point","coordinates":[13.53417,51.29194]}},
{"type":"Feature","properties":{"NAME":"Alzenau","NAME_DE":"Alzenau","NAME_EN":"Alzenau","NAME_IT":"Alzenau","POP_MAX":17968,"POP_YEAR":"2025","POP1950":null,"ADM0CAP":0,"ADM0NAME":"Germany","ADM1NAME":"Bayern","WIKIDATA":"Q450697"},"geometry":{"type":"Point","coordinates":[9.06691,50.08353]}},
{"type":"Feature","properties":{"NAME":"Schwalbach","NAME_DE":"Schwalbach","NAME_EN":"Schwalbach","NAME_IT":"Schwalbach","POP_MAX":17940,"POP_YEAR":"2025","POP1950":null,"ADM0CAP":0,"ADM0NAME":"Germany","ADM1NAME":"Saarland","WIKIDATA":"Q686818"},"geometry":{"type":"Point","coordinates":[6.82306,49.30667]}},
{"type":"Feature","properties":{"NAME":"Bad Säckingen","NAME_DE":"Bad Säckingen","NAME_EN":"Bad Säckingen","NAME_IT":"Bad Säckingen","POP_MAX":17924,"POP_YEAR":"2025","POP1950":null,"ADM0CAP":0,"ADM0NAME":"Germany","ADM1NAME":"Baden-Württemberg","WIKIDATA":"Q522362"},"geometry":{"type":"Point","coordinates":[7.94722,47.55333]}},
{"type":"Feature","properties":{"NAME":"Schrobenhausen","NAME_DE":"Schrobenhausen","NAME_EN":"Schrobenhausen","NAME_IT":"Schrobenhausen","POP_MAX":17916,"POP_YEAR":"2025","POP1950":null,"ADM0CAP":0,"ADM0NAME":"Germany","ADM1NAME":"Bayern","WIKIDATA":"Q504746"},"geometry":{"type":"Point","coordinates":[11.25825,48.56685]}},
{"type":"Feature","properties":{"NAME":"Parchim","NAME_DE":"Parchim","NAME_EN":"Parchim","NAME_IT":"Parchim","POP_MAX":17825,"POP_YEAR":"2025","POP1950":null,"ADM0CAP":0,"ADM0NAME":"Germany","ADM1NAME":"Mecklenburg-Vorpommern","WIKIDATA":"Q559010"},"geometry":{"type":"Point","coordinates":[11.84821,53.42772]}},
{"type":"Feature","properties":{"NAME":"Bad Saulgau","NAME_DE":"Bad Saulgau","NAME_EN":"Bad Saulgau","NAME_IT":"Bad Saulgau","POP_MAX":17824,"POP_YEAR":"2025","POP1950":null,"ADM0CAP":0,"ADM0NAME":"Germany","ADM1NAME":"Baden-Württemberg","WIKIDATA":"Q83190"},"geometry":{"type":"Point","coordinates":[9.50103,48.01581]}},
{"type":"Feature","properties":{"NAME":"Crimmitschau","NAME_DE":"Crimmitschau","NAME_EN":"Crimmitschau","NAME_IT":"Crimmitschau","POP_MAX":17820,"POP_YEAR":"2025","POP1950":null,"ADM0CAP":0,"ADM0NAME":"Germany","ADM1NAME":"Sachsen","WIKIDATA":"Q20070"},"geometry":{"type":"Point","coordinates":[12.3875,50.81806]}},
{"type":"Feature","properties":{"NAME":"Babenhausen","NAME_DE":"Babenhausen","NAME_EN":"Babenhausen","NAME_IT":"Babenhausen","POP_MAX":17778,"POP_YEAR":"2025","POP1950":null,"ADM0CAP":0,"ADM0NAME":"Germany","ADM1NAME":"Hessen","WIKIDATA":"Q516552"},"geometry":{"type":"Point","coordinates":[8.95326,49.96236]}},
{"type":"Feature","properties":{"NAME":"Vellmar","NAME_DE":"Vellmar","NAME_EN":"Vellmar","NAME_IT":"Vellmar","POP_MAX":17751,"POP_YEAR":"2025","POP1950":null,"ADM0CAP":0,"ADM0NAME":"Germany","ADM1NAME":"Hessen","WIKIDATA":"Q569651"},"geometry":{"type":"Point","coordinates":[9.4677,51.35878]}},
{"type":"Feature","properties":{"NAME":"Bexbach","NAME_DE":"Bexbach","NAME_EN":"Bexbach","NAME_IT":"Bexbach","POP_MAX":17730,"POP_YEAR":"2025","POP1950":null,"ADM0CAP":0,"ADM0NAME":"Germany","ADM1NAME":"Saarland","WIKIDATA":"Q504022"},"geometry":{"type":"Point","coordinates":[7.25944,49.34944]}},
{"type":"Feature","properties":{"NAME":"Garching bei München","NAME_DE":"Garching bei München","NAME_EN":"Garching bei München","NAME_IT":"Garching bei München","POP_MAX":17729,"POP_YEAR":"2025","POP1950":null,"ADM0CAP":0,"ADM0NAME":"Germany","ADM1NAME":"Bayern","WIKIDATA":"Q264620"},"geometry":{"type":"Point","coordinates":[11.65,48.25]}},
{"type":"Feature","properties":{"NAME":"Bürstadt","NAME_DE":"Bürstadt","NAME_EN":"Bürstadt","NAME_IT":"Bürstadt","POP_MAX":17721,"POP_YEAR":"2025","POP1950":null,"ADM0CAP":0,"ADM0NAME":"Germany","ADM1NAME":"Hessen","WIKIDATA":"Q524974"},"geometry":{"type":"Point","coordinates":[8.45458,49.64139]}},
{"type":"Feature","properties":{"NAME":"Freilassing","NAME_DE":"Freilassing","NAME_EN":"Freilassing","NAME_IT":"Freilassing","POP_MAX":17702,"POP_YEAR":"2025","POP1950":null,"ADM0CAP":0,"ADM0NAME":"Germany","ADM1NAME":"Bayern","WIKIDATA":"Q278352"},"geometry":{"type":"Point","coordinates":[12.96667,47.83333]}},
{"type":"Feature","properties":{"NAME":"Frankenberg (Eder)","NAME_DE":"Frankenberg (Eder)","NAME_EN":"Frankenberg","NAME_IT":"Frankenberg (Eder)","POP_MAX":17699,"POP_YEAR":"2025","POP1950":null,"ADM0CAP":0,"ADM0NAME":"Germany","ADM1NAME":"Hessen","WIKIDATA":"Q573603"},"geometry":{"type":"Point","coordinates":[8.79667,51.05889]}},
{"type":"Feature","properties":{"NAME":"Oberasbach","NAME_DE":"Oberasbach","NAME_EN":"Oberasbach","NAME_IT":"Oberasbach","POP_MAX":17678,"POP_YEAR":"2025","POP1950":null,"ADM0CAP":0,"ADM0NAME":"Germany","ADM1NAME":"Bayern","WIKIDATA":"Q504751"},"geometry":{"type":"Point","coordinates":[10.95833,49.42194]}},
{"type":"Feature","properties":{"NAME":"Diepholz","NAME_DE":"Diepholz","NAME_EN":"Diepholz","NAME_IT":"Diepholz","POP_MAX":17677,"POP_YEAR":"2025","POP1950":null,"ADM0CAP":0,"ADM0NAME":"Germany","ADM1NAME":"Niedersachsen","WIKIDATA":"Q498534"},"geometry":{"type":"Point","coordinates":[8.37111,52.60722]}},
{"type":"Feature","properties":{"NAME":"Bendorf","NAME_DE":"Bendorf","NAME_EN":"Bendorf","NAME_IT":"Bendorf","POP_MAX":17661,"POP_YEAR":"2025","POP1950":null,"ADM0CAP":0,"ADM0NAME":"Germany","ADM1NAME":"Rheinland-Pfalz","WIKIDATA":"Q708708"},"geometry":{"type":"Point","coordinates":[7.57028,50.42972]}},
{"type":"Feature","properties":{"NAME":"Bad Langensalza","NAME_DE":"Bad Langensalza","NAME_EN":"Bad Langensalza","NAME_IT":"Bad Langensalza","POP_MAX":17626,"POP_YEAR":"2025","POP1950":null,"ADM0CAP":0,"ADM0NAME":"Germany","ADM1NAME":"Thüringen","WIKIDATA":"Q518368"},"geometry":{"type":"Point","coordinates":[10.64667,51.10806]}},
{"type":"Feature","properties":{"NAME":"Cham","NAME_DE":"Cham","NAME_EN":"Cham","NAME_IT":"Cham","POP_MAX":17617,"POP_YEAR":"2025","POP1950":null,"ADM0CAP":0,"ADM0NAME":"Germany","ADM1NAME":"Bayern","WIKIDATA":"Q257859"},"geometry":{"type":"Point","coordinates":[12.66583,49.21833]}},
{"type":"Feature","properties":{"NAME":"Bönen","NAME_DE":"Bönen","NAME_EN":"Bönen","NAME_IT":"Bönen","POP_MAX":17606,"POP_YEAR":"2025","POP1950":null,"ADM0CAP":0,"ADM0NAME":"Germany","ADM1NAME":"Nordrhein-Westfalen","WIKIDATA":"Q10938"},"geometry":{"type":"Point","coordinates":[7.75917,51.59861]}},
{"type":"Feature","properties":{"NAME":"Remagen","NAME_DE":"Remagen","NAME_EN":"Remagen","NAME_IT":"Remagen","POP_MAX":17563,"POP_YEAR":"2025","POP1950":null,"ADM0CAP":0,"ADM0NAME":"Germany","ADM1NAME":"Rheinland-Pfalz","WIKIDATA":"Q486548"},"geometry":{"type":"Point","coordinates":[7.23056,50.57861]}},
{"type":"Feature","properties":{"NAME":"Stockach","NAME_DE":"Stockach","NAME_EN":"Stockach","NAME_IT":"Stockach","POP_MAX":17547,"POP_YEAR":"2025","POP1950":null,"ADM0CAP":0,"ADM0NAME":"Germany","ADM1NAME":"Baden-Württemberg","WIKIDATA":"Q61752"},"geometry":{"type":"Point","coordinates":[9.01139,47.85139]}},
{"type":"Feature","properties":{"NAME":"Holzwickede","NAME_DE":"Holzwickede","NAME_EN":"Holzwickede","NAME_IT":"Holzwickede","POP_MAX":17543,"POP_YEAR":"2025","POP1950":null,"ADM0CAP":0,"ADM0NAME":"Germany","ADM1NAME":"Nordrhein-Westfalen","WIKIDATA":"Q10941"},"geometry":{"type":"Point","coordinates":[7.61667,51.5]}},
{"type":"Feature","properties":{"NAME":"Trossingen","NAME_DE":"Trossingen","NAME_EN":"Trossingen","NAME_IT":"Trossingen","POP_MAX":17538,"POP_YEAR":"2025","POP1950":null,"ADM0CAP":0,"ADM0NAME":"Germany","ADM1NAME":"Baden-Württemberg","WIKIDATA":"Q505529"},"geometry":{"type":"Point","coordinates":[8.63849,48.07505]}},
{"type":"Feature","properties":{"NAME":"Nümbrecht","NAME_DE":"Nümbrecht","NAME_EN":"Nümbrecht","NAME_IT":"Nümbrecht","POP_MAX":17529,"POP_YEAR":"2025","POP1950":null,"ADM0CAP":0,"ADM0NAME":"Germany","ADM1NAME":"Nordrhein-Westfalen","WIKIDATA":"Q11052"},"geometry":{"type":"Point","coordinates":[7.54222,50.90528]}},
{"type":"Feature","properties":{"NAME":"Pohlheim","NAME_DE":"Pohlheim","NAME_EN":"Pohlheim","NAME_IT":"Pohlheim","POP_MAX":17517,"POP_YEAR":"2025","POP1950":null,"ADM0CAP":0,"ADM0NAME":"Germany","ADM1NAME":"Hessen","WIKIDATA":"Q569668"},"geometry":{"type":"Point","coordinates":[8.73333,50.525]}},
{"type":"Feature","properties":{"NAME":"Werdohl","NAME_DE":"Werdohl","NAME_EN":"Werdohl","NAME_IT":"Werdohl","POP_MAX":17500,"POP_YEAR":"2025","POP1950":null,"ADM0CAP":0,"ADM0NAME":"Germany","ADM1NAME":"Nordrhein-Westfalen","WIKIDATA":"Q5575"},"geometry":{"type":"Point","coordinates":[7.75617,51.25627]}},
{"type":"Feature","properties":{"NAME":"Wurster Nordseeküste","NAME_DE":"Wurster Nordseeküste","NAME_EN":"Wurster Nordseeküste","NAME_IT":"Wurster Nordseeküste","POP_MAX":17451,"POP_YEAR":"2025","POP1950":null,"ADM0CAP":0,"ADM0NAME":"Germany","ADM1NAME":"Niedersachsen","WIKIDATA":"Q2595304"},"geometry":{"type":"Point","coordinates":[8.60556,53.78361]}},
{"type":"Feature","properties":{"NAME":"Damme","NAME_DE":"Damme","NAME_EN":"Damme","NAME_IT":"Damme","POP_MAX":17449,"POP_YEAR":"2025","POP1950":null,"ADM0CAP":0,"ADM0NAME":"Germany","ADM1NAME":"Niedersachsen","WIKIDATA":"Q523394"},"geometry":{"type":"Point","coordinates":[8.19556,52.52222]}},
{"type":"Feature","properties":{"NAME":"Bad Münder am Deister","NAME_DE":"Bad Münder am Deister","NAME_EN":"Bad Münder am Deister","NAME_IT":"Bad Münder am Deister","POP_MAX":17417,"POP_YEAR":"2025","POP1950":null,"ADM0CAP":0,"ADM0NAME":"Germany","ADM1NAME":"Niedersachsen","WIKIDATA":"Q39779"},"geometry":{"type":"Point","coordinates":[9.46528,52.19917]}},
{"type":"Feature","properties":{"NAME":"Bad Wildungen","NAME_DE":"Bad Wildungen","NAME_EN":"Bad Wildungen","NAME_IT":"Bad Wildungen","POP_MAX":17404,"POP_YEAR":"2025","POP1950":null,"ADM0CAP":0,"ADM0NAME":"Germany","ADM1NAME":"Hessen","WIKIDATA":"Q516462"},"geometry":{"type":"Point","coordinates":[9.11667,51.11667]}},
{"type":"Feature","properties":{"NAME":"Horn-Bad Meinberg","NAME_DE":"Horn-Bad Meinberg","NAME_EN":"Horn-Bad Meinberg","NAME_IT":"Horn-Bad Meinberg","POP_MAX":17377,"POP_YEAR":"2025","POP1950":null,"ADM0CAP":0,"ADM0NAME":"Germany","ADM1NAME":"Nordrhein-Westfalen","WIKIDATA":"Q242880"},"geometry":{"type":"Point","coordinates":[8.96667,51.88333]}},
{"type":"Feature","properties":{"NAME":"Sinzig","NAME_DE":"Sinzig","NAME_EN":"Sinzig","NAME_IT":"Sinzig","POP_MAX":17374,"POP_YEAR":"2025","POP1950":null,"ADM0CAP":0,"ADM0NAME":"Germany","ADM1NAME":"Rheinland-Pfalz","WIKIDATA":"Q548989"},"geometry":{"type":"Point","coordinates":[7.25194,50.54528]}},
{"type":"Feature","properties":{"NAME":"Oerlinghausen","NAME_DE":"Oerlinghausen","NAME_EN":"Oerlinghausen","NAME_IT":"Oerlinghausen","POP_MAX":17302,"POP_YEAR":"2025","POP1950":null,"ADM0CAP":0,"ADM0NAME":"Germany","ADM1NAME":"Nordrhein-Westfalen","WIKIDATA":"Q242757"},"geometry":{"type":"Point","coordinates":[8.66667,51.96667]}},
{"type":"Feature","properties":{"NAME":"Bad Lippspringe","NAME_DE":"Bad Lippspringe","NAME_EN":"Bad Lippspringe","NAME_IT":"Bad Lippspringe","POP_MAX":17280,"POP_YEAR":"2025","POP1950":null,"ADM0CAP":0,"ADM0NAME":"Germany","ADM1NAME":"Nordrhein-Westfalen","WIKIDATA":"Q183307"},"geometry":{"type":"Point","coordinates":[8.81667,51.78333]}},
{"type":"Feature","properties":{"NAME":"Penzberg","NAME_DE":"Penzberg","NAME_EN":"Penzberg","NAME_IT":"Penzberg","POP_MAX":17246,"POP_YEAR":"2025","POP1950":null,"ADM0CAP":0,"ADM0NAME":"Germany","ADM1NAME":"Bayern","WIKIDATA":"Q254271"},"geometry":{"type":"Point","coordinates":[11.36667,47.75]}},
{"type":"Feature","properties":{"NAME":"Gescher","NAME_DE":"Gescher","NAME_EN":"Gescher","NAME_IT":"Gescher","POP_MAX":17221,"POP_YEAR":"2025","POP1950":null,"ADM0CAP":0,"ADM0NAME":"Germany","ADM1NAME":"Nordrhein-Westfalen","WIKIDATA":"Q200640"},"geometry":{"type":"Point","coordinates":[7.00556,51.95694]}},
{"type":"Feature","properties":{"NAME":"Freudenberg","NAME_DE":"Freudenberg","NAME_EN":"Freudenberg","NAME_IT":"Freudenberg","POP_MAX":17192,"POP_YEAR":"2025","POP1950":null,"ADM0CAP":0,"ADM0NAME":"Germany","ADM1NAME":"Nordrhein-Westfalen","WIKIDATA":"Q10946"},"geometry":{"type":"Point","coordinates":[7.87417,50.8975]}},
{"type":"Feature","properties":{"NAME":"Eutin","NAME_DE":"Eutin","NAME_EN":"Eutin","NAME_IT":"Eutin","POP_MAX":17177,"POP_YEAR":"2025","POP1950":null,"ADM0CAP":0,"ADM0NAME":"Germany","ADM1NAME":"Schleswig-Holstein","WIKIDATA":"Q490445"},"geometry":{"type":"Point","coordinates":[10.61806,54.13778]}},
{"type":"Feature","properties":{"NAME":"Leopoldshöhe","NAME_DE":"Leopoldshöhe","NAME_EN":"Leopoldshöhe","NAME_IT":"Leopoldshöhe","POP_MAX":17175,"POP_YEAR":"2025","POP1950":null,"ADM0CAP":0,"ADM0NAME":"Germany","ADM1NAME":"Nordrhein-Westfalen","WIKIDATA":"Q242385"},"geometry":{"type":"Point","coordinates":[8.7,52.0167]}},
{"type":"Feature","properties":{"NAME":"Marktredwitz","NAME_DE":"Marktredwitz","NAME_EN":"Marktredwitz","NAME_IT":"Marktredwitz","POP_MAX":17166,"POP_YEAR":"2025","POP1950":null,"ADM0CAP":0,"ADM0NAME":"Germany","ADM1NAME":"Bayern","WIKIDATA":"Q508231"},"geometry":{"type":"Point","coordinates":[12.08626,50.00108]}},
{"type":"Feature","properties":{"NAME":"Kelheim","NAME_DE":"Kelheim","NAME_EN":"Kelheim","NAME_IT":"Kelheim","POP_MAX":17108,"POP_YEAR":"2025","POP1950":null,"ADM0CAP":0,"ADM0NAME":"Germany","ADM1NAME":"Bayern","WIKIDATA":"Q494305"},"geometry":{"type":"Point","coordinates":[11.87228,48.91849]}},
{"type":"Feature","properties":{"NAME":"Nidda","NAME_DE":"Nidda","NAME_EN":"Nidda","NAME_IT":"Nidda","POP_MAX":17097,"POP_YEAR":"2025","POP1950":null,"ADM0CAP":0,"ADM0NAME":"Germany","ADM1NAME":"Hessen","WIKIDATA":"Q569625"},"geometry":{"type":"Point","coordinates":[9.00917,50.41278]}},
{"type":"Feature","properties":{"NAME":"Auerbach/Vogtl.","NAME_DE":"Auerbach/Vogtl.","NAME_EN":"Auerbach","NAME_IT":"Auerbach/Vogtland","POP_MAX":17061,"POP_YEAR":"2025","POP1950":null,"ADM0CAP":0,"ADM0NAME":"Germany","ADM1NAME":"Sachsen","WIKIDATA":"Q46843"},"geometry":{"type":"Point","coordinates":[12.4,50.50944]}},
{"type":"Feature","properties":{"NAME":"Bruckmühl","NAME_DE":"Bruckmühl","NAME_EN":"Bruckmühl","NAME_IT":"Bruckmühl","POP_MAX":16992,"POP_YEAR":"2025","POP1950":null,"ADM0CAP":0,"ADM0NAME":"Germany","ADM1NAME":"Bayern","WIKIDATA":"Q545290"},"geometry":{"type":"Point","coordinates":[11.91667,47.88333]}},
{"type":"Feature","properties":{"NAME":"Hünfeld","NAME_DE":"Hünfeld","NAME_EN":"Hünfeld","NAME_IT":"Hünfeld","POP_MAX":16985,"POP_YEAR":"2025","POP1950":null,"ADM0CAP":0,"ADM0NAME":"Germany","ADM1NAME":"Hessen","WIKIDATA":"Q569692"},"geometry":{"type":"Point","coordinates":[9.76667,50.66667]}},
{"type":"Feature","properties":{"NAME":"Eltville am Rhein","NAME_DE":"Eltville am Rhein","NAME_EN":"Eltville am Rhein","NAME_IT":"Eltville am Rhein","POP_MAX":16939,"POP_YEAR":"2025","POP1950":null,"ADM0CAP":0,"ADM0NAME":"Germany","ADM1NAME":"Hessen","WIKIDATA":"Q275193"},"geometry":{"type":"Point","coordinates":[8.12007,50.025]}},
{"type":"Feature","properties":{"NAME":"Forst (Lausitz)","NAME_DE":"Forst (Lausitz)","NAME_EN":"Forst (Lausitz)","NAME_IT":"Forst (Lausitz)","POP_MAX":16933,"POP_YEAR":"2025","POP1950":null,"ADM0CAP":0,"ADM0NAME":"Germany","ADM1NAME":"Brandenburg","WIKIDATA":"Q572545"},"geometry":{"type":"Point","coordinates":[14.6478,51.74531]}},
{"type":"Feature","properties":{"NAME":"Wittenberge","NAME_DE":"Wittenberge","NAME_EN":"Wittenberge","NAME_IT":"Wittenberge","POP_MAX":16928,"POP_YEAR":"2025","POP1950":null,"ADM0CAP":0,"ADM0NAME":"Germany","ADM1NAME":"Brandenburg","WIKIDATA":"Q541956"},"geometry":{"type":"Point","coordinates":[11.75041,52.99773]}},
{"type":"Feature","properties":{"NAME":"Schwarzenbek","NAME_DE":"Schwarzenbek","NAME_EN":"Schwarzenbek","NAME_IT":"Schwarzenbek","POP_MAX":16923,"POP_YEAR":"2025","POP1950":null,"ADM0CAP":0,"ADM0NAME":"Germany","ADM1NAME":"Schleswig-Holstein","WIKIDATA":"Q569643"},"geometry":{"type":"Point","coordinates":[10.47917,53.50417]}},
{"type":"Feature","properties":{"NAME":"Bad Wörishofen","NAME_DE":"Bad Wörishofen","NAME_EN":"Bad Wörishofen","NAME_IT":"Bad Wörishofen","POP_MAX":16893,"POP_YEAR":"2025","POP1950":null,"ADM0CAP":0,"ADM0NAME":"Germany","ADM1NAME":"Bayern","WIKIDATA":"Q504579"},"geometry":{"type":"Point","coordinates":[10.59694,48.00583]}},
{"type":"Feature","properties":{"NAME":"Kamenz","NAME_DE":"Kamenz","NAME_EN":"Kamenz","NAME_IT":"Kamenz","POP_MAX":16878,"POP_YEAR":"2025","POP1950":null,"ADM0CAP":0,"ADM0NAME":"Germany","ADM1NAME":"Sachsen","WIKIDATA":"Q81722"},"geometry":{"type":"Point","coordinates":[14.09528,51.27]}},
{"type":"Feature","properties":{"NAME":"Schmelz","NAME_DE":"Schmelz","NAME_EN":"Schmelz","NAME_IT":"Schmelz","POP_MAX":16869,"POP_YEAR":"2025","POP1950":null,"ADM0CAP":0,"ADM0NAME":"Germany","ADM1NAME":"Saarland","WIKIDATA":"Q554258"},"geometry":{"type":"Point","coordinates":[6.85793,49.44071]}},
{"type":"Feature","properties":{"NAME":"Eggenstein-Leopoldshafen","NAME_DE":"Eggenstein-Leopoldshafen","NAME_EN":"Eggenstein-Leopoldshafen","NAME_IT":"Eggenstein-Leopoldshafen","POP_MAX":16850,"POP_YEAR":"2025","POP1950":null,"ADM0CAP":0,"ADM0NAME":"Germany","ADM1NAME":"Baden-Württemberg","WIKIDATA":"Q520583"},"geometry":{"type":"Point","coordinates":[8.3925,49.07778]}},
{"type":"Feature","properties":{"NAME":"Künzell","NAME_DE":"Künzell","NAME_EN":"Künzell","NAME_IT":"Künzell","POP_MAX":16826,"POP_YEAR":"2025","POP1950":null,"ADM0CAP":0,"ADM0NAME":"Germany","ADM1NAME":"Hessen","WIKIDATA":"Q639703"},"geometry":{"type":"Point","coordinates":[9.70833,50.53944]}},
{"type":"Feature","properties":{"NAME":"Hövelhof","NAME_DE":"Hövelhof","NAME_EN":"Hövelhof","NAME_IT":"Hövelhof","POP_MAX":16799,"POP_YEAR":"2025","POP1950":null,"ADM0CAP":0,"ADM0NAME":"Germany","ADM1NAME":"Nordrhein-Westfalen","WIKIDATA":"Q183449"},"geometry":{"type":"Point","coordinates":[8.65,51.81667]}},
{"type":"Feature","properties":{"NAME":"Kelsterbach","NAME_DE":"Kelsterbach","NAME_EN":"Kelsterbach","NAME_IT":"Kelsterbach","POP_MAX":16762,"POP_YEAR":"2025","POP1950":null,"ADM0CAP":0,"ADM0NAME":"Germany","ADM1NAME":"Hessen","WIKIDATA":"Q635547"},"geometry":{"type":"Point","coordinates":[8.53014,50.06882]}},
{"type":"Feature","properties":{"NAME":"Sigmaringen","NAME_DE":"Sigmaringen","NAME_EN":"Sigmaringen","NAME_IT":"Sigmaringen","POP_MAX":16756,"POP_YEAR":"2025","POP1950":null,"ADM0CAP":0,"ADM0NAME":"Germany","ADM1NAME":"Baden-Württemberg","WIKIDATA":"Q82858"},"geometry":{"type":"Point","coordinates":[9.21667,48.08694]}},
{"type":"Feature","properties":{"NAME":"Finnentrop","NAME_DE":"Finnentrop","NAME_EN":"Finnentrop","NAME_IT":"Finnentrop","POP_MAX":16729,"POP_YEAR":"2025","POP1950":null,"ADM0CAP":0,"ADM0NAME":"Germany","ADM1NAME":"Nordrhein-Westfalen","WIKIDATA":"Q10903"},"geometry":{"type":"Point","coordinates":[7.9725,51.17306]}},
{"type":"Feature","properties":{"NAME":"Brackenheim","NAME_DE":"Brackenheim","NAME_EN":"Brackenheim","NAME_IT":"Brackenheim","POP_MAX":16712,"POP_YEAR":"2025","POP1950":null,"ADM0CAP":0,"ADM0NAME":"Germany","ADM1NAME":"Baden-Württemberg","WIKIDATA":"Q53751"},"geometry":{"type":"Point","coordinates":[9.06667,49.08333]}},
{"type":"Feature","properties":{"NAME":"Gunzenhausen","NAME_DE":"Gunzenhausen","NAME_EN":"Gunzenhausen","NAME_IT":"Gunzenhausen","POP_MAX":16698,"POP_YEAR":"2025","POP1950":null,"ADM0CAP":0,"ADM0NAME":"Germany","ADM1NAME":"Bayern","WIKIDATA":"Q503640"},"geometry":{"type":"Point","coordinates":[10.75417,49.11472]}},
{"type":"Feature","properties":{"NAME":"Bad Bentheim","NAME_DE":"Bad Bentheim","NAME_EN":"Bad Bentheim","NAME_IT":"Bad Bentheim","POP_MAX":16676,"POP_YEAR":"2025","POP1950":null,"ADM0CAP":0,"ADM0NAME":"Germany","ADM1NAME":"Niedersachsen","WIKIDATA":"Q574332"},"geometry":{"type":"Point","coordinates":[7.15972,52.30306]}},
{"type":"Feature","properties":{"NAME":"Blaustein","NAME_DE":"Blaustein","NAME_EN":"Blaustein","NAME_IT":"Blaustein","POP_MAX":16630,"POP_YEAR":"2025","POP1950":null,"ADM0CAP":0,"ADM0NAME":"Germany","ADM1NAME":"Baden-Württemberg","WIKIDATA":"Q535646"},"geometry":{"type":"Point","coordinates":[9.91889,48.41639]}},
{"type":"Feature","properties":{"NAME":"Breisach am Rhein","NAME_DE":"Breisach am Rhein","NAME_EN":"Breisach","NAME_IT":"Breisach am Rhein","POP_MAX":16617,"POP_YEAR":"2025","POP1950":null,"ADM0CAP":0,"ADM0NAME":"Germany","ADM1NAME":"Baden-Württemberg","WIKIDATA":"Q489911"},"geometry":{"type":"Point","coordinates":[7.58,48.02889]}},
{"type":"Feature","properties":{"NAME":"Bassum","NAME_DE":"Bassum","NAME_EN":"Bassum","NAME_IT":"Bassum","POP_MAX":16617,"POP_YEAR":"2025","POP1950":null,"ADM0CAP":0,"ADM0NAME":"Germany","ADM1NAME":"Niedersachsen","WIKIDATA":"Q501865"},"geometry":{"type":"Point","coordinates":[8.72667,52.84944]}},
{"type":"Feature","properties":{"NAME":"Eppelborn","NAME_DE":"Eppelborn","NAME_EN":"Eppelborn","NAME_IT":"Eppelborn","POP_MAX":16611,"POP_YEAR":"2025","POP1950":null,"ADM0CAP":0,"ADM0NAME":"Germany","ADM1NAME":"Saarland","WIKIDATA":"Q570286"},"geometry":{"type":"Point","coordinates":[6.9706,49.4022]}},
{"type":"Feature","properties":{"NAME":"Königstein im Taunus","NAME_DE":"Königstein im Taunus","NAME_EN":"Königstein im Taunus","NAME_IT":"Königstein im Taunus","POP_MAX":16600,"POP_YEAR":"2025","POP1950":null,"ADM0CAP":0,"ADM0NAME":"Germany","ADM1NAME":"Hessen","WIKIDATA":"Q569661"},"geometry":{"type":"Point","coordinates":[8.46354,50.18312]}},
{"type":"Feature","properties":{"NAME":"Heidenau","NAME_DE":"Heidenau","NAME_EN":"Heidenau","NAME_IT":"Heidenau","POP_MAX":16597,"POP_YEAR":"2025","POP1950":null,"ADM0CAP":0,"ADM0NAME":"Germany","ADM1NAME":"Sachsen","WIKIDATA":"Q6715"},"geometry":{"type":"Point","coordinates":[13.86667,50.98333]}},
{"type":"Feature","properties":{"NAME":"Poing","NAME_DE":"Poing","NAME_EN":"Poing","NAME_IT":"Poing","POP_MAX":16593,"POP_YEAR":"2025","POP1950":null,"ADM0CAP":0,"ADM0NAME":"Germany","ADM1NAME":"Bayern","WIKIDATA":"Q510276"},"geometry":{"type":"Point","coordinates":[11.81667,48.16667]}},
{"type":"Feature","properties":{"NAME":"Thale","NAME_DE":"Thale","NAME_EN":"Thale","NAME_IT":"Thale","POP_MAX":16591,"POP_YEAR":"2025","POP1950":null,"ADM0CAP":0,"ADM0NAME":"Germany","ADM1NAME":"Sachsen-Anhalt","WIKIDATA":"Q506460"},"geometry":{"type":"Point","coordinates":[11.04278,51.75111]}},
{"type":"Feature","properties":{"NAME":"Wardenburg","NAME_DE":"Wardenburg","NAME_EN":"Wardenburg","NAME_IT":"Wardenburg","POP_MAX":16585,"POP_YEAR":"2025","POP1950":null,"ADM0CAP":0,"ADM0NAME":"Germany","ADM1NAME":"Niedersachsen","WIKIDATA":"Q627741"},"geometry":{"type":"Point","coordinates":[8.19667,53.06167]}},
{"type":"Feature","properties":{"NAME":"Wiefelstede","NAME_DE":"Wiefelstede","NAME_EN":"Wiefelstede","NAME_IT":"Wiefelstede","POP_MAX":16538,"POP_YEAR":"2025","POP1950":null,"ADM0CAP":0,"ADM0NAME":"Germany","ADM1NAME":"Niedersachsen","WIKIDATA":"Q503388"},"geometry":{"type":"Point","coordinates":[8.11722,53.25806]}},
{"type":"Feature","properties":{"NAME":"Oyten","NAME_DE":"Oyten","NAME_EN":"Oyten","NAME_IT":"Oyten","POP_MAX":16509,"POP_YEAR":"2025","POP1950":null,"ADM0CAP":0,"ADM0NAME":"Germany","ADM1NAME":"Niedersachsen","WIKIDATA":"Q501642"},"geometry":{"type":"Point","coordinates":[9.01778,53.06111]}},
{"type":"Feature","properties":{"NAME":"Eilenburg","NAME_DE":"Eilenburg","NAME_EN":"Eilenburg","NAME_IT":"Eilenburg","POP_MAX":16507,"POP_YEAR":"2025","POP1950":null,"ADM0CAP":0,"ADM0NAME":"Germany","ADM1NAME":"Sachsen","WIKIDATA":"Q12055"},"geometry":{"type":"Point","coordinates":[12.63583,51.46083]}},
{"type":"Feature","properties":{"NAME":"Kronach","NAME_DE":"Kronach","NAME_EN":"Kronach","NAME_IT":"Kronach","POP_MAX":16497,"POP_YEAR":"2025","POP1950":null,"ADM0CAP":0,"ADM0NAME":"Germany","ADM1NAME":"Bayern","WIKIDATA":"Q494537"},"geometry":{"type":"Point","coordinates":[11.32806,50.24111]}},
{"type":"Feature","properties":{"NAME":"Simmerath","NAME_DE":"Simmerath","NAME_EN":"Simmerath","NAME_IT":"Simmerath","POP_MAX":16496,"POP_YEAR":"2025","POP1950":null,"ADM0CAP":0,"ADM0NAME":"Germany","ADM1NAME":"Nordrhein-Westfalen","WIKIDATA":"Q200836"},"geometry":{"type":"Point","coordinates":[6.29972,50.6]}},
{"type":"Feature","properties":{"NAME":"Preetz","NAME_DE":"Preetz","NAME_EN":"Preetz","NAME_IT":"Preetz","POP_MAX":16464,"POP_YEAR":"2025","POP1950":null,"ADM0CAP":0,"ADM0NAME":"Germany","ADM1NAME":"Schleswig-Holstein","WIKIDATA":"Q500171"},"geometry":{"type":"Point","coordinates":[10.28222,54.23667]}},
{"type":"Feature","properties":{"NAME":"Künzelsau","NAME_DE":"Künzelsau","NAME_EN":"Künzelsau","NAME_IT":"Künzelsau","POP_MAX":16457,"POP_YEAR":"2025","POP1950":null,"ADM0CAP":0,"ADM0NAME":"Germany","ADM1NAME":"Baden-Württemberg","WIKIDATA":"Q545177"},"geometry":{"type":"Point","coordinates":[9.69015,49.28038]}},
{"type":"Feature","properties":{"NAME":"Straelen","NAME_DE":"Straelen","NAME_EN":"Straelen","NAME_IT":"Straelen","POP_MAX":16454,"POP_YEAR":"2025","POP1950":null,"ADM0CAP":0,"ADM0NAME":"Germany","ADM1NAME":"Nordrhein-Westfalen","WIKIDATA":"Q8856"},"geometry":{"type":"Point","coordinates":[6.26667,51.45]}},
{"type":"Feature","properties":{"NAME":"Ginsheim-Gustavsburg","NAME_DE":"Ginsheim-Gustavsburg","NAME_EN":"Ginsheim-Gustavsburg","NAME_IT":"Ginsheim-Gustavsburg","POP_MAX":16452,"POP_YEAR":"2025","POP1950":null,"ADM0CAP":0,"ADM0NAME":"Germany","ADM1NAME":"Hessen","WIKIDATA":"Q639519"},"geometry":{"type":"Point","coordinates":[8.34639,49.96458]}},
{"type":"Feature","properties":{"NAME":"Wadern","NAME_DE":"Wadern","NAME_EN":"Wadern","NAME_IT":"Wadern","POP_MAX":16415,"POP_YEAR":"2025","POP1950":null,"ADM0CAP":0,"ADM0NAME":"Germany","ADM1NAME":"Saarland","WIKIDATA":"Q529164"},"geometry":{"type":"Point","coordinates":[6.89,49.53944]}},
{"type":"Feature","properties":{"NAME":"Losheim am See","NAME_DE":"Losheim am See","NAME_EN":"Losheim am See","NAME_IT":"Losheim am See","POP_MAX":16415,"POP_YEAR":"2025","POP1950":null,"ADM0CAP":0,"ADM0NAME":"Germany","ADM1NAME":"Saarland","WIKIDATA":"Q629682"},"geometry":{"type":"Point","coordinates":[6.75,49.51667]}},
{"type":"Feature","properties":{"NAME":"Wendelstein","NAME_DE":"Wendelstein","NAME_EN":"Wendelstein","NAME_IT":"Wendelstein","POP_MAX":16410,"POP_YEAR":"2025","POP1950":null,"ADM0CAP":0,"ADM0NAME":"Germany","ADM1NAME":"Bayern","WIKIDATA":"Q522236"},"geometry":{"type":"Point","coordinates":[11.14833,49.35361]}},
{"type":"Feature","properties":{"NAME":"Altena","NAME_DE":"Altena","NAME_EN":"Altena","NAME_IT":"Altena","POP_MAX":16403,"POP_YEAR":"2025","POP1950":null,"ADM0CAP":0,"ADM0NAME":"Germany","ADM1NAME":"Nordrhein-Westfalen","WIKIDATA":"Q5276"},"geometry":{"type":"Point","coordinates":[7.66667,51.3]}},
{"type":"Feature","properties":{"NAME":"Regenstauf","NAME_DE":"Regenstauf","NAME_EN":"Regenstauf","NAME_IT":"Regenstauf","POP_MAX":16390,"POP_YEAR":"2025","POP1950":null,"ADM0CAP":0,"ADM0NAME":"Germany","ADM1NAME":"Bayern","WIKIDATA":"Q491641"},"geometry":{"type":"Point","coordinates":[12.12833,49.12361]}},
{"type":"Feature","properties":{"NAME":"Bargteheide","NAME_DE":"Bargteheide","NAME_EN":"Bargteheide","NAME_IT":"Bargteheide","POP_MAX":16385,"POP_YEAR":"2025","POP1950":null,"ADM0CAP":0,"ADM0NAME":"Germany","ADM1NAME":"Schleswig-Holstein","WIKIDATA":"Q149921"},"geometry":{"type":"Point","coordinates":[10.26079,53.72863]}},
{"type":"Feature","properties":{"NAME":"Seeheim-Jugenheim","NAME_DE":"Seeheim-Jugenheim","NAME_EN":"Seeheim-Jugenheim","NAME_IT":"Seeheim-Jugenheim","POP_MAX":16376,"POP_YEAR":"2025","POP1950":null,"ADM0CAP":0,"ADM0NAME":"Germany","ADM1NAME":"Hessen","WIKIDATA":"Q574429"},"geometry":{"type":"Point","coordinates":[8.65,49.76667]}},
{"type":"Feature","properties":{"NAME":"Reinheim","NAME_DE":"Reinheim","NAME_EN":"Reinheim","NAME_IT":"Reinheim","POP_MAX":16372,"POP_YEAR":"2025","POP1950":null,"ADM0CAP":0,"ADM0NAME":"Germany","ADM1NAME":"Hessen","WIKIDATA":"Q122753"},"geometry":{"type":"Point","coordinates":[8.83479,49.82611]}},
{"type":"Feature","properties":{"NAME":"Herzebrock-Clarholz","NAME_DE":"Herzebrock-Clarholz","NAME_EN":"Herzebrock-Clarholz","NAME_IT":"Herzebrock-Clarholz","POP_MAX":16337,"POP_YEAR":"2025","POP1950":null,"ADM0CAP":0,"ADM0NAME":"Germany","ADM1NAME":"Nordrhein-Westfalen","WIKIDATA":"Q225120"},"geometry":{"type":"Point","coordinates":[8.23333,51.88333]}},
{"type":"Feature","properties":{"NAME":"Drensteinfurt","NAME_DE":"Drensteinfurt","NAME_EN":"Drensteinfurt","NAME_IT":"Drensteinfurt","POP_MAX":16311,"POP_YEAR":"2025","POP1950":null,"ADM0CAP":0,"ADM0NAME":"Germany","ADM1NAME":"Nordrhein-Westfalen","WIKIDATA":"Q2713"},"geometry":{"type":"Point","coordinates":[7.73917,51.79444]}},
{"type":"Feature","properties":{"NAME":"Stockelsdorf","NAME_DE":"Stockelsdorf","NAME_EN":"Stockelsdorf","NAME_IT":"Stockelsdorf","POP_MAX":16309,"POP_YEAR":"2025","POP1950":null,"ADM0CAP":0,"ADM0NAME":"Germany","ADM1NAME":"Schleswig-Holstein","WIKIDATA":"Q551818"},"geometry":{"type":"Point","coordinates":[10.65,53.88333]}},
{"type":"Feature","properties":{"NAME":"Kirchhain","NAME_DE":"Kirchhain","NAME_EN":"Kirchhain","NAME_IT":"Kirchhain","POP_MAX":16297,"POP_YEAR":"2025","POP1950":null,"ADM0CAP":0,"ADM0NAME":"Germany","ADM1NAME":"Hessen","WIKIDATA":"Q569684"},"geometry":{"type":"Point","coordinates":[8.91667,50.81667]}},
{"type":"Feature","properties":{"NAME":"Pocking","NAME_DE":"Pocking","NAME_EN":"Pocking","NAME_IT":"Pocking","POP_MAX":16296,"POP_YEAR":"2025","POP1950":null,"ADM0CAP":0,"ADM0NAME":"Germany","ADM1NAME":"Bayern","WIKIDATA":"Q279629"},"geometry":{"type":"Point","coordinates":[13.31667,48.39972]}},
{"type":"Feature","properties":{"NAME":"Bad Essen","NAME_DE":"Bad Essen","NAME_EN":"Bad Essen","NAME_IT":"Bad Essen","POP_MAX":16265,"POP_YEAR":"2025","POP1950":null,"ADM0CAP":0,"ADM0NAME":"Germany","ADM1NAME":"Niedersachsen","WIKIDATA":"Q554095"},"geometry":{"type":"Point","coordinates":[8.34,52.32139]}},
{"type":"Feature","properties":{"NAME":"Kirchlengern","NAME_DE":"Kirchlengern","NAME_EN":"Kirchlengern","NAME_IT":"Kirchlengern","POP_MAX":16263,"POP_YEAR":"2025","POP1950":null,"ADM0CAP":0,"ADM0NAME":"Germany","ADM1NAME":"Nordrhein-Westfalen","WIKIDATA":"Q53911"},"geometry":{"type":"Point","coordinates":[8.63306,52.2]}},
{"type":"Feature","properties":{"NAME":"Hille","NAME_DE":"Hille","NAME_EN":"Hille","NAME_IT":"Hille","POP_MAX":16242,"POP_YEAR":"2025","POP1950":null,"ADM0CAP":0,"ADM0NAME":"Germany","ADM1NAME":"Nordrhein-Westfalen","WIKIDATA":"Q182716"},"geometry":{"type":"Point","coordinates":[8.75,52.33306]}},
{"type":"Feature","properties":{"NAME":"Erwitte","NAME_DE":"Erwitte","NAME_EN":"Erwitte","NAME_IT":"Erwitte","POP_MAX":16225,"POP_YEAR":"2025","POP1950":null,"ADM0CAP":0,"ADM0NAME":"Germany","ADM1NAME":"Nordrhein-Westfalen","WIKIDATA":"Q11064"},"geometry":{"type":"Point","coordinates":[8.34972,51.61667]}},
{"type":"Feature","properties":{"NAME":"Walldorf","NAME_DE":"Walldorf","NAME_EN":"Walldorf","NAME_IT":"Walldorf","POP_MAX":16219,"POP_YEAR":"2025","POP1950":null,"ADM0CAP":0,"ADM0NAME":"Germany","ADM1NAME":"Baden-Württemberg","WIKIDATA":"Q22872"},"geometry":{"type":"Point","coordinates":[8.65,49.3]}},
{"type":"Feature","properties":{"NAME":"Brüggen","NAME_DE":"Brüggen","NAME_EN":"Brüggen","NAME_IT":"Brüggen","POP_MAX":16204,"POP_YEAR":"2025","POP1950":null,"ADM0CAP":0,"ADM0NAME":"Germany","ADM1NAME":"Nordrhein-Westfalen","WIKIDATA":"Q163693"},"geometry":{"type":"Point","coordinates":[6.18222,51.24167]}},
{"type":"Feature","properties":{"NAME":"Kierspe","NAME_DE":"Kierspe","NAME_EN":"Kierspe","NAME_IT":"Kierspe","POP_MAX":16192,"POP_YEAR":"2025","POP1950":null,"ADM0CAP":0,"ADM0NAME":"Germany","ADM1NAME":"Nordrhein-Westfalen","WIKIDATA":"Q5569"},"geometry":{"type":"Point","coordinates":[7.56667,51.13333]}},
{"type":"Feature","properties":{"NAME":"Sulzbach/Saar","NAME_DE":"Sulzbach/Saar","NAME_EN":"Sulzbach","NAME_IT":"Sulzbach/ Saar","POP_MAX":16191,"POP_YEAR":"2025","POP1950":null,"ADM0CAP":0,"ADM0NAME":"Germany","ADM1NAME":"Saarland","WIKIDATA":"Q616258"},"geometry":{"type":"Point","coordinates":[7.06667,49.28333]}},
{"type":"Feature","properties":{"NAME":"Holzkirchen","NAME_DE":"Holzkirchen","NAME_EN":"Holzkirchen","NAME_IT":"Holzkirchen","POP_MAX":16187,"POP_YEAR":"2025","POP1950":null,"ADM0CAP":0,"ADM0NAME":"Germany","ADM1NAME":"Bayern","WIKIDATA":"Q260479"},"geometry":{"type":"Point","coordinates":[11.7,47.88333]}},
{"type":"Feature","properties":{"NAME":"Halver","NAME_DE":"Halver","NAME_EN":"Halver","NAME_IT":"Halver","POP_MAX":16176,"POP_YEAR":"2025","POP1950":null,"ADM0CAP":0,"ADM0NAME":"Germany","ADM1NAME":"Nordrhein-Westfalen","WIKIDATA":"Q5567"},"geometry":{"type":"Point","coordinates":[7.5027,51.1834]}},
{"type":"Feature","properties":{"NAME":"Wurzen","NAME_DE":"Wurzen","NAME_EN":"Wurzen","NAME_IT":"Wurzen","POP_MAX":16159,"POP_YEAR":"2025","POP1950":null,"ADM0CAP":0,"ADM0NAME":"Germany","ADM1NAME":"Sachsen","WIKIDATA":"Q10784"},"geometry":{"type":"Point","coordinates":[12.73333,51.36667]}},
{"type":"Feature","properties":{"NAME":"Brakel","NAME_DE":"Brakel","NAME_EN":"Brakel","NAME_IT":"Brakel","POP_MAX":16152,"POP_YEAR":"2025","POP1950":null,"ADM0CAP":0,"ADM0NAME":"Germany","ADM1NAME":"Nordrhein-Westfalen","WIKIDATA":"Q242149"},"geometry":{"type":"Point","coordinates":[9.18333,51.71667]}},
{"type":"Feature","properties":{"NAME":"Karlsbad","NAME_DE":"Karlsbad","NAME_EN":"Karlsbad","NAME_IT":"Karlsbad","POP_MAX":16137,"POP_YEAR":"2025","POP1950":null,"ADM0CAP":0,"ADM0NAME":"Germany","ADM1NAME":"Baden-Württemberg","WIKIDATA":"Q542659"},"geometry":{"type":"Point","coordinates":[8.50639,48.91444]}},
{"type":"Feature","properties":{"NAME":"Rahden","NAME_DE":"Rahden","NAME_EN":"Rahden","NAME_IT":"Rahden","POP_MAX":16128,"POP_YEAR":"2025","POP1950":null,"ADM0CAP":0,"ADM0NAME":"Germany","ADM1NAME":"Nordrhein-Westfalen","WIKIDATA":"Q182979"},"geometry":{"type":"Point","coordinates":[8.61333,52.43278]}},
{"type":"Feature","properties":{"NAME":"Petersberg","NAME_DE":"Petersberg","NAME_EN":"Petersberg","NAME_IT":"Petersberg","POP_MAX":16080,"POP_YEAR":"2025","POP1950":null,"ADM0CAP":0,"ADM0NAME":"Germany","ADM1NAME":"Hessen","WIKIDATA":"Q285935"},"geometry":{"type":"Point","coordinates":[9.71667,50.56667]}},
{"type":"Feature","properties":{"NAME":"Markranstädt","NAME_DE":"Markranstädt","NAME_EN":"Markranstädt","NAME_IT":"Markranstädt","POP_MAX":16069,"POP_YEAR":"2025","POP1950":null,"ADM0CAP":0,"ADM0NAME":"Germany","ADM1NAME":"Sachsen","WIKIDATA":"Q10770"},"geometry":{"type":"Point","coordinates":[12.22111,51.30167]}},
{"type":"Feature","properties":{"NAME":"Stahnsdorf","NAME_DE":"Stahnsdorf","NAME_EN":"Stahnsdorf","NAME_IT":"Stahnsdorf","POP_MAX":16041,"POP_YEAR":"2025","POP1950":null,"ADM0CAP":0,"ADM0NAME":"Germany","ADM1NAME":"Brandenburg","WIKIDATA":"Q640426"},"geometry":{"type":"Point","coordinates":[13.21221,52.38134]}},
{"type":"Feature","properties":{"NAME":"Aue","NAME_DE":"Aue","NAME_EN":"Aue","NAME_IT":"Aue","POP_MAX":16012,"POP_YEAR":"2017","POP1950":null,"ADM0CAP":0,"ADM0NAME":"Germany","ADM1NAME":"Sachsen","WIKIDATA":"Q57948"},"geometry":{"type":"Point","coordinates":[12.70083,50.58528]}},
{"type":"Feature","properties":{"NAME":"Wendlingen am Neckar","NAME_DE":"Wendlingen am Neckar","NAME_EN":"Wendlingen am Neckar","NAME_IT":"Wendlingen am Neckar","POP_MAX":16002,"POP_YEAR":"2025","POP1950":null,"ADM0CAP":0,"ADM0NAME":"Germany","ADM1NAME":"Baden-Württemberg","WIKIDATA":"Q81860"},"geometry":{"type":"Point","coordinates":[9.38167,48.67472]}},
{"type":"Feature","properties":{"NAME":"Bad Arolsen","NAME_DE":"Bad Arolsen","NAME_EN":"Bad Arolsen","NAME_IT":"Bad Arolsen","POP_MAX":15998,"POP_YEAR":"2025","POP1950":null,"ADM0CAP":0,"ADM0NAME":"Germany","ADM1NAME":"Hessen","WIKIDATA":"Q498078"},"geometry":{"type":"Point","coordinates":[9.01667,51.37778]}},
{"type":"Feature","properties":{"NAME":"Loxstedt","NAME_DE":"Loxstedt","NAME_EN":"Loxstedt","NAME_IT":"Loxstedt","POP_MAX":15988,"POP_YEAR":"2025","POP1950":null,"ADM0CAP":0,"ADM0NAME":"Germany","ADM1NAME":"Niedersachsen","WIKIDATA":"Q509157"},"geometry":{"type":"Point","coordinates":[8.64792,53.46986]}},
{"type":"Feature","properties":{"NAME":"Neustadt in Holstein","NAME_DE":"Neustadt in Holstein","NAME_EN":"Neustadt in Holstein","NAME_IT":"Neustadt in Holstein","POP_MAX":15962,"POP_YEAR":"2025","POP1950":null,"ADM0CAP":0,"ADM0NAME":"Germany","ADM1NAME":"Schleswig-Holstein","WIKIDATA":"Q499861"},"geometry":{"type":"Point","coordinates":[10.81583,54.10722]}},
{"type":"Feature","properties":{"NAME":"Erlensee","NAME_DE":"Erlensee","NAME_EN":"Erlensee","NAME_IT":"Erlensee","POP_MAX":15959,"POP_YEAR":"2025","POP1950":null,"ADM0CAP":0,"ADM0NAME":"Germany","ADM1NAME":"Hessen","WIKIDATA":"Q287204"},"geometry":{"type":"Point","coordinates":[8.98083,50.16347]}},
{"type":"Feature","properties":{"NAME":"Marienberg","NAME_DE":"Marienberg","NAME_EN":"Marienberg","NAME_IT":"Marienberg","POP_MAX":15948,"POP_YEAR":"2025","POP1950":null,"ADM0CAP":0,"ADM0NAME":"Germany","ADM1NAME":"Sachsen","WIKIDATA":"Q57951"},"geometry":{"type":"Point","coordinates":[13.16472,50.65083]}},
{"type":"Feature","properties":{"NAME":"Illingen","NAME_DE":"Illingen","NAME_EN":"Illingen","NAME_IT":"Illingen","POP_MAX":15932,"POP_YEAR":"2025","POP1950":null,"ADM0CAP":0,"ADM0NAME":"Germany","ADM1NAME":"Saarland","WIKIDATA":"Q517653"},"geometry":{"type":"Point","coordinates":[7.05251,49.37644]}},
{"type":"Feature","properties":{"NAME":"Kernen im Remstal","NAME_DE":"Kernen im Remstal","NAME_EN":"Kernen im Remstal","NAME_IT":"Kernen im Remstal","POP_MAX":15907,"POP_YEAR":"2025","POP1950":null,"ADM0CAP":0,"ADM0NAME":"Germany","ADM1NAME":"Baden-Württemberg","WIKIDATA":"Q81368"},"geometry":{"type":"Point","coordinates":[9.32167,48.80667]}},
{"type":"Feature","properties":{"NAME":"Rüdersdorf bei Berlin","NAME_DE":"Rüdersdorf bei Berlin","NAME_EN":"Rüdersdorf bei Berlin","NAME_IT":"Rüdersdorf bei Berlin","POP_MAX":15898,"POP_YEAR":"2025","POP1950":null,"ADM0CAP":0,"ADM0NAME":"Germany","ADM1NAME":"Brandenburg","WIKIDATA":"Q39791"},"geometry":{"type":"Point","coordinates":[13.78608,52.47042]}},
{"type":"Feature","properties":{"NAME":"Hude","NAME_DE":"Hude","NAME_EN":"Hude","NAME_IT":"Hude (Oldb)","POP_MAX":15842,"POP_YEAR":"2025","POP1950":null,"ADM0CAP":0,"ADM0NAME":"Germany","ADM1NAME":"Niedersachsen","WIKIDATA":"Q703497"},"geometry":{"type":"Point","coordinates":[8.4625,53.11111]}},
{"type":"Feature","properties":{"NAME":"Schiffweiler","NAME_DE":"Schiffweiler","NAME_EN":"Schiffweiler","NAME_IT":"Schiffweiler","POP_MAX":15832,"POP_YEAR":"2025","POP1950":null,"ADM0CAP":0,"ADM0NAME":"Germany","ADM1NAME":"Saarland","WIKIDATA":"Q631957"},"geometry":{"type":"Point","coordinates":[7.12889,49.37083]}},
{"type":"Feature","properties":{"NAME":"Taucha","NAME_DE":"Taucha","NAME_EN":"Taucha","NAME_IT":"Taucha","POP_MAX":15815,"POP_YEAR":"2025","POP1950":null,"ADM0CAP":0,"ADM0NAME":"Germany","ADM1NAME":"Sachsen","WIKIDATA":"Q12050"},"geometry":{"type":"Point","coordinates":[12.49361,51.38]}},
{"type":"Feature","properties":{"NAME":"Dieburg","NAME_DE":"Dieburg","NAME_EN":"Dieburg","NAME_IT":"Dieburg","POP_MAX":15791,"POP_YEAR":"2025","POP1950":null,"ADM0CAP":0,"ADM0NAME":"Germany","ADM1NAME":"Hessen","WIKIDATA":"Q525493"},"geometry":{"type":"Point","coordinates":[8.83847,49.89847]}},
{"type":"Feature","properties":{"NAME":"Ascheberg","NAME_DE":"Ascheberg","NAME_EN":"Ascheberg","NAME_IT":"Ascheberg","POP_MAX":15780,"POP_YEAR":"2025","POP1950":null,"ADM0CAP":0,"ADM0NAME":"Germany","ADM1NAME":"Nordrhein-Westfalen","WIKIDATA":"Q14921"},"geometry":{"type":"Point","coordinates":[7.62,51.78889]}},
{"type":"Feature","properties":{"NAME":"Großostheim","NAME_DE":"Großostheim","NAME_EN":"Großostheim","NAME_IT":"Großostheim","POP_MAX":15762,"POP_YEAR":"2025","POP1950":null,"ADM0CAP":0,"ADM0NAME":"Germany","ADM1NAME":"Bayern","WIKIDATA":"Q504246"},"geometry":{"type":"Point","coordinates":[9.08333,49.91667]}},
{"type":"Feature","properties":{"NAME":"Lübbenau/Spreewald","NAME_DE":"Lübbenau/Spreewald","NAME_EN":"Lübbenau/Spreewald","NAME_IT":"Lübbenau/Spreewald","POP_MAX":15729,"POP_YEAR":"2025","POP1950":null,"ADM0CAP":0,"ADM0NAME":"Germany","ADM1NAME":"Brandenburg","WIKIDATA":"Q147895"},"geometry":{"type":"Point","coordinates":[13.96883,51.86787]}},
{"type":"Feature","properties":{"NAME":"Odenthal","NAME_DE":"Odenthal","NAME_EN":"Odenthal","NAME_IT":"Odenthal","POP_MAX":15728,"POP_YEAR":"2025","POP1950":null,"ADM0CAP":0,"ADM0NAME":"Germany","ADM1NAME":"Nordrhein-Westfalen","WIKIDATA":"Q245466"},"geometry":{"type":"Point","coordinates":[7.11667,51.03333]}},
{"type":"Feature","properties":{"NAME":"Eppelheim","NAME_DE":"Eppelheim","NAME_EN":"Eppelheim","NAME_IT":"Eppelheim","POP_MAX":15706,"POP_YEAR":"2025","POP1950":null,"ADM0CAP":0,"ADM0NAME":"Germany","ADM1NAME":"Baden-Württemberg","WIKIDATA":"Q82539"},"geometry":{"type":"Point","coordinates":[8.62972,49.40111]}},
{"type":"Feature","properties":{"NAME":"Schlüchtern","NAME_DE":"Schlüchtern","NAME_EN":"Schlüchtern","NAME_IT":"Schlüchtern","POP_MAX":15692,"POP_YEAR":"2025","POP1950":null,"ADM0CAP":0,"ADM0NAME":"Germany","ADM1NAME":"Hessen","WIKIDATA":"Q569671"},"geometry":{"type":"Point","coordinates":[9.51667,50.35]}},
{"type":"Feature","properties":{"NAME":"Boppard","NAME_DE":"Boppard","NAME_EN":"Boppard","NAME_IT":"Boppard","POP_MAX":15665,"POP_YEAR":"2025","POP1950":null,"ADM0CAP":0,"ADM0NAME":"Germany","ADM1NAME":"Rheinland-Pfalz","WIKIDATA":"Q521148"},"geometry":{"type":"Point","coordinates":[7.59083,50.23139]}},
{"type":"Feature","properties":{"NAME":"Zeulenroda-Triebes","NAME_DE":"Zeulenroda-Triebes","NAME_EN":"Zeulenroda-Triebes","NAME_IT":"Zeulenroda-Triebes","POP_MAX":15624,"POP_YEAR":"2025","POP1950":null,"ADM0CAP":0,"ADM0NAME":"Germany","ADM1NAME":"Thüringen","WIKIDATA":"Q62268"},"geometry":{"type":"Point","coordinates":[11.98056,50.64861]}},
{"type":"Feature","properties":{"NAME":"Guben","NAME_DE":"Guben","NAME_EN":"Guben","NAME_IT":"Guben","POP_MAX":15613,"POP_YEAR":"2025","POP1950":null,"ADM0CAP":0,"ADM0NAME":"Germany","ADM1NAME":"Brandenburg","WIKIDATA":"Q494747"},"geometry":{"type":"Point","coordinates":[14.7143,51.95042]}},
{"type":"Feature","properties":{"NAME":"Stadtbergen","NAME_DE":"Stadtbergen","NAME_EN":"Stadtbergen","NAME_IT":"Stadtbergen","POP_MAX":15595,"POP_YEAR":"2025","POP1950":null,"ADM0CAP":0,"ADM0NAME":"Germany","ADM1NAME":"Bayern","WIKIDATA":"Q503300"},"geometry":{"type":"Point","coordinates":[10.85,48.36667]}},
{"type":"Feature","properties":{"NAME":"Usingen","NAME_DE":"Usingen","NAME_EN":"Usingen","NAME_IT":"Usingen","POP_MAX":15589,"POP_YEAR":"2025","POP1950":null,"ADM0CAP":0,"ADM0NAME":"Germany","ADM1NAME":"Hessen","WIKIDATA":"Q622565"},"geometry":{"type":"Point","coordinates":[8.53722,50.33403]}},
{"type":"Feature","properties":{"NAME":"Bitburg","NAME_DE":"Bitburg","NAME_EN":"Bitburg","NAME_IT":"Bitburg","POP_MAX":15559,"POP_YEAR":"2025","POP1950":null,"ADM0CAP":0,"ADM0NAME":"Germany","ADM1NAME":"Rheinland-Pfalz","WIKIDATA":"Q258974"},"geometry":{"type":"Point","coordinates":[6.52556,49.97472]}},
{"type":"Feature","properties":{"NAME":"Ebersbach an der Fils","NAME_DE":"Ebersbach an der Fils","NAME_EN":"Ebersbach an der Fils","NAME_IT":"Ebersbach an der Fils","POP_MAX":15550,"POP_YEAR":"2025","POP1950":null,"ADM0CAP":0,"ADM0NAME":"Germany","ADM1NAME":"Baden-Württemberg","WIKIDATA":"Q80844"},"geometry":{"type":"Point","coordinates":[9.52361,48.71472]}},
{"type":"Feature","properties":{"NAME":"Templin","NAME_DE":"Templin","NAME_EN":"Templin","NAME_IT":"Templin","POP_MAX":15532,"POP_YEAR":"2025","POP1950":null,"ADM0CAP":0,"ADM0NAME":"Germany","ADM1NAME":"Brandenburg","WIKIDATA":"Q519157"},"geometry":{"type":"Point","coordinates":[13.50826,53.12169]}},
{"type":"Feature","properties":{"NAME":"Großenkneten","NAME_DE":"Großenkneten","NAME_EN":"Großenkneten","NAME_IT":"Großenkneten","POP_MAX":15528,"POP_YEAR":"2025","POP1950":null,"ADM0CAP":0,"ADM0NAME":"Germany","ADM1NAME":"Niedersachsen","WIKIDATA":"Q570266"},"geometry":{"type":"Point","coordinates":[8.26667,52.95]}},
{"type":"Feature","properties":{"NAME":"Altdorf bei Nürnberg","NAME_DE":"Altdorf bei Nürnberg","NAME_EN":"Altdorf bei Nürnberg","NAME_IT":"Altdorf bei Nürnberg","POP_MAX":15527,"POP_YEAR":"2025","POP1950":null,"ADM0CAP":0,"ADM0NAME":"Germany","ADM1NAME":"Bayern","WIKIDATA":"Q435295"},"geometry":{"type":"Point","coordinates":[11.35694,49.3875]}},
{"type":"Feature","properties":{"NAME":"Finsterwalde","NAME_DE":"Finsterwalde","NAME_EN":"Finsterwalde","NAME_IT":"Finsterwalde","POP_MAX":15488,"POP_YEAR":"2025","POP1950":null,"ADM0CAP":0,"ADM0NAME":"Germany","ADM1NAME":"Brandenburg","WIKIDATA":"Q588905"},"geometry":{"type":"Point","coordinates":[13.71021,51.62824]}},
{"type":"Feature","properties":{"NAME":"Ratekau","NAME_DE":"Ratekau","NAME_EN":"Ratekau","NAME_IT":"Ratekau","POP_MAX":15484,"POP_YEAR":"2025","POP1950":null,"ADM0CAP":0,"ADM0NAME":"Germany","ADM1NAME":"Schleswig-Holstein","WIKIDATA":"Q629480"},"geometry":{"type":"Point","coordinates":[10.73333,53.95]}},
{"type":"Feature","properties":{"NAME":"Freiberg am Neckar","NAME_DE":"Freiberg am Neckar","NAME_EN":"Freiberg am Neckar","NAME_IT":"Freiberg am Neckar","POP_MAX":15482,"POP_YEAR":"2025","POP1950":null,"ADM0CAP":0,"ADM0NAME":"Germany","ADM1NAME":"Baden-Württemberg","WIKIDATA":"Q61840"},"geometry":{"type":"Point","coordinates":[9.19167,48.93472]}},
{"type":"Feature","properties":{"NAME":"Schwalbach am Taunus","NAME_DE":"Schwalbach am Taunus","NAME_EN":"Schwalbach am Taunus","NAME_IT":"Schwalbach am Taunus","POP_MAX":15474,"POP_YEAR":"2025","POP1950":null,"ADM0CAP":0,"ADM0NAME":"Germany","ADM1NAME":"Hessen","WIKIDATA":"Q632432"},"geometry":{"type":"Point","coordinates":[8.52882,50.15417]}},
{"type":"Feature","properties":{"NAME":"Gehrden","NAME_DE":"Gehrden","NAME_EN":"Gehrden","NAME_IT":"Gehrden","POP_MAX":15435,"POP_YEAR":"2025","POP1950":null,"ADM0CAP":0,"ADM0NAME":"Germany","ADM1NAME":"Niedersachsen","WIKIDATA":"Q549864"},"geometry":{"type":"Point","coordinates":[9.60084,52.31349]}},
{"type":"Feature","properties":{"NAME":"Garrel","NAME_DE":"Garrel","NAME_EN":"Garrel","NAME_IT":"Garrel","POP_MAX":15407,"POP_YEAR":"2025","POP1950":null,"ADM0CAP":0,"ADM0NAME":"Germany","ADM1NAME":"Niedersachsen","WIKIDATA":"Q559605"},"geometry":{"type":"Point","coordinates":[8.02528,52.95806]}},
{"type":"Feature","properties":{"NAME":"Bad Neustadt an der Saale","NAME_DE":"Bad Neustadt an der Saale","NAME_EN":"Bad Neustadt an der Saale","NAME_IT":"Bad Neustadt a.d.Saale","POP_MAX":15405,"POP_YEAR":"2025","POP1950":null,"ADM0CAP":0,"ADM0NAME":"Germany","ADM1NAME":"Bayern","WIKIDATA":"Q311098"},"geometry":{"type":"Point","coordinates":[10.21611,50.32194]}},
{"type":"Feature","properties":{"NAME":"Blomberg","NAME_DE":"Blomberg","NAME_EN":"Blomberg","NAME_IT":"Blomberg","POP_MAX":15367,"POP_YEAR":"2025","POP1950":null,"ADM0CAP":0,"ADM0NAME":"Germany","ADM1NAME":"Nordrhein-Westfalen","WIKIDATA":"Q168646"},"geometry":{"type":"Point","coordinates":[9.08306,51.93306]}},
{"type":"Feature","properties":{"NAME":"Bad Bramstedt","NAME_DE":"Bad Bramstedt","NAME_EN":"Bad Bramstedt","NAME_IT":"Bad Bramstedt","POP_MAX":15363,"POP_YEAR":"2025","POP1950":null,"ADM0CAP":0,"ADM0NAME":"Germany","ADM1NAME":"Schleswig-Holstein","WIKIDATA":"Q523987"},"geometry":{"type":"Point","coordinates":[9.88444,53.91861]}},
{"type":"Feature","properties":{"NAME":"Petershagen/Eggersdorf","NAME_DE":"Petershagen/Eggersdorf","NAME_EN":"Petershagen-Eggersdorf","NAME_IT":"Petershagen/Eggersdorf","POP_MAX":15360,"POP_YEAR":"2025","POP1950":null,"ADM0CAP":0,"ADM0NAME":"Germany","ADM1NAME":"Brandenburg","WIKIDATA":"Q581905"},"geometry":{"type":"Point","coordinates":[13.81689,52.53855]}},
{"type":"Feature","properties":{"NAME":"Langenau","NAME_DE":"Langenau","NAME_EN":"Langenau","NAME_IT":"Langenau","POP_MAX":15359,"POP_YEAR":"2025","POP1950":null,"ADM0CAP":0,"ADM0NAME":"Germany","ADM1NAME":"Baden-Württemberg","WIKIDATA":"Q559520"},"geometry":{"type":"Point","coordinates":[10.12111,48.49944]}},
{"type":"Feature","properties":{"NAME":"Marbach am Neckar","NAME_DE":"Marbach am Neckar","NAME_EN":"Marbach am Neckar","NAME_IT":"Marbach am Neckar","POP_MAX":15348,"POP_YEAR":"2025","POP1950":null,"ADM0CAP":0,"ADM0NAME":"Germany","ADM1NAME":"Baden-Württemberg","WIKIDATA":"Q61890"},"geometry":{"type":"Point","coordinates":[9.2575,48.94056]}},
{"type":"Feature","properties":{"NAME":"Füssen","NAME_DE":"Füssen","NAME_EN":"Füssen","NAME_IT":"Füssen","POP_MAX":15334,"POP_YEAR":"2025","POP1950":null,"ADM0CAP":0,"ADM0NAME":"Germany","ADM1NAME":"Bayern","WIKIDATA":"Q262684"},"geometry":{"type":"Point","coordinates":[10.7,47.56667]}},
{"type":"Feature","properties":{"NAME":"Sandhausen","NAME_DE":"Sandhausen","NAME_EN":"Sandhausen","NAME_IT":"Sandhausen","POP_MAX":15331,"POP_YEAR":"2025","POP1950":null,"ADM0CAP":0,"ADM0NAME":"Germany","ADM1NAME":"Baden-Württemberg","WIKIDATA":"Q22960"},"geometry":{"type":"Point","coordinates":[8.65806,49.34389]}},
{"type":"Feature","properties":{"NAME":"Mering","NAME_DE":"Mering","NAME_EN":"Mering","NAME_IT":"Mering","POP_MAX":15329,"POP_YEAR":"2025","POP1950":null,"ADM0CAP":0,"ADM0NAME":"Germany","ADM1NAME":"Bayern","WIKIDATA":"Q275579"},"geometry":{"type":"Point","coordinates":[10.98444,48.2625]}},
{"type":"Feature","properties":{"NAME":"Ribnitz-Damgarten","NAME_DE":"Ribnitz-Damgarten","NAME_EN":"Ribnitz-Damgarten","NAME_IT":"Ribnitz-Damgarten","POP_MAX":15297,"POP_YEAR":"2025","POP1950":null,"ADM0CAP":0,"ADM0NAME":"Germany","ADM1NAME":"Mecklenburg-Vorpommern","WIKIDATA":"Q571959"},"geometry":{"type":"Point","coordinates":[12.46667,54.25]}},
{"type":"Feature","properties":{"NAME":"Mindelheim","NAME_DE":"Mindelheim","NAME_EN":"Mindelheim","NAME_IT":"Mindelheim","POP_MAX":15296,"POP_YEAR":"2025","POP1950":null,"ADM0CAP":0,"ADM0NAME":"Germany","ADM1NAME":"Bayern","WIKIDATA":"Q518579"},"geometry":{"type":"Point","coordinates":[10.49152,48.05313]}},
{"type":"Feature","properties":{"NAME":"Königslutter am Elm","NAME_DE":"Königslutter am Elm","NAME_EN":"Königslutter am Elm","NAME_IT":"Königslutter am Elm","POP_MAX":15293,"POP_YEAR":"2025","POP1950":null,"ADM0CAP":0,"ADM0NAME":"Germany","ADM1NAME":"Niedersachsen","WIKIDATA":"Q39596"},"geometry":{"type":"Point","coordinates":[10.81667,52.25]}},
{"type":"Feature","properties":{"NAME":"Alsfeld","NAME_DE":"Alsfeld","NAME_EN":"Alsfeld","NAME_IT":"Alsfeld","POP_MAX":15279,"POP_YEAR":"2025","POP1950":null,"ADM0CAP":0,"ADM0NAME":"Germany","ADM1NAME":"Hessen","WIKIDATA":"Q488314"},"geometry":{"type":"Point","coordinates":[9.27111,50.75111]}},
{"type":"Feature","properties":{"NAME":"Mainburg","NAME_DE":"Mainburg","NAME_EN":"Mainburg","NAME_IT":"Mainburg","POP_MAX":15279,"POP_YEAR":"2025","POP1950":null,"ADM0CAP":0,"ADM0NAME":"Germany","ADM1NAME":"Bayern","WIKIDATA":"Q503661"},"geometry":{"type":"Point","coordinates":[11.78333,48.65]}},
{"type":"Feature","properties":{"NAME":"Grenzach-Wyhlen","NAME_DE":"Grenzach-Wyhlen","NAME_EN":"Grenzach-Wyhlen","NAME_IT":"Grenzach-Wyhlen","POP_MAX":15262,"POP_YEAR":"2025","POP1950":null,"ADM0CAP":0,"ADM0NAME":"Germany","ADM1NAME":"Baden-Württemberg","WIKIDATA":"Q62005"},"geometry":{"type":"Point","coordinates":[7.65917,47.55167]}},
{"type":"Feature","properties":{"NAME":"Baiersbronn","NAME_DE":"Baiersbronn","NAME_EN":"Baiersbronn","NAME_IT":"Baiersbronn","POP_MAX":15256,"POP_YEAR":"2025","POP1950":null,"ADM0CAP":0,"ADM0NAME":"Germany","ADM1NAME":"Baden-Württemberg","WIKIDATA":"Q81241"},"geometry":{"type":"Point","coordinates":[8.37111,48.50583]}},
{"type":"Feature","properties":{"NAME":"Weener","NAME_DE":"Weener","NAME_EN":"Weener","NAME_IT":"Weener","POP_MAX":15243,"POP_YEAR":"2025","POP1950":null,"ADM0CAP":0,"ADM0NAME":"Germany","ADM1NAME":"Niedersachsen","WIKIDATA":"Q504533"},"geometry":{"type":"Point","coordinates":[7.35639,53.16917]}},
{"type":"Feature","properties":{"NAME":"Michelstadt","NAME_DE":"Michelstadt","NAME_EN":"Michelstadt","NAME_IT":"Michelstadt","POP_MAX":15197,"POP_YEAR":"2025","POP1950":null,"ADM0CAP":0,"ADM0NAME":"Germany","ADM1NAME":"Hessen","WIKIDATA":"Q516517"},"geometry":{"type":"Point","coordinates":[9.00417,49.67861]}},
{"type":"Feature","properties":{"NAME":"Schwarzenberg/Erzgeb.","NAME_DE":"Schwarzenberg/Erzgeb.","NAME_EN":"Schwarzenberg","NAME_IT":"Schwarzenberg/Erzgebirge","POP_MAX":15158,"POP_YEAR":"2025","POP1950":null,"ADM0CAP":0,"ADM0NAME":"Germany","ADM1NAME":"Sachsen","WIKIDATA":"Q57953"},"geometry":{"type":"Point","coordinates":[12.77917,50.54528]}},
{"type":"Feature","properties":{"NAME":"Raunheim","NAME_DE":"Raunheim","NAME_EN":"Raunheim","NAME_IT":"Raunheim","POP_MAX":15155,"POP_YEAR":"2025","POP1950":null,"ADM0CAP":0,"ADM0NAME":"Germany","ADM1NAME":"Hessen","WIKIDATA":"Q623474"},"geometry":{"type":"Point","coordinates":[8.45,50.00972]}},
{"type":"Feature","properties":{"NAME":"Munster","NAME_DE":"Munster","NAME_EN":"Munster, Lower Saxony","NAME_IT":"Munster","POP_MAX":15146,"POP_YEAR":"2025","POP1950":null,"ADM0CAP":0,"ADM0NAME":"Germany","ADM1NAME":"Niedersachsen","WIKIDATA":"Q506599"},"geometry":{"type":"Point","coordinates":[10.09111,52.98861]}},
{"type":"Feature","properties":{"NAME":"Brake","NAME_DE":"Brake","NAME_EN":"Brake","NAME_IT":"Brake (Unterweser)","POP_MAX":15144,"POP_YEAR":"2025","POP1950":null,"ADM0CAP":0,"ADM0NAME":"Germany","ADM1NAME":"Niedersachsen","WIKIDATA":"Q501639"},"geometry":{"type":"Point","coordinates":[8.48333,53.33333]}},
{"type":"Feature","properties":{"NAME":"Schriesheim","NAME_DE":"Schriesheim","NAME_EN":"Schriesheim","NAME_IT":"Schriesheim","POP_MAX":15114,"POP_YEAR":"2025","POP1950":null,"ADM0CAP":0,"ADM0NAME":"Germany","ADM1NAME":"Baden-Württemberg","WIKIDATA":"Q83292"},"geometry":{"type":"Point","coordinates":[8.65917,49.47361]}},
{"type":"Feature","properties":{"NAME":"Witzenhausen","NAME_DE":"Witzenhausen","NAME_EN":"Witzenhausen","NAME_IT":"Witzenhausen","POP_MAX":15110,"POP_YEAR":"2025","POP1950":null,"ADM0CAP":0,"ADM0NAME":"Germany","ADM1NAME":"Hessen","WIKIDATA":"Q564827"},"geometry":{"type":"Point","coordinates":[9.85694,51.34167]}},
{"type":"Feature","properties":{"NAME":"Mühlenbecker Land","NAME_DE":"Mühlenbecker Land","NAME_EN":"Mühlenbecker Land","NAME_IT":"Mühlenbecker Land","POP_MAX":15090,"POP_YEAR":"2025","POP1950":null,"ADM0CAP":0,"ADM0NAME":"Germany","ADM1NAME":"Brandenburg","WIKIDATA":"Q581972"},"geometry":{"type":"Point","coordinates":[13.38054,52.66775]}},
{"type":"Feature","properties":{"NAME":"Grefrath","NAME_DE":"Grefrath","NAME_EN":"Grefrath","NAME_IT":"Grefrath","POP_MAX":15050,"POP_YEAR":"2025","POP1950":null,"ADM0CAP":0,"ADM0NAME":"Germany","ADM1NAME":"Nordrhein-Westfalen","WIKIDATA":"Q163772"},"geometry":{"type":"Point","coordinates":[6.34076,51.33628]}},
{"type":"Feature","properties":{"NAME":"Ober-Ramstadt","NAME_DE":"Ober-Ramstadt","NAME_EN":"Ober-Ramstadt","NAME_IT":"Ober-Ramstadt","POP_MAX":15039,"POP_YEAR":"2025","POP1950":null,"ADM0CAP":0,"ADM0NAME":"Germany","ADM1NAME":"Hessen","WIKIDATA":"Q569633"},"geometry":{"type":"Point","coordinates":[8.75,49.83333]}},
{"type":"Feature","properties":{"NAME":"Isny im Allgäu","NAME_DE":"Isny im Allgäu","NAME_EN":"Isny im Allgäu","NAME_IT":"Isny im Allgäu","POP_MAX":15015,"POP_YEAR":"2025","POP1950":null,"ADM0CAP":0,"ADM0NAME":"Germany","ADM1NAME":"Baden-Württemberg","WIKIDATA":"Q513446"},"geometry":{"type":"Point","coordinates":[10.03944,47.69194]}}
]}
